[0.201s] DEBUG:colcon:Command line arguments: ['/usr/bin/colcon', 'build']
[0.201s] DEBUG:colcon:Parsed command line arguments: Namespace(log_base=None, log_level=None, verb_name='build', build_base='build', install_base='install', merge_install=False, symlink_install=False, test_result_base=None, continue_on_error=False, executor='parallel', parallel_workers=8, event_handlers=None, ignore_user_meta=False, metas=['./colcon.meta'], base_paths=['.'], packages_ignore=None, packages_ignore_regex=None, paths=None, packages_up_to=None, packages_up_to_regex=None, packages_above=None, packages_above_and_dependencies=None, packages_above_depth=None, packages_select_by_dep=None, packages_skip_by_dep=None, packages_skip_up_to=None, packages_select_build_failed=False, packages_skip_build_finished=False, packages_select_test_failures=False, packages_skip_test_passed=False, packages_select=None, packages_skip=None, packages_select_regex=None, packages_skip_regex=None, packages_start=None, packages_end=None, allow_overriding=[], cmake_args=None, cmake_target=None, cmake_target_skip_unavailable=False, cmake_clean_cache=False, cmake_clean_first=False, cmake_force_configure=False, ament_cmake_args=None, catkin_cmake_args=None, catkin_skip_building_tests=False, mixin_files=None, mixin=None, verb_parser=<colcon_mixin.mixin.mixin_argument.MixinArgumentDecorator object at 0xffffa76d43d0>, verb_extension=<colcon_core.verb.build.BuildVerb object at 0xffffa769be50>, main=<bound method BuildVerb.main of <colcon_core.verb.build.BuildVerb object at 0xffffa769be50>>, mixin_verb=('build',))
[0.514s] Level 1:colcon.colcon_core.package_discovery:discover_packages(colcon_meta) check parameters
[0.514s] Level 1:colcon.colcon_core.package_discovery:discover_packages(recursive) check parameters
[0.514s] Level 1:colcon.colcon_core.package_discovery:discover_packages(ignore) check parameters
[0.514s] Level 1:colcon.colcon_core.package_discovery:discover_packages(path) check parameters
[0.514s] Level 1:colcon.colcon_core.package_discovery:discover_packages(colcon_meta) discover
[0.515s] Level 1:colcon.colcon_core.package_discovery:discover_packages(recursive) discover
[0.515s] INFO:colcon.colcon_core.package_discovery:Crawling recursively for packages in '/home/autopilot/ws/restackcell/ws_moveit2'
[0.515s] Level 1:colcon.colcon_core.package_identification:_identify(.) by extensions ['ignore', 'ignore_ament_install']
[0.515s] Level 1:colcon.colcon_core.package_identification:_identify(.) by extension 'ignore'
[0.515s] Level 1:colcon.colcon_core.package_identification:_identify(.) by extension 'ignore_ament_install'
[0.515s] Level 1:colcon.colcon_core.package_identification:_identify(.) by extensions ['colcon_pkg']
[0.515s] Level 1:colcon.colcon_core.package_identification:_identify(.) by extension 'colcon_pkg'
[0.515s] Level 1:colcon.colcon_core.package_identification:_identify(.) by extensions ['colcon_meta']
[0.516s] Level 1:colcon.colcon_core.package_identification:_identify(.) by extension 'colcon_meta'
[0.516s] Level 1:colcon.colcon_core.package_identification:_identify(.) by extensions ['ros']
[0.516s] Level 1:colcon.colcon_core.package_identification:_identify(.) by extension 'ros'
[0.536s] Level 1:colcon.colcon_core.package_identification:_identify(.) by extensions ['cmake', 'python']
[0.536s] Level 1:colcon.colcon_core.package_identification:_identify(.) by extension 'cmake'
[0.536s] Level 1:colcon.colcon_core.package_identification:_identify(.) by extension 'python'
[0.536s] Level 1:colcon.colcon_core.package_identification:_identify(.) by extensions ['python_setup_py']
[0.537s] Level 1:colcon.colcon_core.package_identification:_identify(.) by extension 'python_setup_py'
[0.537s] Level 1:colcon.colcon_core.package_identification:_identify(build) by extensions ['ignore', 'ignore_ament_install']
[0.537s] Level 1:colcon.colcon_core.package_identification:_identify(build) by extension 'ignore'
[0.538s] Level 1:colcon.colcon_core.package_identification:_identify(build) ignored
[0.538s] Level 1:colcon.colcon_core.package_identification:_identify(install) by extensions ['ignore', 'ignore_ament_install']
[0.538s] Level 1:colcon.colcon_core.package_identification:_identify(install) by extension 'ignore'
[0.539s] Level 1:colcon.colcon_core.package_identification:_identify(install) ignored
[0.539s] Level 1:colcon.colcon_core.package_identification:_identify(log) by extensions ['ignore', 'ignore_ament_install']
[0.540s] Level 1:colcon.colcon_core.package_identification:_identify(log) by extension 'ignore'
[0.540s] Level 1:colcon.colcon_core.package_identification:_identify(log) ignored
[0.540s] Level 1:colcon.colcon_core.package_identification:_identify(src) by extensions ['ignore', 'ignore_ament_install']
[0.540s] Level 1:colcon.colcon_core.package_identification:_identify(src) by extension 'ignore'
[0.541s] Level 1:colcon.colcon_core.package_identification:_identify(src) by extension 'ignore_ament_install'
[0.541s] Level 1:colcon.colcon_core.package_identification:_identify(src) by extensions ['colcon_pkg']
[0.541s] Level 1:colcon.colcon_core.package_identification:_identify(src) by extension 'colcon_pkg'
[0.541s] Level 1:colcon.colcon_core.package_identification:_identify(src) by extensions ['colcon_meta']
[0.541s] Level 1:colcon.colcon_core.package_identification:_identify(src) by extension 'colcon_meta'
[0.542s] Level 1:colcon.colcon_core.package_identification:_identify(src) by extensions ['ros']
[0.542s] Level 1:colcon.colcon_core.package_identification:_identify(src) by extension 'ros'
[0.542s] Level 1:colcon.colcon_core.package_identification:_identify(src) by extensions ['cmake', 'python']
[0.542s] Level 1:colcon.colcon_core.package_identification:_identify(src) by extension 'cmake'
[0.543s] Level 1:colcon.colcon_core.package_identification:_identify(src) by extension 'python'
[0.543s] Level 1:colcon.colcon_core.package_identification:_identify(src) by extensions ['python_setup_py']
[0.543s] Level 1:colcon.colcon_core.package_identification:_identify(src) by extension 'python_setup_py'
[0.543s] Level 1:colcon.colcon_core.package_identification:_identify(src/grid_snapper) by extensions ['ignore', 'ignore_ament_install']
[0.544s] Level 1:colcon.colcon_core.package_identification:_identify(src/grid_snapper) by extension 'ignore'
[0.544s] Level 1:colcon.colcon_core.package_identification:_identify(src/grid_snapper) by extension 'ignore_ament_install'
[0.544s] Level 1:colcon.colcon_core.package_identification:_identify(src/grid_snapper) by extensions ['colcon_pkg']
[0.544s] Level 1:colcon.colcon_core.package_identification:_identify(src/grid_snapper) by extension 'colcon_pkg'
[0.545s] Level 1:colcon.colcon_core.package_identification:_identify(src/grid_snapper) by extensions ['colcon_meta']
[0.545s] Level 1:colcon.colcon_core.package_identification:_identify(src/grid_snapper) by extension 'colcon_meta'
[0.545s] Level 1:colcon.colcon_core.package_identification:_identify(src/grid_snapper) by extensions ['ros']
[0.545s] Level 1:colcon.colcon_core.package_identification:_identify(src/grid_snapper) by extension 'ros'
[0.550s] DEBUG:colcon.colcon_core.package_identification:Package 'src/grid_snapper' with type 'ros.ament_python' and name 'grid_snapper'
[0.550s] Level 1:colcon.colcon_core.package_identification:_identify(src/interface_opcua) by extensions ['ignore', 'ignore_ament_install']
[0.550s] Level 1:colcon.colcon_core.package_identification:_identify(src/interface_opcua) by extension 'ignore'
[0.551s] Level 1:colcon.colcon_core.package_identification:_identify(src/interface_opcua) by extension 'ignore_ament_install'
[0.551s] Level 1:colcon.colcon_core.package_identification:_identify(src/interface_opcua) by extensions ['colcon_pkg']
[0.551s] Level 1:colcon.colcon_core.package_identification:_identify(src/interface_opcua) by extension 'colcon_pkg'
[0.551s] Level 1:colcon.colcon_core.package_identification:_identify(src/interface_opcua) by extensions ['colcon_meta']
[0.551s] Level 1:colcon.colcon_core.package_identification:_identify(src/interface_opcua) by extension 'colcon_meta'
[0.551s] Level 1:colcon.colcon_core.package_identification:_identify(src/interface_opcua) by extensions ['ros']
[0.551s] Level 1:colcon.colcon_core.package_identification:_identify(src/interface_opcua) by extension 'ros'
[0.553s] DEBUG:colcon.colcon_core.package_identification:Package 'src/interface_opcua' with type 'ros.ament_python' and name 'interface_opcua'
[0.553s] Level 1:colcon.colcon_core.package_identification:_identify(src/mockup_robot) by extensions ['ignore', 'ignore_ament_install']
[0.553s] Level 1:colcon.colcon_core.package_identification:_identify(src/mockup_robot) by extension 'ignore'
[0.553s] Level 1:colcon.colcon_core.package_identification:_identify(src/mockup_robot) by extension 'ignore_ament_install'
[0.553s] Level 1:colcon.colcon_core.package_identification:_identify(src/mockup_robot) by extensions ['colcon_pkg']
[0.553s] Level 1:colcon.colcon_core.package_identification:_identify(src/mockup_robot) by extension 'colcon_pkg'
[0.553s] Level 1:colcon.colcon_core.package_identification:_identify(src/mockup_robot) by extensions ['colcon_meta']
[0.553s] Level 1:colcon.colcon_core.package_identification:_identify(src/mockup_robot) by extension 'colcon_meta'
[0.554s] Level 1:colcon.colcon_core.package_identification:_identify(src/mockup_robot) by extensions ['ros']
[0.554s] Level 1:colcon.colcon_core.package_identification:_identify(src/mockup_robot) by extension 'ros'
[0.555s] DEBUG:colcon.colcon_core.package_identification:Package 'src/mockup_robot' with type 'ros.ament_cmake' and name 'mockup_robot'
[0.555s] Level 1:colcon.colcon_core.package_identification:_identify(src/moveit_backend) by extensions ['ignore', 'ignore_ament_install']
[0.555s] Level 1:colcon.colcon_core.package_identification:_identify(src/moveit_backend) by extension 'ignore'
[0.555s] Level 1:colcon.colcon_core.package_identification:_identify(src/moveit_backend) by extension 'ignore_ament_install'
[0.555s] Level 1:colcon.colcon_core.package_identification:_identify(src/moveit_backend) by extensions ['colcon_pkg']
[0.555s] Level 1:colcon.colcon_core.package_identification:_identify(src/moveit_backend) by extension 'colcon_pkg'
[0.556s] Level 1:colcon.colcon_core.package_identification:_identify(src/moveit_backend) by extensions ['colcon_meta']
[0.556s] Level 1:colcon.colcon_core.package_identification:_identify(src/moveit_backend) by extension 'colcon_meta'
[0.556s] Level 1:colcon.colcon_core.package_identification:_identify(src/moveit_backend) by extensions ['ros']
[0.556s] Level 1:colcon.colcon_core.package_identification:_identify(src/moveit_backend) by extension 'ros'
[0.557s] DEBUG:colcon.colcon_core.package_identification:Package 'src/moveit_backend' with type 'ros.ament_cmake' and name 'moveit_backend'
[0.557s] Level 1:colcon.colcon_core.package_identification:_identify(src/opcua-asyncio) by extensions ['ignore', 'ignore_ament_install']
[0.557s] Level 1:colcon.colcon_core.package_identification:_identify(src/opcua-asyncio) by extension 'ignore'
[0.558s] Level 1:colcon.colcon_core.package_identification:_identify(src/opcua-asyncio) by extension 'ignore_ament_install'
[0.558s] Level 1:colcon.colcon_core.package_identification:_identify(src/opcua-asyncio) by extensions ['colcon_pkg']
[0.558s] Level 1:colcon.colcon_core.package_identification:_identify(src/opcua-asyncio) by extension 'colcon_pkg'
[0.558s] Level 1:colcon.colcon_core.package_identification:_identify(src/opcua-asyncio) by extensions ['colcon_meta']
[0.558s] Level 1:colcon.colcon_core.package_identification:_identify(src/opcua-asyncio) by extension 'colcon_meta'
[0.558s] Level 1:colcon.colcon_core.package_identification:_identify(src/opcua-asyncio) by extensions ['ros']
[0.558s] Level 1:colcon.colcon_core.package_identification:_identify(src/opcua-asyncio) by extension 'ros'
[0.558s] Level 1:colcon.colcon_core.package_identification:_identify(src/opcua-asyncio) by extensions ['cmake', 'python']
[0.558s] Level 1:colcon.colcon_core.package_identification:_identify(src/opcua-asyncio) by extension 'cmake'
[0.558s] Level 1:colcon.colcon_core.package_identification:_identify(src/opcua-asyncio) by extension 'python'
[0.558s] Level 1:colcon.colcon_core.package_identification:_identify(src/opcua-asyncio) by extensions ['python_setup_py']
[0.559s] Level 1:colcon.colcon_core.package_identification:_identify(src/opcua-asyncio) by extension 'python_setup_py'
[0.559s] Level 1:colcon.colcon_core.package_identification:_identify(src/opcua_client) by extensions ['ignore', 'ignore_ament_install']
[0.559s] Level 1:colcon.colcon_core.package_identification:_identify(src/opcua_client) by extension 'ignore'
[0.559s] Level 1:colcon.colcon_core.package_identification:_identify(src/opcua_client) by extension 'ignore_ament_install'
[0.559s] Level 1:colcon.colcon_core.package_identification:_identify(src/opcua_client) by extensions ['colcon_pkg']
[0.559s] Level 1:colcon.colcon_core.package_identification:_identify(src/opcua_client) by extension 'colcon_pkg'
[0.559s] Level 1:colcon.colcon_core.package_identification:_identify(src/opcua_client) by extensions ['colcon_meta']
[0.559s] Level 1:colcon.colcon_core.package_identification:_identify(src/opcua_client) by extension 'colcon_meta'
[0.559s] Level 1:colcon.colcon_core.package_identification:_identify(src/opcua_client) by extensions ['ros']
[0.559s] Level 1:colcon.colcon_core.package_identification:_identify(src/opcua_client) by extension 'ros'
[0.561s] DEBUG:colcon.colcon_core.package_identification:Package 'src/opcua_client' with type 'ros.ament_python' and name 'opcua_client'
[0.561s] Level 1:colcon.colcon_core.package_identification:_identify(src/opcua_interfaces) by extensions ['ignore', 'ignore_ament_install']
[0.561s] Level 1:colcon.colcon_core.package_identification:_identify(src/opcua_interfaces) by extension 'ignore'
[0.561s] Level 1:colcon.colcon_core.package_identification:_identify(src/opcua_interfaces) by extension 'ignore_ament_install'
[0.561s] Level 1:colcon.colcon_core.package_identification:_identify(src/opcua_interfaces) by extensions ['colcon_pkg']
[0.561s] Level 1:colcon.colcon_core.package_identification:_identify(src/opcua_interfaces) by extension 'colcon_pkg'
[0.561s] Level 1:colcon.colcon_core.package_identification:_identify(src/opcua_interfaces) by extensions ['colcon_meta']
[0.562s] Level 1:colcon.colcon_core.package_identification:_identify(src/opcua_interfaces) by extension 'colcon_meta'
[0.562s] Level 1:colcon.colcon_core.package_identification:_identify(src/opcua_interfaces) by extensions ['ros']
[0.562s] Level 1:colcon.colcon_core.package_identification:_identify(src/opcua_interfaces) by extension 'ros'
[0.563s] DEBUG:colcon.colcon_core.package_identification:Package 'src/opcua_interfaces' with type 'ros.ament_cmake' and name 'opcua_interfaces'
[0.563s] Level 1:colcon.colcon_core.package_identification:_identify(src/robo_planner) by extensions ['ignore', 'ignore_ament_install']
[0.563s] Level 1:colcon.colcon_core.package_identification:_identify(src/robo_planner) by extension 'ignore'
[0.563s] Level 1:colcon.colcon_core.package_identification:_identify(src/robo_planner) by extension 'ignore_ament_install'
[0.563s] Level 1:colcon.colcon_core.package_identification:_identify(src/robo_planner) by extensions ['colcon_pkg']
[0.563s] Level 1:colcon.colcon_core.package_identification:_identify(src/robo_planner) by extension 'colcon_pkg'
[0.563s] Level 1:colcon.colcon_core.package_identification:_identify(src/robo_planner) by extensions ['colcon_meta']
[0.563s] Level 1:colcon.colcon_core.package_identification:_identify(src/robo_planner) by extension 'colcon_meta'
[0.564s] Level 1:colcon.colcon_core.package_identification:_identify(src/robo_planner) by extensions ['ros']
[0.564s] Level 1:colcon.colcon_core.package_identification:_identify(src/robo_planner) by extension 'ros'
[0.566s] DEBUG:colcon.colcon_core.package_identification:Package 'src/robo_planner' with type 'ros.ament_cmake' and name 'robo_planner'
[0.566s] Level 1:colcon.colcon_core.package_identification:_identify(src/robo_planner_msgs) by extensions ['ignore', 'ignore_ament_install']
[0.566s] Level 1:colcon.colcon_core.package_identification:_identify(src/robo_planner_msgs) by extension 'ignore'
[0.566s] Level 1:colcon.colcon_core.package_identification:_identify(src/robo_planner_msgs) by extension 'ignore_ament_install'
[0.566s] Level 1:colcon.colcon_core.package_identification:_identify(src/robo_planner_msgs) by extensions ['colcon_pkg']
[0.566s] Level 1:colcon.colcon_core.package_identification:_identify(src/robo_planner_msgs) by extension 'colcon_pkg'
[0.566s] Level 1:colcon.colcon_core.package_identification:_identify(src/robo_planner_msgs) by extensions ['colcon_meta']
[0.566s] Level 1:colcon.colcon_core.package_identification:_identify(src/robo_planner_msgs) by extension 'colcon_meta'
[0.567s] Level 1:colcon.colcon_core.package_identification:_identify(src/robo_planner_msgs) by extensions ['ros']
[0.567s] Level 1:colcon.colcon_core.package_identification:_identify(src/robo_planner_msgs) by extension 'ros'
[0.568s] DEBUG:colcon.colcon_core.package_identification:Package 'src/robo_planner_msgs' with type 'ros.catkin' and name 'robo_planner_msgs'
[0.568s] Level 1:colcon.colcon_core.package_identification:_identify(src/robo_planner_py) by extensions ['ignore', 'ignore_ament_install']
[0.568s] Level 1:colcon.colcon_core.package_identification:_identify(src/robo_planner_py) by extension 'ignore'
[0.568s] Level 1:colcon.colcon_core.package_identification:_identify(src/robo_planner_py) by extension 'ignore_ament_install'
[0.568s] Level 1:colcon.colcon_core.package_identification:_identify(src/robo_planner_py) by extensions ['colcon_pkg']
[0.568s] Level 1:colcon.colcon_core.package_identification:_identify(src/robo_planner_py) by extension 'colcon_pkg'
[0.568s] Level 1:colcon.colcon_core.package_identification:_identify(src/robo_planner_py) by extensions ['colcon_meta']
[0.568s] Level 1:colcon.colcon_core.package_identification:_identify(src/robo_planner_py) by extension 'colcon_meta'
[0.569s] Level 1:colcon.colcon_core.package_identification:_identify(src/robo_planner_py) by extensions ['ros']
[0.569s] Level 1:colcon.colcon_core.package_identification:_identify(src/robo_planner_py) by extension 'ros'
[0.570s] DEBUG:colcon.colcon_core.package_identification:Package 'src/robo_planner_py' with type 'ros.ament_python' and name 'robo_planner_py'
[0.570s] Level 1:colcon.colcon_core.package_identification:_identify(src/wzlscheduler_interfaces) by extensions ['ignore', 'ignore_ament_install']
[0.570s] Level 1:colcon.colcon_core.package_identification:_identify(src/wzlscheduler_interfaces) by extension 'ignore'
[0.570s] Level 1:colcon.colcon_core.package_identification:_identify(src/wzlscheduler_interfaces) by extension 'ignore_ament_install'
[0.570s] Level 1:colcon.colcon_core.package_identification:_identify(src/wzlscheduler_interfaces) by extensions ['colcon_pkg']
[0.570s] Level 1:colcon.colcon_core.package_identification:_identify(src/wzlscheduler_interfaces) by extension 'colcon_pkg'
[0.570s] Level 1:colcon.colcon_core.package_identification:_identify(src/wzlscheduler_interfaces) by extensions ['colcon_meta']
[0.570s] Level 1:colcon.colcon_core.package_identification:_identify(src/wzlscheduler_interfaces) by extension 'colcon_meta'
[0.570s] Level 1:colcon.colcon_core.package_identification:_identify(src/wzlscheduler_interfaces) by extensions ['ros']
[0.571s] Level 1:colcon.colcon_core.package_identification:_identify(src/wzlscheduler_interfaces) by extension 'ros'
[0.572s] DEBUG:colcon.colcon_core.package_identification:Package 'src/wzlscheduler_interfaces' with type 'ros.catkin' and name 'wzlscheduler_interfaces'
[0.572s] Level 1:colcon.colcon_core.package_discovery:discover_packages(recursive) using defaults
[0.572s] Level 1:colcon.colcon_core.package_discovery:discover_packages(ignore) discover
[0.572s] Level 1:colcon.colcon_core.package_discovery:discover_packages(ignore) using defaults
[0.572s] Level 1:colcon.colcon_core.package_discovery:discover_packages(path) discover
[0.572s] Level 1:colcon.colcon_core.package_discovery:discover_packages(path) using defaults
[0.642s] Level 1:colcon.colcon_core.package_discovery:discover_packages(prefix_path) check parameters
[0.642s] Level 1:colcon.colcon_core.package_discovery:discover_packages(prefix_path) discover
[0.647s] DEBUG:colcon.colcon_installed_package_information.package_discovery:Found 14 installed packages in /home/autopilot/ws/restackcell/ws_moveit2/install
[0.649s] DEBUG:colcon.colcon_installed_package_information.package_discovery:Found 343 installed packages in /opt/ros/humble
[0.652s] Level 1:colcon.colcon_core.package_discovery:discover_packages(prefix_path) using defaults
[0.726s] WARNING:colcon.colcon_core.package_selection:Some selected packages are already built in one or more underlay workspaces:
	'wzlscheduler_interfaces' is in: /home/autopilot/ws/restackcell/ws_moveit2/install/wzlscheduler_interfaces
If a package in a merged underlay workspace is overridden and it installs headers, then all packages in the overlay must sort their include directories by workspace order. Failure to do so may result in build failures or undefined behavior at run time.
If the overridden package is used by another package in any underlay, then the overriding package in the overlay must be API and ABI compatible or undefined behavior at run time may occur.

If you understand the risks and want to override a package anyways, add the following to the command line:
	--allow-overriding wzlscheduler_interfaces

This may be promoted to an error in a future release of colcon-override-check.
[0.728s] Level 5:colcon.colcon_core.verb:set package 'interface_opcua' build argument 'cmake_args' from command line to 'None'
[0.729s] Level 5:colcon.colcon_core.verb:set package 'interface_opcua' build argument 'cmake_target' from command line to 'None'
[0.729s] Level 5:colcon.colcon_core.verb:set package 'interface_opcua' build argument 'cmake_target_skip_unavailable' from command line to 'False'
[0.729s] Level 5:colcon.colcon_core.verb:set package 'interface_opcua' build argument 'cmake_clean_cache' from command line to 'False'
[0.729s] Level 5:colcon.colcon_core.verb:set package 'interface_opcua' build argument 'cmake_clean_first' from command line to 'False'
[0.730s] Level 5:colcon.colcon_core.verb:set package 'interface_opcua' build argument 'cmake_force_configure' from command line to 'False'
[0.730s] Level 5:colcon.colcon_core.verb:set package 'interface_opcua' build argument 'ament_cmake_args' from command line to 'None'
[0.730s] Level 5:colcon.colcon_core.verb:set package 'interface_opcua' build argument 'catkin_cmake_args' from command line to 'None'
[0.730s] Level 5:colcon.colcon_core.verb:set package 'interface_opcua' build argument 'catkin_skip_building_tests' from command line to 'False'
[0.730s] DEBUG:colcon.colcon_core.verb:Building package 'interface_opcua' with the following arguments: {'ament_cmake_args': None, 'build_base': '/home/autopilot/ws/restackcell/ws_moveit2/build/interface_opcua', 'catkin_cmake_args': None, 'catkin_skip_building_tests': False, 'cmake_args': None, 'cmake_clean_cache': False, 'cmake_clean_first': False, 'cmake_force_configure': False, 'cmake_target': None, 'cmake_target_skip_unavailable': False, 'install_base': '/home/autopilot/ws/restackcell/ws_moveit2/install/interface_opcua', 'merge_install': False, 'path': '/home/autopilot/ws/restackcell/ws_moveit2/src/interface_opcua', 'symlink_install': False, 'test_result_base': None}
[0.731s] Level 5:colcon.colcon_core.verb:set package 'opcua_interfaces' build argument 'cmake_args' from command line to 'None'
[0.731s] Level 5:colcon.colcon_core.verb:set package 'opcua_interfaces' build argument 'cmake_target' from command line to 'None'
[0.732s] Level 5:colcon.colcon_core.verb:set package 'opcua_interfaces' build argument 'cmake_target_skip_unavailable' from command line to 'False'
[0.732s] Level 5:colcon.colcon_core.verb:set package 'opcua_interfaces' build argument 'cmake_clean_cache' from command line to 'False'
[0.732s] Level 5:colcon.colcon_core.verb:set package 'opcua_interfaces' build argument 'cmake_clean_first' from command line to 'False'
[0.732s] Level 5:colcon.colcon_core.verb:set package 'opcua_interfaces' build argument 'cmake_force_configure' from command line to 'False'
[0.732s] Level 5:colcon.colcon_core.verb:set package 'opcua_interfaces' build argument 'ament_cmake_args' from command line to 'None'
[0.733s] Level 5:colcon.colcon_core.verb:set package 'opcua_interfaces' build argument 'catkin_cmake_args' from command line to 'None'
[0.733s] Level 5:colcon.colcon_core.verb:set package 'opcua_interfaces' build argument 'catkin_skip_building_tests' from command line to 'False'
[0.733s] DEBUG:colcon.colcon_core.verb:Building package 'opcua_interfaces' with the following arguments: {'ament_cmake_args': None, 'build_base': '/home/autopilot/ws/restackcell/ws_moveit2/build/opcua_interfaces', 'catkin_cmake_args': None, 'catkin_skip_building_tests': False, 'cmake_args': None, 'cmake_clean_cache': False, 'cmake_clean_first': False, 'cmake_force_configure': False, 'cmake_target': None, 'cmake_target_skip_unavailable': False, 'install_base': '/home/autopilot/ws/restackcell/ws_moveit2/install/opcua_interfaces', 'merge_install': False, 'path': '/home/autopilot/ws/restackcell/ws_moveit2/src/opcua_interfaces', 'symlink_install': False, 'test_result_base': None}
[0.734s] Level 5:colcon.colcon_core.verb:set package 'robo_planner_msgs' build argument 'cmake_args' from command line to 'None'
[0.734s] Level 5:colcon.colcon_core.verb:set package 'robo_planner_msgs' build argument 'cmake_target' from command line to 'None'
[0.734s] Level 5:colcon.colcon_core.verb:set package 'robo_planner_msgs' build argument 'cmake_target_skip_unavailable' from command line to 'False'
[0.735s] Level 5:colcon.colcon_core.verb:set package 'robo_planner_msgs' build argument 'cmake_clean_cache' from command line to 'False'
[0.735s] Level 5:colcon.colcon_core.verb:set package 'robo_planner_msgs' build argument 'cmake_clean_first' from command line to 'False'
[0.735s] Level 5:colcon.colcon_core.verb:set package 'robo_planner_msgs' build argument 'cmake_force_configure' from command line to 'False'
[0.735s] Level 5:colcon.colcon_core.verb:set package 'robo_planner_msgs' build argument 'ament_cmake_args' from command line to 'None'
[0.735s] Level 5:colcon.colcon_core.verb:set package 'robo_planner_msgs' build argument 'catkin_cmake_args' from command line to 'None'
[0.735s] Level 5:colcon.colcon_core.verb:set package 'robo_planner_msgs' build argument 'catkin_skip_building_tests' from command line to 'False'
[0.736s] DEBUG:colcon.colcon_core.verb:Building package 'robo_planner_msgs' with the following arguments: {'ament_cmake_args': None, 'build_base': '/home/autopilot/ws/restackcell/ws_moveit2/build/robo_planner_msgs', 'catkin_cmake_args': None, 'catkin_skip_building_tests': False, 'cmake_args': None, 'cmake_clean_cache': False, 'cmake_clean_first': False, 'cmake_force_configure': False, 'cmake_target': None, 'cmake_target_skip_unavailable': False, 'install_base': '/home/autopilot/ws/restackcell/ws_moveit2/install/robo_planner_msgs', 'merge_install': False, 'path': '/home/autopilot/ws/restackcell/ws_moveit2/src/robo_planner_msgs', 'symlink_install': False, 'test_result_base': None}
[0.737s] Level 5:colcon.colcon_core.verb:set package 'wzlscheduler_interfaces' build argument 'cmake_args' from command line to 'None'
[0.737s] Level 5:colcon.colcon_core.verb:set package 'wzlscheduler_interfaces' build argument 'cmake_target' from command line to 'None'
[0.737s] Level 5:colcon.colcon_core.verb:set package 'wzlscheduler_interfaces' build argument 'cmake_target_skip_unavailable' from command line to 'False'
[0.737s] Level 5:colcon.colcon_core.verb:set package 'wzlscheduler_interfaces' build argument 'cmake_clean_cache' from command line to 'False'
[0.737s] Level 5:colcon.colcon_core.verb:set package 'wzlscheduler_interfaces' build argument 'cmake_clean_first' from command line to 'False'
[0.737s] Level 5:colcon.colcon_core.verb:set package 'wzlscheduler_interfaces' build argument 'cmake_force_configure' from command line to 'False'
[0.738s] Level 5:colcon.colcon_core.verb:set package 'wzlscheduler_interfaces' build argument 'ament_cmake_args' from command line to 'None'
[0.738s] Level 5:colcon.colcon_core.verb:set package 'wzlscheduler_interfaces' build argument 'catkin_cmake_args' from command line to 'None'
[0.738s] Level 5:colcon.colcon_core.verb:set package 'wzlscheduler_interfaces' build argument 'catkin_skip_building_tests' from command line to 'False'
[0.738s] DEBUG:colcon.colcon_core.verb:Building package 'wzlscheduler_interfaces' with the following arguments: {'ament_cmake_args': None, 'build_base': '/home/autopilot/ws/restackcell/ws_moveit2/build/wzlscheduler_interfaces', 'catkin_cmake_args': None, 'catkin_skip_building_tests': False, 'cmake_args': None, 'cmake_clean_cache': False, 'cmake_clean_first': False, 'cmake_force_configure': False, 'cmake_target': None, 'cmake_target_skip_unavailable': False, 'install_base': '/home/autopilot/ws/restackcell/ws_moveit2/install/wzlscheduler_interfaces', 'merge_install': False, 'path': '/home/autopilot/ws/restackcell/ws_moveit2/src/wzlscheduler_interfaces', 'symlink_install': False, 'test_result_base': None}
[0.739s] Level 5:colcon.colcon_core.verb:set package 'grid_snapper' build argument 'cmake_args' from command line to 'None'
[0.739s] Level 5:colcon.colcon_core.verb:set package 'grid_snapper' build argument 'cmake_target' from command line to 'None'
[0.739s] Level 5:colcon.colcon_core.verb:set package 'grid_snapper' build argument 'cmake_target_skip_unavailable' from command line to 'False'
[0.739s] Level 5:colcon.colcon_core.verb:set package 'grid_snapper' build argument 'cmake_clean_cache' from command line to 'False'
[0.739s] Level 5:colcon.colcon_core.verb:set package 'grid_snapper' build argument 'cmake_clean_first' from command line to 'False'
[0.739s] Level 5:colcon.colcon_core.verb:set package 'grid_snapper' build argument 'cmake_force_configure' from command line to 'False'
[0.739s] Level 5:colcon.colcon_core.verb:set package 'grid_snapper' build argument 'ament_cmake_args' from command line to 'None'
[0.739s] Level 5:colcon.colcon_core.verb:set package 'grid_snapper' build argument 'catkin_cmake_args' from command line to 'None'
[0.739s] Level 5:colcon.colcon_core.verb:set package 'grid_snapper' build argument 'catkin_skip_building_tests' from command line to 'False'
[0.739s] DEBUG:colcon.colcon_core.verb:Building package 'grid_snapper' with the following arguments: {'ament_cmake_args': None, 'build_base': '/home/autopilot/ws/restackcell/ws_moveit2/build/grid_snapper', 'catkin_cmake_args': None, 'catkin_skip_building_tests': False, 'cmake_args': None, 'cmake_clean_cache': False, 'cmake_clean_first': False, 'cmake_force_configure': False, 'cmake_target': None, 'cmake_target_skip_unavailable': False, 'install_base': '/home/autopilot/ws/restackcell/ws_moveit2/install/grid_snapper', 'merge_install': False, 'path': '/home/autopilot/ws/restackcell/ws_moveit2/src/grid_snapper', 'symlink_install': False, 'test_result_base': None}
[0.740s] Level 5:colcon.colcon_core.verb:set package 'mockup_robot' build argument 'cmake_args' from command line to 'None'
[0.740s] Level 5:colcon.colcon_core.verb:set package 'mockup_robot' build argument 'cmake_target' from command line to 'None'
[0.740s] Level 5:colcon.colcon_core.verb:set package 'mockup_robot' build argument 'cmake_target_skip_unavailable' from command line to 'False'
[0.740s] Level 5:colcon.colcon_core.verb:set package 'mockup_robot' build argument 'cmake_clean_cache' from command line to 'False'
[0.740s] Level 5:colcon.colcon_core.verb:set package 'mockup_robot' build argument 'cmake_clean_first' from command line to 'False'
[0.740s] Level 5:colcon.colcon_core.verb:set package 'mockup_robot' build argument 'cmake_force_configure' from command line to 'False'
[0.740s] Level 5:colcon.colcon_core.verb:set package 'mockup_robot' build argument 'ament_cmake_args' from command line to 'None'
[0.740s] Level 5:colcon.colcon_core.verb:set package 'mockup_robot' build argument 'catkin_cmake_args' from command line to 'None'
[0.740s] Level 5:colcon.colcon_core.verb:set package 'mockup_robot' build argument 'catkin_skip_building_tests' from command line to 'False'
[0.740s] DEBUG:colcon.colcon_core.verb:Building package 'mockup_robot' with the following arguments: {'ament_cmake_args': None, 'build_base': '/home/autopilot/ws/restackcell/ws_moveit2/build/mockup_robot', 'catkin_cmake_args': None, 'catkin_skip_building_tests': False, 'cmake_args': None, 'cmake_clean_cache': False, 'cmake_clean_first': False, 'cmake_force_configure': False, 'cmake_target': None, 'cmake_target_skip_unavailable': False, 'install_base': '/home/autopilot/ws/restackcell/ws_moveit2/install/mockup_robot', 'merge_install': False, 'path': '/home/autopilot/ws/restackcell/ws_moveit2/src/mockup_robot', 'symlink_install': False, 'test_result_base': None}
[0.741s] Level 5:colcon.colcon_core.verb:set package 'moveit_backend' build argument 'cmake_args' from command line to 'None'
[0.741s] Level 5:colcon.colcon_core.verb:set package 'moveit_backend' build argument 'cmake_target' from command line to 'None'
[0.741s] Level 5:colcon.colcon_core.verb:set package 'moveit_backend' build argument 'cmake_target_skip_unavailable' from command line to 'False'
[0.741s] Level 5:colcon.colcon_core.verb:set package 'moveit_backend' build argument 'cmake_clean_cache' from command line to 'False'
[0.741s] Level 5:colcon.colcon_core.verb:set package 'moveit_backend' build argument 'cmake_clean_first' from command line to 'False'
[0.742s] Level 5:colcon.colcon_core.verb:set package 'moveit_backend' build argument 'cmake_force_configure' from command line to 'False'
[0.742s] Level 5:colcon.colcon_core.verb:set package 'moveit_backend' build argument 'ament_cmake_args' from command line to 'None'
[0.742s] Level 5:colcon.colcon_core.verb:set package 'moveit_backend' build argument 'catkin_cmake_args' from command line to 'None'
[0.742s] Level 5:colcon.colcon_core.verb:set package 'moveit_backend' build argument 'catkin_skip_building_tests' from command line to 'False'
[0.742s] DEBUG:colcon.colcon_core.verb:Building package 'moveit_backend' with the following arguments: {'ament_cmake_args': None, 'build_base': '/home/autopilot/ws/restackcell/ws_moveit2/build/moveit_backend', 'catkin_cmake_args': None, 'catkin_skip_building_tests': False, 'cmake_args': None, 'cmake_clean_cache': False, 'cmake_clean_first': False, 'cmake_force_configure': False, 'cmake_target': None, 'cmake_target_skip_unavailable': False, 'install_base': '/home/autopilot/ws/restackcell/ws_moveit2/install/moveit_backend', 'merge_install': False, 'path': '/home/autopilot/ws/restackcell/ws_moveit2/src/moveit_backend', 'symlink_install': False, 'test_result_base': None}
[0.742s] Level 5:colcon.colcon_core.verb:set package 'opcua_client' build argument 'cmake_args' from command line to 'None'
[0.742s] Level 5:colcon.colcon_core.verb:set package 'opcua_client' build argument 'cmake_target' from command line to 'None'
[0.742s] Level 5:colcon.colcon_core.verb:set package 'opcua_client' build argument 'cmake_target_skip_unavailable' from command line to 'False'
[0.742s] Level 5:colcon.colcon_core.verb:set package 'opcua_client' build argument 'cmake_clean_cache' from command line to 'False'
[0.743s] Level 5:colcon.colcon_core.verb:set package 'opcua_client' build argument 'cmake_clean_first' from command line to 'False'
[0.743s] Level 5:colcon.colcon_core.verb:set package 'opcua_client' build argument 'cmake_force_configure' from command line to 'False'
[0.743s] Level 5:colcon.colcon_core.verb:set package 'opcua_client' build argument 'ament_cmake_args' from command line to 'None'
[0.743s] Level 5:colcon.colcon_core.verb:set package 'opcua_client' build argument 'catkin_cmake_args' from command line to 'None'
[0.743s] Level 5:colcon.colcon_core.verb:set package 'opcua_client' build argument 'catkin_skip_building_tests' from command line to 'False'
[0.743s] DEBUG:colcon.colcon_core.verb:Building package 'opcua_client' with the following arguments: {'ament_cmake_args': None, 'build_base': '/home/autopilot/ws/restackcell/ws_moveit2/build/opcua_client', 'catkin_cmake_args': None, 'catkin_skip_building_tests': False, 'cmake_args': None, 'cmake_clean_cache': False, 'cmake_clean_first': False, 'cmake_force_configure': False, 'cmake_target': None, 'cmake_target_skip_unavailable': False, 'install_base': '/home/autopilot/ws/restackcell/ws_moveit2/install/opcua_client', 'merge_install': False, 'path': '/home/autopilot/ws/restackcell/ws_moveit2/src/opcua_client', 'symlink_install': False, 'test_result_base': None}
[0.743s] Level 5:colcon.colcon_core.verb:set package 'robo_planner' build argument 'cmake_args' from command line to 'None'
[0.743s] Level 5:colcon.colcon_core.verb:set package 'robo_planner' build argument 'cmake_target' from command line to 'None'
[0.743s] Level 5:colcon.colcon_core.verb:set package 'robo_planner' build argument 'cmake_target_skip_unavailable' from command line to 'False'
[0.743s] Level 5:colcon.colcon_core.verb:set package 'robo_planner' build argument 'cmake_clean_cache' from command line to 'False'
[0.744s] Level 5:colcon.colcon_core.verb:set package 'robo_planner' build argument 'cmake_clean_first' from command line to 'False'
[0.744s] Level 5:colcon.colcon_core.verb:set package 'robo_planner' build argument 'cmake_force_configure' from command line to 'False'
[0.744s] Level 5:colcon.colcon_core.verb:set package 'robo_planner' build argument 'ament_cmake_args' from command line to 'None'
[0.744s] Level 5:colcon.colcon_core.verb:set package 'robo_planner' build argument 'catkin_cmake_args' from command line to 'None'
[0.744s] Level 5:colcon.colcon_core.verb:set package 'robo_planner' build argument 'catkin_skip_building_tests' from command line to 'False'
[0.744s] DEBUG:colcon.colcon_core.verb:Building package 'robo_planner' with the following arguments: {'ament_cmake_args': None, 'build_base': '/home/autopilot/ws/restackcell/ws_moveit2/build/robo_planner', 'catkin_cmake_args': None, 'catkin_skip_building_tests': False, 'cmake_args': None, 'cmake_clean_cache': False, 'cmake_clean_first': False, 'cmake_force_configure': False, 'cmake_target': None, 'cmake_target_skip_unavailable': False, 'install_base': '/home/autopilot/ws/restackcell/ws_moveit2/install/robo_planner', 'merge_install': False, 'path': '/home/autopilot/ws/restackcell/ws_moveit2/src/robo_planner', 'symlink_install': False, 'test_result_base': None}
[0.744s] Level 5:colcon.colcon_core.verb:set package 'robo_planner_py' build argument 'cmake_args' from command line to 'None'
[0.744s] Level 5:colcon.colcon_core.verb:set package 'robo_planner_py' build argument 'cmake_target' from command line to 'None'
[0.744s] Level 5:colcon.colcon_core.verb:set package 'robo_planner_py' build argument 'cmake_target_skip_unavailable' from command line to 'False'
[0.744s] Level 5:colcon.colcon_core.verb:set package 'robo_planner_py' build argument 'cmake_clean_cache' from command line to 'False'
[0.744s] Level 5:colcon.colcon_core.verb:set package 'robo_planner_py' build argument 'cmake_clean_first' from command line to 'False'
[0.744s] Level 5:colcon.colcon_core.verb:set package 'robo_planner_py' build argument 'cmake_force_configure' from command line to 'False'
[0.744s] Level 5:colcon.colcon_core.verb:set package 'robo_planner_py' build argument 'ament_cmake_args' from command line to 'None'
[0.745s] Level 5:colcon.colcon_core.verb:set package 'robo_planner_py' build argument 'catkin_cmake_args' from command line to 'None'
[0.745s] Level 5:colcon.colcon_core.verb:set package 'robo_planner_py' build argument 'catkin_skip_building_tests' from command line to 'False'
[0.745s] DEBUG:colcon.colcon_core.verb:Building package 'robo_planner_py' with the following arguments: {'ament_cmake_args': None, 'build_base': '/home/autopilot/ws/restackcell/ws_moveit2/build/robo_planner_py', 'catkin_cmake_args': None, 'catkin_skip_building_tests': False, 'cmake_args': None, 'cmake_clean_cache': False, 'cmake_clean_first': False, 'cmake_force_configure': False, 'cmake_target': None, 'cmake_target_skip_unavailable': False, 'install_base': '/home/autopilot/ws/restackcell/ws_moveit2/install/robo_planner_py', 'merge_install': False, 'path': '/home/autopilot/ws/restackcell/ws_moveit2/src/robo_planner_py', 'symlink_install': False, 'test_result_base': None}
[0.745s] INFO:colcon.colcon_core.executor:Executing jobs using 'parallel' executor
[0.748s] DEBUG:colcon.colcon_parallel_executor.executor.parallel:run_until_complete
[0.749s] INFO:colcon.colcon_ros.task.catkin.build:Building ROS package in '/home/autopilot/ws/restackcell/ws_moveit2/src/wzlscheduler_interfaces' with build type 'catkin'
[0.750s] INFO:colcon.colcon_cmake.task.cmake.build:Building CMake package in '/home/autopilot/ws/restackcell/ws_moveit2/src/wzlscheduler_interfaces'
[0.758s] INFO:colcon.colcon_core.plugin_system:Skipping extension 'colcon_core.shell.bat': Not used on non-Windows systems
[0.759s] INFO:colcon.colcon_core.shell:Skip shell extension 'powershell' for command environment: Not usable outside of PowerShell
[0.759s] DEBUG:colcon.colcon_core.shell:Skip shell extension 'dsv' for command environment
[0.767s] INFO:colcon.colcon_ros.task.ament_cmake.build:Building ROS package in '/home/autopilot/ws/restackcell/ws_moveit2/src/opcua_interfaces' with build type 'ament_cmake'
[0.768s] INFO:colcon.colcon_cmake.task.cmake.build:Building CMake package in '/home/autopilot/ws/restackcell/ws_moveit2/src/opcua_interfaces'
[0.768s] INFO:colcon.colcon_core.shell:Skip shell extension 'powershell' for command environment: Not usable outside of PowerShell
[0.769s] DEBUG:colcon.colcon_core.shell:Skip shell extension 'dsv' for command environment
[0.777s] INFO:colcon.colcon_ros.task.ament_python.build:Building ROS package in '/home/autopilot/ws/restackcell/ws_moveit2/src/interface_opcua' with build type 'ament_python'
[0.777s] Level 1:colcon.colcon_core.shell:create_environment_hook('interface_opcua', 'ament_prefix_path')
[0.778s] INFO:colcon.colcon_core.shell:Creating environment hook '/home/autopilot/ws/restackcell/ws_moveit2/install/interface_opcua/share/interface_opcua/hook/ament_prefix_path.ps1'
[0.780s] INFO:colcon.colcon_core.shell:Creating environment descriptor '/home/autopilot/ws/restackcell/ws_moveit2/install/interface_opcua/share/interface_opcua/hook/ament_prefix_path.dsv'
[0.783s] INFO:colcon.colcon_core.shell:Creating environment hook '/home/autopilot/ws/restackcell/ws_moveit2/install/interface_opcua/share/interface_opcua/hook/ament_prefix_path.sh'
[0.788s] INFO:colcon.colcon_core.shell:Skip shell extension 'powershell' for command environment: Not usable outside of PowerShell
[0.788s] DEBUG:colcon.colcon_core.shell:Skip shell extension 'dsv' for command environment
[0.798s] INFO:colcon.colcon_ros.task.catkin.build:Building ROS package in '/home/autopilot/ws/restackcell/ws_moveit2/src/robo_planner_msgs' with build type 'catkin'
[0.799s] INFO:colcon.colcon_cmake.task.cmake.build:Building CMake package in '/home/autopilot/ws/restackcell/ws_moveit2/src/robo_planner_msgs'
[0.799s] INFO:colcon.colcon_core.shell:Skip shell extension 'powershell' for command environment: Not usable outside of PowerShell
[0.799s] DEBUG:colcon.colcon_core.shell:Skip shell extension 'dsv' for command environment
[0.826s] DEBUG:colcon.colcon_core.event_handler.log_command:Invoking command in '/home/autopilot/ws/restackcell/ws_moveit2/build/wzlscheduler_interfaces': /usr/bin/cmake --build /home/autopilot/ws/restackcell/ws_moveit2/build/wzlscheduler_interfaces -- -j8 -l8
[0.837s] DEBUG:colcon.colcon_core.event_handler.log_command:Invoking command in '/home/autopilot/ws/restackcell/ws_moveit2/build/opcua_interfaces': CMAKE_PREFIX_PATH=/home/autopilot/ws/restackcell/ws_moveit2/install/robo_planner:/home/autopilot/ws/restackcell/ws_moveit2/install/pcl_segmentation:/home/autopilot/ws/restackcell/ws_moveit2/install/moveit_backend:/home/autopilot/ws/restackcell/ws_moveit2/install/mockup_robot:/home/autopilot/ws/restackcell/ws_moveit2/install/robo_planner_py:/home/autopilot/ws/restackcell/ws_moveit2/install/grid_snapper:/home/autopilot/ws/restackcell/ws_moveit2/install/opcua_client:/home/autopilot/ws/restackcell/ws_moveit2/install/interface_opcua:/opt/ros/humble:/home/autopilot/ws/restackcell/ws_moveit2/install/wzlscheduler_interfaces:/home/autopilot/ws/restackcell/ws_moveit2/install/ur_pilz:/home/autopilot/ws/restackcell/ws_moveit2/install/robo_planner_msgs:/home/autopilot/ws/restackcell/ws_moveit2/install/opcua_interfaces /usr/bin/cmake --build /home/autopilot/ws/restackcell/ws_moveit2/build/opcua_interfaces -- -j8 -l8
[1.520s] INFO:colcon.colcon_core.task.python.build:Building Python package in '/home/autopilot/ws/restackcell/ws_moveit2/src/interface_opcua'
[1.521s] INFO:colcon.colcon_core.shell:Skip shell extension 'powershell' for command environment: Not usable outside of PowerShell
[1.521s] DEBUG:colcon.colcon_core.shell:Skip shell extension 'dsv' for command environment
[1.537s] DEBUG:colcon.colcon_core.event_handler.log_command:Invoking command in '/home/autopilot/ws/restackcell/ws_moveit2/build/robo_planner_msgs': /usr/bin/cmake --build /home/autopilot/ws/restackcell/ws_moveit2/build/robo_planner_msgs -- -j8 -l8
[1.990s] DEBUG:colcon.colcon_core.event_handler.log_command:Invoked command in '/home/autopilot/ws/restackcell/ws_moveit2/build/opcua_interfaces' returned '0': CMAKE_PREFIX_PATH=/home/autopilot/ws/restackcell/ws_moveit2/install/robo_planner:/home/autopilot/ws/restackcell/ws_moveit2/install/pcl_segmentation:/home/autopilot/ws/restackcell/ws_moveit2/install/moveit_backend:/home/autopilot/ws/restackcell/ws_moveit2/install/mockup_robot:/home/autopilot/ws/restackcell/ws_moveit2/install/robo_planner_py:/home/autopilot/ws/restackcell/ws_moveit2/install/grid_snapper:/home/autopilot/ws/restackcell/ws_moveit2/install/opcua_client:/home/autopilot/ws/restackcell/ws_moveit2/install/interface_opcua:/opt/ros/humble:/home/autopilot/ws/restackcell/ws_moveit2/install/wzlscheduler_interfaces:/home/autopilot/ws/restackcell/ws_moveit2/install/ur_pilz:/home/autopilot/ws/restackcell/ws_moveit2/install/robo_planner_msgs:/home/autopilot/ws/restackcell/ws_moveit2/install/opcua_interfaces /usr/bin/cmake --build /home/autopilot/ws/restackcell/ws_moveit2/build/opcua_interfaces -- -j8 -l8
[2.100s] DEBUG:colcon.colcon_core.event_handler.log_command:Invoked command in '/home/autopilot/ws/restackcell/ws_moveit2/build/wzlscheduler_interfaces' returned '0': /usr/bin/cmake --build /home/autopilot/ws/restackcell/ws_moveit2/build/wzlscheduler_interfaces -- -j8 -l8
[2.507s] DEBUG:colcon.colcon_core.event_handler.log_command:Invoking command in '/home/autopilot/ws/restackcell/ws_moveit2/build/opcua_interfaces': CMAKE_PREFIX_PATH=/home/autopilot/ws/restackcell/ws_moveit2/install/robo_planner:/home/autopilot/ws/restackcell/ws_moveit2/install/pcl_segmentation:/home/autopilot/ws/restackcell/ws_moveit2/install/moveit_backend:/home/autopilot/ws/restackcell/ws_moveit2/install/mockup_robot:/home/autopilot/ws/restackcell/ws_moveit2/install/robo_planner_py:/home/autopilot/ws/restackcell/ws_moveit2/install/grid_snapper:/home/autopilot/ws/restackcell/ws_moveit2/install/opcua_client:/home/autopilot/ws/restackcell/ws_moveit2/install/interface_opcua:/opt/ros/humble:/home/autopilot/ws/restackcell/ws_moveit2/install/wzlscheduler_interfaces:/home/autopilot/ws/restackcell/ws_moveit2/install/ur_pilz:/home/autopilot/ws/restackcell/ws_moveit2/install/robo_planner_msgs:/home/autopilot/ws/restackcell/ws_moveit2/install/opcua_interfaces /usr/bin/cmake --install /home/autopilot/ws/restackcell/ws_moveit2/build/opcua_interfaces
[2.645s] Level 1:colcon.colcon_core.environment:create_environment_scripts_only(opcua_interfaces)
[2.650s] Level 1:colcon.colcon_core.environment:checking '/home/autopilot/ws/restackcell/ws_moveit2/install/opcua_interfaces' for CMake module files
[2.652s] Level 1:colcon.colcon_core.environment:checking '/home/autopilot/ws/restackcell/ws_moveit2/install/opcua_interfaces' for CMake config files
[2.652s] Level 1:colcon.colcon_core.shell:create_environment_hook('opcua_interfaces', 'cmake_prefix_path')
[2.653s] INFO:colcon.colcon_core.shell:Creating environment hook '/home/autopilot/ws/restackcell/ws_moveit2/install/opcua_interfaces/share/opcua_interfaces/hook/cmake_prefix_path.ps1'
[2.654s] INFO:colcon.colcon_core.shell:Creating environment descriptor '/home/autopilot/ws/restackcell/ws_moveit2/install/opcua_interfaces/share/opcua_interfaces/hook/cmake_prefix_path.dsv'
[2.657s] DEBUG:colcon.colcon_core.event_handler.log_command:Invoked command in '/home/autopilot/ws/restackcell/ws_moveit2/build/opcua_interfaces' returned '0': CMAKE_PREFIX_PATH=/home/autopilot/ws/restackcell/ws_moveit2/install/robo_planner:/home/autopilot/ws/restackcell/ws_moveit2/install/pcl_segmentation:/home/autopilot/ws/restackcell/ws_moveit2/install/moveit_backend:/home/autopilot/ws/restackcell/ws_moveit2/install/mockup_robot:/home/autopilot/ws/restackcell/ws_moveit2/install/robo_planner_py:/home/autopilot/ws/restackcell/ws_moveit2/install/grid_snapper:/home/autopilot/ws/restackcell/ws_moveit2/install/opcua_client:/home/autopilot/ws/restackcell/ws_moveit2/install/interface_opcua:/opt/ros/humble:/home/autopilot/ws/restackcell/ws_moveit2/install/wzlscheduler_interfaces:/home/autopilot/ws/restackcell/ws_moveit2/install/ur_pilz:/home/autopilot/ws/restackcell/ws_moveit2/install/robo_planner_msgs:/home/autopilot/ws/restackcell/ws_moveit2/install/opcua_interfaces /usr/bin/cmake --install /home/autopilot/ws/restackcell/ws_moveit2/build/opcua_interfaces
[2.658s] INFO:colcon.colcon_core.shell:Creating environment hook '/home/autopilot/ws/restackcell/ws_moveit2/install/opcua_interfaces/share/opcua_interfaces/hook/cmake_prefix_path.sh'
[2.660s] Level 1:colcon.colcon_core.environment:checking '/home/autopilot/ws/restackcell/ws_moveit2/install/opcua_interfaces/lib'
[2.660s] Level 1:colcon.colcon_core.shell:create_environment_hook('opcua_interfaces', 'ld_library_path_lib')
[2.661s] INFO:colcon.colcon_core.shell:Creating environment hook '/home/autopilot/ws/restackcell/ws_moveit2/install/opcua_interfaces/share/opcua_interfaces/hook/ld_library_path_lib.ps1'
[2.663s] INFO:colcon.colcon_core.shell:Creating environment descriptor '/home/autopilot/ws/restackcell/ws_moveit2/install/opcua_interfaces/share/opcua_interfaces/hook/ld_library_path_lib.dsv'
[2.666s] INFO:colcon.colcon_core.shell:Creating environment hook '/home/autopilot/ws/restackcell/ws_moveit2/install/opcua_interfaces/share/opcua_interfaces/hook/ld_library_path_lib.sh'
[2.679s] Level 1:colcon.colcon_core.environment:checking '/home/autopilot/ws/restackcell/ws_moveit2/install/opcua_interfaces/bin'
[2.680s] Level 1:colcon.colcon_core.environment:checking '/home/autopilot/ws/restackcell/ws_moveit2/install/opcua_interfaces/lib/pkgconfig/opcua_interfaces.pc'
[2.680s] Level 1:colcon.colcon_core.environment:checking '/home/autopilot/ws/restackcell/ws_moveit2/install/opcua_interfaces/lib/python3.10/site-packages'
[2.681s] Level 1:colcon.colcon_core.environment:checking '/home/autopilot/ws/restackcell/ws_moveit2/install/opcua_interfaces/bin'
[2.681s] INFO:colcon.colcon_core.shell:Creating package script '/home/autopilot/ws/restackcell/ws_moveit2/install/opcua_interfaces/share/opcua_interfaces/package.ps1'
[2.684s] INFO:colcon.colcon_core.shell:Creating package descriptor '/home/autopilot/ws/restackcell/ws_moveit2/install/opcua_interfaces/share/opcua_interfaces/package.dsv'
[2.691s] INFO:colcon.colcon_core.shell:Creating package script '/home/autopilot/ws/restackcell/ws_moveit2/install/opcua_interfaces/share/opcua_interfaces/package.sh'
[2.693s] INFO:colcon.colcon_core.shell:Creating package script '/home/autopilot/ws/restackcell/ws_moveit2/install/opcua_interfaces/share/opcua_interfaces/package.bash'
[2.695s] INFO:colcon.colcon_core.shell:Creating package script '/home/autopilot/ws/restackcell/ws_moveit2/install/opcua_interfaces/share/opcua_interfaces/package.zsh'
[2.701s] Level 1:colcon.colcon_core.environment:create_file_with_runtime_dependencies(/home/autopilot/ws/restackcell/ws_moveit2/install/opcua_interfaces/share/colcon-core/packages/opcua_interfaces)
[2.877s] DEBUG:colcon.colcon_core.event_handler.log_command:Invoking command in '/home/autopilot/ws/restackcell/ws_moveit2/src/interface_opcua': PYTHONPATH=/home/autopilot/ws/restackcell/ws_moveit2/build/interface_opcua/prefix_override:/usr/lib/python3/dist-packages/colcon_core/task/python/colcon_distutils_commands:/home/autopilot/ws/restackcell/ws_moveit2/install/interface_opcua/lib/python3.10/site-packages:${PYTHONPATH} /usr/bin/python3 -W ignore:setup.py install is deprecated setup.py egg_info --egg-base ../../build/interface_opcua build --build-base /home/autopilot/ws/restackcell/ws_moveit2/build/interface_opcua/build install --record /home/autopilot/ws/restackcell/ws_moveit2/build/interface_opcua/install.log --single-version-externally-managed install_data
[2.957s] DEBUG:colcon.colcon_core.event_handler.log_command:Invoked command in '/home/autopilot/ws/restackcell/ws_moveit2/build/robo_planner_msgs' returned '0': /usr/bin/cmake --build /home/autopilot/ws/restackcell/ws_moveit2/build/robo_planner_msgs -- -j8 -l8
[3.192s] Level 1:colcon.colcon_core.environment:create_environment_scripts_only(opcua_interfaces)
[3.192s] Level 1:colcon.colcon_core.environment:checking '/home/autopilot/ws/restackcell/ws_moveit2/install/opcua_interfaces' for CMake module files
[3.194s] Level 1:colcon.colcon_core.environment:checking '/home/autopilot/ws/restackcell/ws_moveit2/install/opcua_interfaces' for CMake config files
[3.195s] Level 1:colcon.colcon_core.shell:create_environment_hook('opcua_interfaces', 'cmake_prefix_path')
[3.195s] INFO:colcon.colcon_core.shell:Creating environment hook '/home/autopilot/ws/restackcell/ws_moveit2/install/opcua_interfaces/share/opcua_interfaces/hook/cmake_prefix_path.ps1'
[3.196s] INFO:colcon.colcon_core.shell:Creating environment descriptor '/home/autopilot/ws/restackcell/ws_moveit2/install/opcua_interfaces/share/opcua_interfaces/hook/cmake_prefix_path.dsv'
[3.197s] INFO:colcon.colcon_core.shell:Creating environment hook '/home/autopilot/ws/restackcell/ws_moveit2/install/opcua_interfaces/share/opcua_interfaces/hook/cmake_prefix_path.sh'
[3.199s] Level 1:colcon.colcon_core.environment:checking '/home/autopilot/ws/restackcell/ws_moveit2/install/opcua_interfaces/lib'
[3.200s] Level 1:colcon.colcon_core.shell:create_environment_hook('opcua_interfaces', 'ld_library_path_lib')
[3.200s] INFO:colcon.colcon_core.shell:Creating environment hook '/home/autopilot/ws/restackcell/ws_moveit2/install/opcua_interfaces/share/opcua_interfaces/hook/ld_library_path_lib.ps1'
[3.201s] INFO:colcon.colcon_core.shell:Creating environment descriptor '/home/autopilot/ws/restackcell/ws_moveit2/install/opcua_interfaces/share/opcua_interfaces/hook/ld_library_path_lib.dsv'
[3.202s] INFO:colcon.colcon_core.shell:Creating environment hook '/home/autopilot/ws/restackcell/ws_moveit2/install/opcua_interfaces/share/opcua_interfaces/hook/ld_library_path_lib.sh'
[3.203s] Level 1:colcon.colcon_core.environment:checking '/home/autopilot/ws/restackcell/ws_moveit2/install/opcua_interfaces/bin'
[3.203s] Level 1:colcon.colcon_core.environment:checking '/home/autopilot/ws/restackcell/ws_moveit2/install/opcua_interfaces/lib/pkgconfig/opcua_interfaces.pc'
[3.204s] Level 1:colcon.colcon_core.environment:checking '/home/autopilot/ws/restackcell/ws_moveit2/install/opcua_interfaces/lib/python3.10/site-packages'
[3.204s] Level 1:colcon.colcon_core.environment:checking '/home/autopilot/ws/restackcell/ws_moveit2/install/opcua_interfaces/bin'
[3.205s] INFO:colcon.colcon_core.shell:Creating package script '/home/autopilot/ws/restackcell/ws_moveit2/install/opcua_interfaces/share/opcua_interfaces/package.ps1'
[3.206s] INFO:colcon.colcon_core.shell:Creating package descriptor '/home/autopilot/ws/restackcell/ws_moveit2/install/opcua_interfaces/share/opcua_interfaces/package.dsv'
[3.208s] INFO:colcon.colcon_core.shell:Creating package script '/home/autopilot/ws/restackcell/ws_moveit2/install/opcua_interfaces/share/opcua_interfaces/package.sh'
[3.210s] INFO:colcon.colcon_core.shell:Creating package script '/home/autopilot/ws/restackcell/ws_moveit2/install/opcua_interfaces/share/opcua_interfaces/package.bash'
[3.211s] INFO:colcon.colcon_core.shell:Creating package script '/home/autopilot/ws/restackcell/ws_moveit2/install/opcua_interfaces/share/opcua_interfaces/package.zsh'
[3.212s] Level 1:colcon.colcon_core.environment:create_file_with_runtime_dependencies(/home/autopilot/ws/restackcell/ws_moveit2/install/opcua_interfaces/share/colcon-core/packages/opcua_interfaces)
[3.215s] INFO:colcon.colcon_ros.task.ament_python.build:Building ROS package in '/home/autopilot/ws/restackcell/ws_moveit2/src/opcua_client' with build type 'ament_python'
[3.216s] Level 1:colcon.colcon_core.shell:create_environment_hook('opcua_client', 'ament_prefix_path')
[3.217s] INFO:colcon.colcon_core.shell:Creating environment hook '/home/autopilot/ws/restackcell/ws_moveit2/install/opcua_client/share/opcua_client/hook/ament_prefix_path.ps1'
[3.218s] INFO:colcon.colcon_core.shell:Creating environment descriptor '/home/autopilot/ws/restackcell/ws_moveit2/install/opcua_client/share/opcua_client/hook/ament_prefix_path.dsv'
[3.219s] INFO:colcon.colcon_core.shell:Creating environment hook '/home/autopilot/ws/restackcell/ws_moveit2/install/opcua_client/share/opcua_client/hook/ament_prefix_path.sh'
[3.220s] INFO:colcon.colcon_core.shell:Skip shell extension 'powershell' for command environment: Not usable outside of PowerShell
[3.221s] DEBUG:colcon.colcon_core.shell:Skip shell extension 'dsv' for command environment
[4.014s] INFO:colcon.colcon_core.task.python.build:Building Python package in '/home/autopilot/ws/restackcell/ws_moveit2/src/opcua_client'
[4.014s] INFO:colcon.colcon_core.shell:Skip shell extension 'powershell' for command environment: Not usable outside of PowerShell
[4.015s] DEBUG:colcon.colcon_core.shell:Skip shell extension 'dsv' for command environment
[4.025s] Level 1:colcon.colcon_core.environment:checking '/home/autopilot/ws/restackcell/ws_moveit2/install/interface_opcua' for CMake module files
[4.026s] Level 1:colcon.colcon_core.environment:checking '/home/autopilot/ws/restackcell/ws_moveit2/install/interface_opcua' for CMake config files
[4.028s] Level 1:colcon.colcon_core.environment:checking '/home/autopilot/ws/restackcell/ws_moveit2/install/interface_opcua/lib'
[4.028s] Level 1:colcon.colcon_core.environment:checking '/home/autopilot/ws/restackcell/ws_moveit2/install/interface_opcua/bin'
[4.028s] Level 1:colcon.colcon_core.environment:checking '/home/autopilot/ws/restackcell/ws_moveit2/install/interface_opcua/lib/pkgconfig/interface_opcua.pc'
[4.028s] Level 1:colcon.colcon_core.environment:checking '/home/autopilot/ws/restackcell/ws_moveit2/install/interface_opcua/lib/python3.10/site-packages'
[4.029s] Level 1:colcon.colcon_core.shell:create_environment_hook('interface_opcua', 'pythonpath')
[4.029s] INFO:colcon.colcon_core.shell:Creating environment hook '/home/autopilot/ws/restackcell/ws_moveit2/install/interface_opcua/share/interface_opcua/hook/pythonpath.ps1'
[4.030s] INFO:colcon.colcon_core.shell:Creating environment descriptor '/home/autopilot/ws/restackcell/ws_moveit2/install/interface_opcua/share/interface_opcua/hook/pythonpath.dsv'
[4.031s] DEBUG:colcon.colcon_core.event_handler.log_command:Invoked command in '/home/autopilot/ws/restackcell/ws_moveit2/src/interface_opcua' returned '0': PYTHONPATH=/home/autopilot/ws/restackcell/ws_moveit2/build/interface_opcua/prefix_override:/usr/lib/python3/dist-packages/colcon_core/task/python/colcon_distutils_commands:/home/autopilot/ws/restackcell/ws_moveit2/install/interface_opcua/lib/python3.10/site-packages:${PYTHONPATH} /usr/bin/python3 -W ignore:setup.py install is deprecated setup.py egg_info --egg-base ../../build/interface_opcua build --build-base /home/autopilot/ws/restackcell/ws_moveit2/build/interface_opcua/build install --record /home/autopilot/ws/restackcell/ws_moveit2/build/interface_opcua/install.log --single-version-externally-managed install_data
[4.032s] INFO:colcon.colcon_core.shell:Creating environment hook '/home/autopilot/ws/restackcell/ws_moveit2/install/interface_opcua/share/interface_opcua/hook/pythonpath.sh'
[4.034s] Level 1:colcon.colcon_core.environment:checking '/home/autopilot/ws/restackcell/ws_moveit2/install/interface_opcua/bin'
[4.034s] Level 1:colcon.colcon_core.environment:create_environment_scripts_only(interface_opcua)
[4.035s] INFO:colcon.colcon_core.shell:Creating package script '/home/autopilot/ws/restackcell/ws_moveit2/install/interface_opcua/share/interface_opcua/package.ps1'
[4.037s] INFO:colcon.colcon_core.shell:Creating package descriptor '/home/autopilot/ws/restackcell/ws_moveit2/install/interface_opcua/share/interface_opcua/package.dsv'
[4.039s] INFO:colcon.colcon_core.shell:Creating package script '/home/autopilot/ws/restackcell/ws_moveit2/install/interface_opcua/share/interface_opcua/package.sh'
[4.041s] INFO:colcon.colcon_core.shell:Creating package script '/home/autopilot/ws/restackcell/ws_moveit2/install/interface_opcua/share/interface_opcua/package.bash'
[4.044s] INFO:colcon.colcon_core.shell:Creating package script '/home/autopilot/ws/restackcell/ws_moveit2/install/interface_opcua/share/interface_opcua/package.zsh'
[4.046s] Level 1:colcon.colcon_core.environment:create_file_with_runtime_dependencies(/home/autopilot/ws/restackcell/ws_moveit2/install/interface_opcua/share/colcon-core/packages/interface_opcua)
[4.875s] DEBUG:colcon.colcon_core.event_handler.log_command:Invoking command in '/home/autopilot/ws/restackcell/ws_moveit2/src/opcua_client': CMAKE_PREFIX_PATH=/home/autopilot/ws/restackcell/ws_moveit2/install/opcua_interfaces:/home/autopilot/ws/restackcell/ws_moveit2/install/robo_planner:/home/autopilot/ws/restackcell/ws_moveit2/install/pcl_segmentation:/home/autopilot/ws/restackcell/ws_moveit2/install/moveit_backend:/home/autopilot/ws/restackcell/ws_moveit2/install/mockup_robot:/home/autopilot/ws/restackcell/ws_moveit2/install/wzlscheduler_interfaces:/home/autopilot/ws/restackcell/ws_moveit2/install/ur_pilz:/home/autopilot/ws/restackcell/ws_moveit2/install/robo_planner_msgs LD_LIBRARY_PATH=/home/autopilot/ws/restackcell/ws_moveit2/install/opcua_interfaces/lib:/home/autopilot/ws/restackcell/ws_moveit2/install/wzlscheduler_interfaces/lib:/home/autopilot/ws/restackcell/ws_moveit2/install/robo_planner_msgs/lib:/opt/ros/humble/opt/rviz_ogre_vendor/lib:/opt/ros/humble/lib/aarch64-linux-gnu:/opt/ros/humble/lib PYTHONPATH=/home/autopilot/ws/restackcell/ws_moveit2/build/opcua_client/prefix_override:/usr/lib/python3/dist-packages/colcon_core/task/python/colcon_distutils_commands:/home/autopilot/ws/restackcell/ws_moveit2/install/opcua_client/lib/python3.10/site-packages:${PYTHONPATH} /usr/bin/python3 -W ignore:setup.py install is deprecated setup.py egg_info --egg-base ../../build/opcua_client build --build-base /home/autopilot/ws/restackcell/ws_moveit2/build/opcua_client/build install --record /home/autopilot/ws/restackcell/ws_moveit2/build/opcua_client/install.log --single-version-externally-managed install_data
[5.077s] DEBUG:colcon.colcon_core.event_handler.log_command:Invoking command in '/home/autopilot/ws/restackcell/ws_moveit2/build/wzlscheduler_interfaces': /usr/bin/cmake --install /home/autopilot/ws/restackcell/ws_moveit2/build/wzlscheduler_interfaces
[5.199s] DEBUG:colcon.colcon_core.event_handler.log_command:Invoking command in '/home/autopilot/ws/restackcell/ws_moveit2/build/robo_planner_msgs': /usr/bin/cmake --install /home/autopilot/ws/restackcell/ws_moveit2/build/robo_planner_msgs
[5.274s] DEBUG:colcon.colcon_core.event_handler.log_command:Invoked command in '/home/autopilot/ws/restackcell/ws_moveit2/build/wzlscheduler_interfaces' returned '0': /usr/bin/cmake --install /home/autopilot/ws/restackcell/ws_moveit2/build/wzlscheduler_interfaces
[5.439s] DEBUG:colcon.colcon_core.event_handler.log_command:Invoked command in '/home/autopilot/ws/restackcell/ws_moveit2/build/robo_planner_msgs' returned '0': /usr/bin/cmake --install /home/autopilot/ws/restackcell/ws_moveit2/build/robo_planner_msgs
[5.769s] Level 1:colcon.colcon_core.environment:checking '/home/autopilot/ws/restackcell/ws_moveit2/install/opcua_client' for CMake module files
[5.770s] Level 1:colcon.colcon_core.environment:checking '/home/autopilot/ws/restackcell/ws_moveit2/install/opcua_client' for CMake config files
[5.773s] Level 1:colcon.colcon_core.environment:checking '/home/autopilot/ws/restackcell/ws_moveit2/install/opcua_client/lib'
[5.773s] Level 1:colcon.colcon_core.environment:checking '/home/autopilot/ws/restackcell/ws_moveit2/install/opcua_client/bin'
[5.774s] Level 1:colcon.colcon_core.environment:checking '/home/autopilot/ws/restackcell/ws_moveit2/install/opcua_client/lib/pkgconfig/opcua_client.pc'
[5.774s] Level 1:colcon.colcon_core.environment:checking '/home/autopilot/ws/restackcell/ws_moveit2/install/opcua_client/lib/python3.10/site-packages'
[5.774s] Level 1:colcon.colcon_core.shell:create_environment_hook('opcua_client', 'pythonpath')
[5.775s] INFO:colcon.colcon_core.shell:Creating environment hook '/home/autopilot/ws/restackcell/ws_moveit2/install/opcua_client/share/opcua_client/hook/pythonpath.ps1'
[5.776s] INFO:colcon.colcon_core.shell:Creating environment descriptor '/home/autopilot/ws/restackcell/ws_moveit2/install/opcua_client/share/opcua_client/hook/pythonpath.dsv'
[5.776s] INFO:colcon.colcon_core.shell:Creating environment hook '/home/autopilot/ws/restackcell/ws_moveit2/install/opcua_client/share/opcua_client/hook/pythonpath.sh'
[5.777s] Level 1:colcon.colcon_core.environment:checking '/home/autopilot/ws/restackcell/ws_moveit2/install/opcua_client/bin'
[5.778s] Level 1:colcon.colcon_core.environment:create_environment_scripts_only(opcua_client)
[5.780s] INFO:colcon.colcon_core.shell:Creating package script '/home/autopilot/ws/restackcell/ws_moveit2/install/opcua_client/share/opcua_client/package.ps1'
[5.783s] DEBUG:colcon.colcon_core.event_handler.log_command:Invoked command in '/home/autopilot/ws/restackcell/ws_moveit2/src/opcua_client' returned '0': CMAKE_PREFIX_PATH=/home/autopilot/ws/restackcell/ws_moveit2/install/opcua_interfaces:/home/autopilot/ws/restackcell/ws_moveit2/install/robo_planner:/home/autopilot/ws/restackcell/ws_moveit2/install/pcl_segmentation:/home/autopilot/ws/restackcell/ws_moveit2/install/moveit_backend:/home/autopilot/ws/restackcell/ws_moveit2/install/mockup_robot:/home/autopilot/ws/restackcell/ws_moveit2/install/wzlscheduler_interfaces:/home/autopilot/ws/restackcell/ws_moveit2/install/ur_pilz:/home/autopilot/ws/restackcell/ws_moveit2/install/robo_planner_msgs LD_LIBRARY_PATH=/home/autopilot/ws/restackcell/ws_moveit2/install/opcua_interfaces/lib:/home/autopilot/ws/restackcell/ws_moveit2/install/wzlscheduler_interfaces/lib:/home/autopilot/ws/restackcell/ws_moveit2/install/robo_planner_msgs/lib:/opt/ros/humble/opt/rviz_ogre_vendor/lib:/opt/ros/humble/lib/aarch64-linux-gnu:/opt/ros/humble/lib PYTHONPATH=/home/autopilot/ws/restackcell/ws_moveit2/build/opcua_client/prefix_override:/usr/lib/python3/dist-packages/colcon_core/task/python/colcon_distutils_commands:/home/autopilot/ws/restackcell/ws_moveit2/install/opcua_client/lib/python3.10/site-packages:${PYTHONPATH} /usr/bin/python3 -W ignore:setup.py install is deprecated setup.py egg_info --egg-base ../../build/opcua_client build --build-base /home/autopilot/ws/restackcell/ws_moveit2/build/opcua_client/build install --record /home/autopilot/ws/restackcell/ws_moveit2/build/opcua_client/install.log --single-version-externally-managed install_data
[5.786s] INFO:colcon.colcon_core.shell:Creating package descriptor '/home/autopilot/ws/restackcell/ws_moveit2/install/opcua_client/share/opcua_client/package.dsv'
[5.787s] INFO:colcon.colcon_core.shell:Creating package script '/home/autopilot/ws/restackcell/ws_moveit2/install/opcua_client/share/opcua_client/package.sh'
[5.788s] INFO:colcon.colcon_core.shell:Creating package script '/home/autopilot/ws/restackcell/ws_moveit2/install/opcua_client/share/opcua_client/package.bash'
[5.791s] INFO:colcon.colcon_core.shell:Creating package script '/home/autopilot/ws/restackcell/ws_moveit2/install/opcua_client/share/opcua_client/package.zsh'
[5.792s] Level 1:colcon.colcon_core.environment:create_file_with_runtime_dependencies(/home/autopilot/ws/restackcell/ws_moveit2/install/opcua_client/share/colcon-core/packages/opcua_client)
[7.170s] Level 1:colcon.colcon_core.shell:create_environment_hook('robo_planner_msgs', 'ros_package_path')
[7.171s] INFO:colcon.colcon_core.shell:Creating environment hook '/home/autopilot/ws/restackcell/ws_moveit2/install/robo_planner_msgs/share/robo_planner_msgs/hook/ros_package_path.ps1'
[7.172s] INFO:colcon.colcon_core.shell:Creating environment descriptor '/home/autopilot/ws/restackcell/ws_moveit2/install/robo_planner_msgs/share/robo_planner_msgs/hook/ros_package_path.dsv'
[7.173s] INFO:colcon.colcon_core.shell:Creating environment hook '/home/autopilot/ws/restackcell/ws_moveit2/install/robo_planner_msgs/share/robo_planner_msgs/hook/ros_package_path.sh'
[7.176s] Level 1:colcon.colcon_ros.task.catkin:checking '/home/autopilot/ws/restackcell/ws_moveit2/install/robo_planner_msgs/local/lib/python3.10/dist-packages'
[7.177s] Level 1:colcon.colcon_core.shell:create_environment_hook('robo_planner_msgs', 'catkin_pythonpath')
[7.178s] INFO:colcon.colcon_core.shell:Creating environment hook '/home/autopilot/ws/restackcell/ws_moveit2/install/robo_planner_msgs/share/robo_planner_msgs/hook/catkin_pythonpath.ps1'
[7.179s] INFO:colcon.colcon_core.shell:Creating environment descriptor '/home/autopilot/ws/restackcell/ws_moveit2/install/robo_planner_msgs/share/robo_planner_msgs/hook/catkin_pythonpath.dsv'
[7.180s] INFO:colcon.colcon_core.shell:Creating environment hook '/home/autopilot/ws/restackcell/ws_moveit2/install/robo_planner_msgs/share/robo_planner_msgs/hook/catkin_pythonpath.sh'
[7.181s] Level 1:colcon.colcon_core.shell:create_environment_hook('robo_planner_msgs', 'pkg_config_path')
[7.182s] INFO:colcon.colcon_core.shell:Creating environment hook '/home/autopilot/ws/restackcell/ws_moveit2/install/robo_planner_msgs/share/robo_planner_msgs/hook/pkg_config_path.ps1'
[7.183s] INFO:colcon.colcon_core.shell:Creating environment descriptor '/home/autopilot/ws/restackcell/ws_moveit2/install/robo_planner_msgs/share/robo_planner_msgs/hook/pkg_config_path.dsv'
[7.184s] INFO:colcon.colcon_core.shell:Creating environment hook '/home/autopilot/ws/restackcell/ws_moveit2/install/robo_planner_msgs/share/robo_planner_msgs/hook/pkg_config_path.sh'
[7.188s] Level 1:colcon.colcon_core.shell:create_environment_hook('robo_planner_msgs', 'pkg_config_path_multiarch')
[7.189s] INFO:colcon.colcon_core.shell:Creating environment hook '/home/autopilot/ws/restackcell/ws_moveit2/install/robo_planner_msgs/share/robo_planner_msgs/hook/pkg_config_path_multiarch.ps1'
[7.190s] INFO:colcon.colcon_core.shell:Creating environment descriptor '/home/autopilot/ws/restackcell/ws_moveit2/install/robo_planner_msgs/share/robo_planner_msgs/hook/pkg_config_path_multiarch.dsv'
[7.191s] INFO:colcon.colcon_core.shell:Creating environment hook '/home/autopilot/ws/restackcell/ws_moveit2/install/robo_planner_msgs/share/robo_planner_msgs/hook/pkg_config_path_multiarch.sh'
[7.192s] Level 1:colcon.colcon_core.environment:create_environment_scripts_only(robo_planner_msgs)
[7.193s] Level 1:colcon.colcon_core.environment:checking '/home/autopilot/ws/restackcell/ws_moveit2/install/robo_planner_msgs' for CMake module files
[7.195s] Level 1:colcon.colcon_core.environment:checking '/home/autopilot/ws/restackcell/ws_moveit2/install/robo_planner_msgs' for CMake config files
[7.195s] Level 1:colcon.colcon_core.shell:create_environment_hook('robo_planner_msgs', 'cmake_prefix_path')
[7.196s] INFO:colcon.colcon_core.shell:Creating environment hook '/home/autopilot/ws/restackcell/ws_moveit2/install/robo_planner_msgs/share/robo_planner_msgs/hook/cmake_prefix_path.ps1'
[7.197s] INFO:colcon.colcon_core.shell:Creating environment descriptor '/home/autopilot/ws/restackcell/ws_moveit2/install/robo_planner_msgs/share/robo_planner_msgs/hook/cmake_prefix_path.dsv'
[7.197s] INFO:colcon.colcon_core.shell:Creating environment hook '/home/autopilot/ws/restackcell/ws_moveit2/install/robo_planner_msgs/share/robo_planner_msgs/hook/cmake_prefix_path.sh'
[7.198s] Level 1:colcon.colcon_core.environment:checking '/home/autopilot/ws/restackcell/ws_moveit2/install/robo_planner_msgs/lib'
[7.199s] Level 1:colcon.colcon_core.shell:create_environment_hook('robo_planner_msgs', 'ld_library_path_lib')
[7.199s] INFO:colcon.colcon_core.shell:Creating environment hook '/home/autopilot/ws/restackcell/ws_moveit2/install/robo_planner_msgs/share/robo_planner_msgs/hook/ld_library_path_lib.ps1'
[7.200s] INFO:colcon.colcon_core.shell:Creating environment descriptor '/home/autopilot/ws/restackcell/ws_moveit2/install/robo_planner_msgs/share/robo_planner_msgs/hook/ld_library_path_lib.dsv'
[7.201s] INFO:colcon.colcon_core.shell:Creating environment hook '/home/autopilot/ws/restackcell/ws_moveit2/install/robo_planner_msgs/share/robo_planner_msgs/hook/ld_library_path_lib.sh'
[7.202s] Level 1:colcon.colcon_core.environment:checking '/home/autopilot/ws/restackcell/ws_moveit2/install/robo_planner_msgs/bin'
[7.202s] Level 1:colcon.colcon_core.environment:checking '/home/autopilot/ws/restackcell/ws_moveit2/install/robo_planner_msgs/lib/pkgconfig/robo_planner_msgs.pc'
[7.202s] Level 1:colcon.colcon_core.environment:checking '/home/autopilot/ws/restackcell/ws_moveit2/install/robo_planner_msgs/lib/python3.10/site-packages'
[7.202s] Level 1:colcon.colcon_core.environment:checking '/home/autopilot/ws/restackcell/ws_moveit2/install/robo_planner_msgs/bin'
[7.203s] INFO:colcon.colcon_core.shell:Creating package script '/home/autopilot/ws/restackcell/ws_moveit2/install/robo_planner_msgs/share/robo_planner_msgs/package.ps1'
[7.205s] INFO:colcon.colcon_core.shell:Creating package descriptor '/home/autopilot/ws/restackcell/ws_moveit2/install/robo_planner_msgs/share/robo_planner_msgs/package.dsv'
[7.206s] INFO:colcon.colcon_core.shell:Creating package script '/home/autopilot/ws/restackcell/ws_moveit2/install/robo_planner_msgs/share/robo_planner_msgs/package.sh'
[7.207s] INFO:colcon.colcon_core.shell:Creating package script '/home/autopilot/ws/restackcell/ws_moveit2/install/robo_planner_msgs/share/robo_planner_msgs/package.bash'
[7.208s] INFO:colcon.colcon_core.shell:Creating package script '/home/autopilot/ws/restackcell/ws_moveit2/install/robo_planner_msgs/share/robo_planner_msgs/package.zsh'
[7.209s] Level 1:colcon.colcon_core.environment:create_file_with_runtime_dependencies(/home/autopilot/ws/restackcell/ws_moveit2/install/robo_planner_msgs/share/colcon-core/packages/robo_planner_msgs)
[7.257s] Level 1:colcon.colcon_core.shell:create_environment_hook('wzlscheduler_interfaces', 'ros_package_path')
[7.257s] INFO:colcon.colcon_core.shell:Creating environment hook '/home/autopilot/ws/restackcell/ws_moveit2/install/wzlscheduler_interfaces/share/wzlscheduler_interfaces/hook/ros_package_path.ps1'
[7.259s] INFO:colcon.colcon_core.shell:Creating environment descriptor '/home/autopilot/ws/restackcell/ws_moveit2/install/wzlscheduler_interfaces/share/wzlscheduler_interfaces/hook/ros_package_path.dsv'
[7.261s] INFO:colcon.colcon_core.shell:Creating environment hook '/home/autopilot/ws/restackcell/ws_moveit2/install/wzlscheduler_interfaces/share/wzlscheduler_interfaces/hook/ros_package_path.sh'
[7.265s] Level 1:colcon.colcon_ros.task.catkin:checking '/home/autopilot/ws/restackcell/ws_moveit2/install/wzlscheduler_interfaces/local/lib/python3.10/dist-packages'
[7.265s] Level 1:colcon.colcon_core.shell:create_environment_hook('wzlscheduler_interfaces', 'catkin_pythonpath')
[7.266s] INFO:colcon.colcon_core.shell:Creating environment hook '/home/autopilot/ws/restackcell/ws_moveit2/install/wzlscheduler_interfaces/share/wzlscheduler_interfaces/hook/catkin_pythonpath.ps1'
[7.267s] INFO:colcon.colcon_core.shell:Creating environment descriptor '/home/autopilot/ws/restackcell/ws_moveit2/install/wzlscheduler_interfaces/share/wzlscheduler_interfaces/hook/catkin_pythonpath.dsv'
[7.267s] INFO:colcon.colcon_core.shell:Creating environment hook '/home/autopilot/ws/restackcell/ws_moveit2/install/wzlscheduler_interfaces/share/wzlscheduler_interfaces/hook/catkin_pythonpath.sh'
[7.269s] Level 1:colcon.colcon_core.shell:create_environment_hook('wzlscheduler_interfaces', 'pkg_config_path')
[7.270s] INFO:colcon.colcon_core.shell:Creating environment hook '/home/autopilot/ws/restackcell/ws_moveit2/install/wzlscheduler_interfaces/share/wzlscheduler_interfaces/hook/pkg_config_path.ps1'
[7.272s] INFO:colcon.colcon_core.shell:Creating environment descriptor '/home/autopilot/ws/restackcell/ws_moveit2/install/wzlscheduler_interfaces/share/wzlscheduler_interfaces/hook/pkg_config_path.dsv'
[7.273s] INFO:colcon.colcon_core.shell:Creating environment hook '/home/autopilot/ws/restackcell/ws_moveit2/install/wzlscheduler_interfaces/share/wzlscheduler_interfaces/hook/pkg_config_path.sh'
[7.273s] Level 1:colcon.colcon_core.shell:create_environment_hook('wzlscheduler_interfaces', 'pkg_config_path_multiarch')
[7.274s] INFO:colcon.colcon_core.shell:Creating environment hook '/home/autopilot/ws/restackcell/ws_moveit2/install/wzlscheduler_interfaces/share/wzlscheduler_interfaces/hook/pkg_config_path_multiarch.ps1'
[7.275s] INFO:colcon.colcon_core.shell:Creating environment descriptor '/home/autopilot/ws/restackcell/ws_moveit2/install/wzlscheduler_interfaces/share/wzlscheduler_interfaces/hook/pkg_config_path_multiarch.dsv'
[7.276s] INFO:colcon.colcon_core.shell:Creating environment hook '/home/autopilot/ws/restackcell/ws_moveit2/install/wzlscheduler_interfaces/share/wzlscheduler_interfaces/hook/pkg_config_path_multiarch.sh'
[7.277s] Level 1:colcon.colcon_core.environment:create_environment_scripts_only(wzlscheduler_interfaces)
[7.278s] Level 1:colcon.colcon_core.environment:checking '/home/autopilot/ws/restackcell/ws_moveit2/install/wzlscheduler_interfaces' for CMake module files
[7.279s] Level 1:colcon.colcon_core.environment:checking '/home/autopilot/ws/restackcell/ws_moveit2/install/wzlscheduler_interfaces' for CMake config files
[7.279s] Level 1:colcon.colcon_core.shell:create_environment_hook('wzlscheduler_interfaces', 'cmake_prefix_path')
[7.279s] INFO:colcon.colcon_core.shell:Creating environment hook '/home/autopilot/ws/restackcell/ws_moveit2/install/wzlscheduler_interfaces/share/wzlscheduler_interfaces/hook/cmake_prefix_path.ps1'
[7.280s] INFO:colcon.colcon_core.shell:Creating environment descriptor '/home/autopilot/ws/restackcell/ws_moveit2/install/wzlscheduler_interfaces/share/wzlscheduler_interfaces/hook/cmake_prefix_path.dsv'
[7.281s] INFO:colcon.colcon_core.shell:Creating environment hook '/home/autopilot/ws/restackcell/ws_moveit2/install/wzlscheduler_interfaces/share/wzlscheduler_interfaces/hook/cmake_prefix_path.sh'
[7.282s] Level 1:colcon.colcon_core.environment:checking '/home/autopilot/ws/restackcell/ws_moveit2/install/wzlscheduler_interfaces/lib'
[7.282s] Level 1:colcon.colcon_core.shell:create_environment_hook('wzlscheduler_interfaces', 'ld_library_path_lib')
[7.282s] INFO:colcon.colcon_core.shell:Creating environment hook '/home/autopilot/ws/restackcell/ws_moveit2/install/wzlscheduler_interfaces/share/wzlscheduler_interfaces/hook/ld_library_path_lib.ps1'
[7.283s] INFO:colcon.colcon_core.shell:Creating environment descriptor '/home/autopilot/ws/restackcell/ws_moveit2/install/wzlscheduler_interfaces/share/wzlscheduler_interfaces/hook/ld_library_path_lib.dsv'
[7.283s] INFO:colcon.colcon_core.shell:Creating environment hook '/home/autopilot/ws/restackcell/ws_moveit2/install/wzlscheduler_interfaces/share/wzlscheduler_interfaces/hook/ld_library_path_lib.sh'
[7.284s] Level 1:colcon.colcon_core.environment:checking '/home/autopilot/ws/restackcell/ws_moveit2/install/wzlscheduler_interfaces/bin'
[7.284s] Level 1:colcon.colcon_core.environment:checking '/home/autopilot/ws/restackcell/ws_moveit2/install/wzlscheduler_interfaces/lib/pkgconfig/wzlscheduler_interfaces.pc'
[7.285s] Level 1:colcon.colcon_core.environment:checking '/home/autopilot/ws/restackcell/ws_moveit2/install/wzlscheduler_interfaces/lib/python3.10/site-packages'
[7.285s] Level 1:colcon.colcon_core.environment:checking '/home/autopilot/ws/restackcell/ws_moveit2/install/wzlscheduler_interfaces/bin'
[7.286s] INFO:colcon.colcon_core.shell:Creating package script '/home/autopilot/ws/restackcell/ws_moveit2/install/wzlscheduler_interfaces/share/wzlscheduler_interfaces/package.ps1'
[7.287s] INFO:colcon.colcon_core.shell:Creating package descriptor '/home/autopilot/ws/restackcell/ws_moveit2/install/wzlscheduler_interfaces/share/wzlscheduler_interfaces/package.dsv'
[7.288s] INFO:colcon.colcon_core.shell:Creating package script '/home/autopilot/ws/restackcell/ws_moveit2/install/wzlscheduler_interfaces/share/wzlscheduler_interfaces/package.sh'
[7.289s] INFO:colcon.colcon_core.shell:Creating package script '/home/autopilot/ws/restackcell/ws_moveit2/install/wzlscheduler_interfaces/share/wzlscheduler_interfaces/package.bash'
[7.290s] INFO:colcon.colcon_core.shell:Creating package script '/home/autopilot/ws/restackcell/ws_moveit2/install/wzlscheduler_interfaces/share/wzlscheduler_interfaces/package.zsh'
[7.291s] Level 1:colcon.colcon_core.environment:create_file_with_runtime_dependencies(/home/autopilot/ws/restackcell/ws_moveit2/install/wzlscheduler_interfaces/share/colcon-core/packages/wzlscheduler_interfaces)
[7.292s] INFO:colcon.colcon_ros.task.ament_python.build:Building ROS package in '/home/autopilot/ws/restackcell/ws_moveit2/src/grid_snapper' with build type 'ament_python'
[7.293s] Level 1:colcon.colcon_core.shell:create_environment_hook('grid_snapper', 'ament_prefix_path')
[7.293s] INFO:colcon.colcon_core.shell:Creating environment hook '/home/autopilot/ws/restackcell/ws_moveit2/install/grid_snapper/share/grid_snapper/hook/ament_prefix_path.ps1'
[7.294s] INFO:colcon.colcon_core.shell:Creating environment descriptor '/home/autopilot/ws/restackcell/ws_moveit2/install/grid_snapper/share/grid_snapper/hook/ament_prefix_path.dsv'
[7.295s] INFO:colcon.colcon_core.shell:Creating environment hook '/home/autopilot/ws/restackcell/ws_moveit2/install/grid_snapper/share/grid_snapper/hook/ament_prefix_path.sh'
[7.296s] INFO:colcon.colcon_core.shell:Skip shell extension 'powershell' for command environment: Not usable outside of PowerShell
[7.296s] DEBUG:colcon.colcon_core.shell:Skip shell extension 'dsv' for command environment
[7.313s] INFO:colcon.colcon_ros.task.ament_cmake.build:Building ROS package in '/home/autopilot/ws/restackcell/ws_moveit2/src/mockup_robot' with build type 'ament_cmake'
[7.314s] INFO:colcon.colcon_cmake.task.cmake.build:Building CMake package in '/home/autopilot/ws/restackcell/ws_moveit2/src/mockup_robot'
[7.315s] INFO:colcon.colcon_core.shell:Skip shell extension 'powershell' for command environment: Not usable outside of PowerShell
[7.315s] DEBUG:colcon.colcon_core.shell:Skip shell extension 'dsv' for command environment
[7.326s] INFO:colcon.colcon_ros.task.ament_cmake.build:Building ROS package in '/home/autopilot/ws/restackcell/ws_moveit2/src/moveit_backend' with build type 'ament_cmake'
[7.327s] INFO:colcon.colcon_cmake.task.cmake.build:Building CMake package in '/home/autopilot/ws/restackcell/ws_moveit2/src/moveit_backend'
[7.328s] INFO:colcon.colcon_core.shell:Skip shell extension 'powershell' for command environment: Not usable outside of PowerShell
[7.328s] DEBUG:colcon.colcon_core.shell:Skip shell extension 'dsv' for command environment
[7.346s] INFO:colcon.colcon_ros.task.ament_cmake.build:Building ROS package in '/home/autopilot/ws/restackcell/ws_moveit2/src/robo_planner' with build type 'ament_cmake'
[7.346s] INFO:colcon.colcon_cmake.task.cmake.build:Building CMake package in '/home/autopilot/ws/restackcell/ws_moveit2/src/robo_planner'
[7.347s] INFO:colcon.colcon_core.shell:Skip shell extension 'powershell' for command environment: Not usable outside of PowerShell
[7.347s] DEBUG:colcon.colcon_core.shell:Skip shell extension 'dsv' for command environment
[7.366s] INFO:colcon.colcon_ros.task.ament_python.build:Building ROS package in '/home/autopilot/ws/restackcell/ws_moveit2/src/robo_planner_py' with build type 'ament_python'
[7.367s] Level 1:colcon.colcon_core.shell:create_environment_hook('robo_planner_py', 'ament_prefix_path')
[7.367s] INFO:colcon.colcon_core.shell:Creating environment hook '/home/autopilot/ws/restackcell/ws_moveit2/install/robo_planner_py/share/robo_planner_py/hook/ament_prefix_path.ps1'
[7.369s] INFO:colcon.colcon_core.shell:Creating environment descriptor '/home/autopilot/ws/restackcell/ws_moveit2/install/robo_planner_py/share/robo_planner_py/hook/ament_prefix_path.dsv'
[7.370s] INFO:colcon.colcon_core.shell:Creating environment hook '/home/autopilot/ws/restackcell/ws_moveit2/install/robo_planner_py/share/robo_planner_py/hook/ament_prefix_path.sh'
[7.371s] INFO:colcon.colcon_core.shell:Skip shell extension 'powershell' for command environment: Not usable outside of PowerShell
[7.371s] DEBUG:colcon.colcon_core.shell:Skip shell extension 'dsv' for command environment
[8.022s] INFO:colcon.colcon_core.task.python.build:Building Python package in '/home/autopilot/ws/restackcell/ws_moveit2/src/grid_snapper'
[8.023s] INFO:colcon.colcon_core.shell:Skip shell extension 'powershell' for command environment: Not usable outside of PowerShell
[8.024s] DEBUG:colcon.colcon_core.shell:Skip shell extension 'dsv' for command environment
[8.047s] DEBUG:colcon.colcon_core.event_handler.log_command:Invoking command in '/home/autopilot/ws/restackcell/ws_moveit2/build/mockup_robot': CMAKE_PREFIX_PATH=/home/autopilot/ws/restackcell/ws_moveit2/install/robo_planner_py:/home/autopilot/ws/restackcell/ws_moveit2/install/grid_snapper:/home/autopilot/ws/restackcell/ws_moveit2/install/opcua_client:/home/autopilot/ws/restackcell/ws_moveit2/install/interface_opcua:/opt/ros/humble:/home/autopilot/ws/restackcell/ws_moveit2/install/wzlscheduler_interfaces:/home/autopilot/ws/restackcell/ws_moveit2/install/robo_planner:/home/autopilot/ws/restackcell/ws_moveit2/install/pcl_segmentation:/home/autopilot/ws/restackcell/ws_moveit2/install/moveit_backend:/home/autopilot/ws/restackcell/ws_moveit2/install/mockup_robot:/home/autopilot/ws/restackcell/ws_moveit2/install/ur_pilz:/home/autopilot/ws/restackcell/ws_moveit2/install/robo_planner_msgs:/home/autopilot/ws/restackcell/ws_moveit2/install/opcua_interfaces PYTHONPATH=/home/autopilot/ws/restackcell/ws_moveit2/install/wzlscheduler_interfaces/local/lib/python3.10/dist-packages:/home/autopilot/ws/restackcell/ws_moveit2/install/robo_planner_py/lib/python3.10/site-packages:/home/autopilot/ws/restackcell/ws_moveit2/install/grid_snapper/lib/python3.10/site-packages:/home/autopilot/ws/restackcell/ws_moveit2/install/robo_planner_msgs/local/lib/python3.10/dist-packages:/home/autopilot/ws/restackcell/ws_moveit2/install/opcua_client/lib/python3.10/site-packages:/home/autopilot/ws/restackcell/ws_moveit2/install/opcua_interfaces/local/lib/python3.10/dist-packages:/home/autopilot/ws/restackcell/ws_moveit2/install/interface_opcua/lib/python3.10/site-packages:/opt/ros/humble/lib/python3.10/site-packages:/opt/ros/humble/local/lib/python3.10/dist-packages /usr/bin/cmake --build /home/autopilot/ws/restackcell/ws_moveit2/build/mockup_robot -- -j8 -l8
[8.066s] DEBUG:colcon.colcon_core.event_handler.log_command:Invoking command in '/home/autopilot/ws/restackcell/ws_moveit2/build/moveit_backend': CMAKE_PREFIX_PATH=/home/autopilot/ws/restackcell/ws_moveit2/install/robo_planner_py:/home/autopilot/ws/restackcell/ws_moveit2/install/grid_snapper:/home/autopilot/ws/restackcell/ws_moveit2/install/opcua_client:/home/autopilot/ws/restackcell/ws_moveit2/install/interface_opcua:/opt/ros/humble:/home/autopilot/ws/restackcell/ws_moveit2/install/wzlscheduler_interfaces:/home/autopilot/ws/restackcell/ws_moveit2/install/robo_planner:/home/autopilot/ws/restackcell/ws_moveit2/install/pcl_segmentation:/home/autopilot/ws/restackcell/ws_moveit2/install/moveit_backend:/home/autopilot/ws/restackcell/ws_moveit2/install/mockup_robot:/home/autopilot/ws/restackcell/ws_moveit2/install/ur_pilz:/home/autopilot/ws/restackcell/ws_moveit2/install/robo_planner_msgs:/home/autopilot/ws/restackcell/ws_moveit2/install/opcua_interfaces PYTHONPATH=/home/autopilot/ws/restackcell/ws_moveit2/install/wzlscheduler_interfaces/local/lib/python3.10/dist-packages:/home/autopilot/ws/restackcell/ws_moveit2/install/robo_planner_py/lib/python3.10/site-packages:/home/autopilot/ws/restackcell/ws_moveit2/install/grid_snapper/lib/python3.10/site-packages:/home/autopilot/ws/restackcell/ws_moveit2/install/robo_planner_msgs/local/lib/python3.10/dist-packages:/home/autopilot/ws/restackcell/ws_moveit2/install/opcua_client/lib/python3.10/site-packages:/home/autopilot/ws/restackcell/ws_moveit2/install/opcua_interfaces/local/lib/python3.10/dist-packages:/home/autopilot/ws/restackcell/ws_moveit2/install/interface_opcua/lib/python3.10/site-packages:/opt/ros/humble/lib/python3.10/site-packages:/opt/ros/humble/local/lib/python3.10/dist-packages /usr/bin/cmake --build /home/autopilot/ws/restackcell/ws_moveit2/build/moveit_backend -- -j8 -l8
[8.083s] DEBUG:colcon.colcon_core.event_handler.log_command:Invoking command in '/home/autopilot/ws/restackcell/ws_moveit2/build/robo_planner': CMAKE_PREFIX_PATH=/home/autopilot/ws/restackcell/ws_moveit2/install/robo_planner_py:/home/autopilot/ws/restackcell/ws_moveit2/install/grid_snapper:/home/autopilot/ws/restackcell/ws_moveit2/install/opcua_client:/home/autopilot/ws/restackcell/ws_moveit2/install/interface_opcua:/opt/ros/humble:/home/autopilot/ws/restackcell/ws_moveit2/install/wzlscheduler_interfaces:/home/autopilot/ws/restackcell/ws_moveit2/install/opcua_interfaces:/home/autopilot/ws/restackcell/ws_moveit2/install/robo_planner:/home/autopilot/ws/restackcell/ws_moveit2/install/pcl_segmentation:/home/autopilot/ws/restackcell/ws_moveit2/install/moveit_backend:/home/autopilot/ws/restackcell/ws_moveit2/install/mockup_robot:/home/autopilot/ws/restackcell/ws_moveit2/install/ur_pilz:/home/autopilot/ws/restackcell/ws_moveit2/install/robo_planner_msgs LD_LIBRARY_PATH=/home/autopilot/ws/restackcell/ws_moveit2/install/wzlscheduler_interfaces/lib:/home/autopilot/ws/restackcell/ws_moveit2/install/opcua_interfaces/lib:/home/autopilot/ws/restackcell/ws_moveit2/install/robo_planner_msgs/lib:/opt/ros/humble/opt/rviz_ogre_vendor/lib:/opt/ros/humble/lib/aarch64-linux-gnu:/opt/ros/humble/lib PYTHONPATH=/home/autopilot/ws/restackcell/ws_moveit2/install/wzlscheduler_interfaces/local/lib/python3.10/dist-packages:/home/autopilot/ws/restackcell/ws_moveit2/install/robo_planner_py/lib/python3.10/site-packages:/home/autopilot/ws/restackcell/ws_moveit2/install/grid_snapper/lib/python3.10/site-packages:/home/autopilot/ws/restackcell/ws_moveit2/install/robo_planner_msgs/local/lib/python3.10/dist-packages:/home/autopilot/ws/restackcell/ws_moveit2/install/opcua_client/lib/python3.10/site-packages:/home/autopilot/ws/restackcell/ws_moveit2/install/opcua_interfaces/local/lib/python3.10/dist-packages:/home/autopilot/ws/restackcell/ws_moveit2/install/interface_opcua/lib/python3.10/site-packages:/opt/ros/humble/lib/python3.10/site-packages:/opt/ros/humble/local/lib/python3.10/dist-packages /usr/bin/cmake --build /home/autopilot/ws/restackcell/ws_moveit2/build/robo_planner -- -j8 -l8
[8.667s] INFO:colcon.colcon_core.task.python.build:Building Python package in '/home/autopilot/ws/restackcell/ws_moveit2/src/robo_planner_py'
[8.668s] INFO:colcon.colcon_core.shell:Skip shell extension 'powershell' for command environment: Not usable outside of PowerShell
[8.668s] DEBUG:colcon.colcon_core.shell:Skip shell extension 'dsv' for command environment
[8.690s] DEBUG:colcon.colcon_core.event_handler.log_command:Invoked command in '/home/autopilot/ws/restackcell/ws_moveit2/build/mockup_robot' returned '0': CMAKE_PREFIX_PATH=/home/autopilot/ws/restackcell/ws_moveit2/install/robo_planner_py:/home/autopilot/ws/restackcell/ws_moveit2/install/grid_snapper:/home/autopilot/ws/restackcell/ws_moveit2/install/opcua_client:/home/autopilot/ws/restackcell/ws_moveit2/install/interface_opcua:/opt/ros/humble:/home/autopilot/ws/restackcell/ws_moveit2/install/wzlscheduler_interfaces:/home/autopilot/ws/restackcell/ws_moveit2/install/robo_planner:/home/autopilot/ws/restackcell/ws_moveit2/install/pcl_segmentation:/home/autopilot/ws/restackcell/ws_moveit2/install/moveit_backend:/home/autopilot/ws/restackcell/ws_moveit2/install/mockup_robot:/home/autopilot/ws/restackcell/ws_moveit2/install/ur_pilz:/home/autopilot/ws/restackcell/ws_moveit2/install/robo_planner_msgs:/home/autopilot/ws/restackcell/ws_moveit2/install/opcua_interfaces PYTHONPATH=/home/autopilot/ws/restackcell/ws_moveit2/install/wzlscheduler_interfaces/local/lib/python3.10/dist-packages:/home/autopilot/ws/restackcell/ws_moveit2/install/robo_planner_py/lib/python3.10/site-packages:/home/autopilot/ws/restackcell/ws_moveit2/install/grid_snapper/lib/python3.10/site-packages:/home/autopilot/ws/restackcell/ws_moveit2/install/robo_planner_msgs/local/lib/python3.10/dist-packages:/home/autopilot/ws/restackcell/ws_moveit2/install/opcua_client/lib/python3.10/site-packages:/home/autopilot/ws/restackcell/ws_moveit2/install/opcua_interfaces/local/lib/python3.10/dist-packages:/home/autopilot/ws/restackcell/ws_moveit2/install/interface_opcua/lib/python3.10/site-packages:/opt/ros/humble/lib/python3.10/site-packages:/opt/ros/humble/local/lib/python3.10/dist-packages /usr/bin/cmake --build /home/autopilot/ws/restackcell/ws_moveit2/build/mockup_robot -- -j8 -l8
[8.694s] DEBUG:colcon.colcon_core.event_handler.log_command:Invoked command in '/home/autopilot/ws/restackcell/ws_moveit2/build/robo_planner' returned '0': CMAKE_PREFIX_PATH=/home/autopilot/ws/restackcell/ws_moveit2/install/robo_planner_py:/home/autopilot/ws/restackcell/ws_moveit2/install/grid_snapper:/home/autopilot/ws/restackcell/ws_moveit2/install/opcua_client:/home/autopilot/ws/restackcell/ws_moveit2/install/interface_opcua:/opt/ros/humble:/home/autopilot/ws/restackcell/ws_moveit2/install/wzlscheduler_interfaces:/home/autopilot/ws/restackcell/ws_moveit2/install/opcua_interfaces:/home/autopilot/ws/restackcell/ws_moveit2/install/robo_planner:/home/autopilot/ws/restackcell/ws_moveit2/install/pcl_segmentation:/home/autopilot/ws/restackcell/ws_moveit2/install/moveit_backend:/home/autopilot/ws/restackcell/ws_moveit2/install/mockup_robot:/home/autopilot/ws/restackcell/ws_moveit2/install/ur_pilz:/home/autopilot/ws/restackcell/ws_moveit2/install/robo_planner_msgs LD_LIBRARY_PATH=/home/autopilot/ws/restackcell/ws_moveit2/install/wzlscheduler_interfaces/lib:/home/autopilot/ws/restackcell/ws_moveit2/install/opcua_interfaces/lib:/home/autopilot/ws/restackcell/ws_moveit2/install/robo_planner_msgs/lib:/opt/ros/humble/opt/rviz_ogre_vendor/lib:/opt/ros/humble/lib/aarch64-linux-gnu:/opt/ros/humble/lib PYTHONPATH=/home/autopilot/ws/restackcell/ws_moveit2/install/wzlscheduler_interfaces/local/lib/python3.10/dist-packages:/home/autopilot/ws/restackcell/ws_moveit2/install/robo_planner_py/lib/python3.10/site-packages:/home/autopilot/ws/restackcell/ws_moveit2/install/grid_snapper/lib/python3.10/site-packages:/home/autopilot/ws/restackcell/ws_moveit2/install/robo_planner_msgs/local/lib/python3.10/dist-packages:/home/autopilot/ws/restackcell/ws_moveit2/install/opcua_client/lib/python3.10/site-packages:/home/autopilot/ws/restackcell/ws_moveit2/install/opcua_interfaces/local/lib/python3.10/dist-packages:/home/autopilot/ws/restackcell/ws_moveit2/install/interface_opcua/lib/python3.10/site-packages:/opt/ros/humble/lib/python3.10/site-packages:/opt/ros/humble/local/lib/python3.10/dist-packages /usr/bin/cmake --build /home/autopilot/ws/restackcell/ws_moveit2/build/robo_planner -- -j8 -l8
[8.810s] DEBUG:colcon.colcon_core.event_handler.log_command:Invoking command in '/home/autopilot/ws/restackcell/ws_moveit2/build/mockup_robot': CMAKE_PREFIX_PATH=/home/autopilot/ws/restackcell/ws_moveit2/install/robo_planner_py:/home/autopilot/ws/restackcell/ws_moveit2/install/grid_snapper:/home/autopilot/ws/restackcell/ws_moveit2/install/opcua_client:/home/autopilot/ws/restackcell/ws_moveit2/install/interface_opcua:/opt/ros/humble:/home/autopilot/ws/restackcell/ws_moveit2/install/wzlscheduler_interfaces:/home/autopilot/ws/restackcell/ws_moveit2/install/robo_planner:/home/autopilot/ws/restackcell/ws_moveit2/install/pcl_segmentation:/home/autopilot/ws/restackcell/ws_moveit2/install/moveit_backend:/home/autopilot/ws/restackcell/ws_moveit2/install/mockup_robot:/home/autopilot/ws/restackcell/ws_moveit2/install/ur_pilz:/home/autopilot/ws/restackcell/ws_moveit2/install/robo_planner_msgs:/home/autopilot/ws/restackcell/ws_moveit2/install/opcua_interfaces PYTHONPATH=/home/autopilot/ws/restackcell/ws_moveit2/install/wzlscheduler_interfaces/local/lib/python3.10/dist-packages:/home/autopilot/ws/restackcell/ws_moveit2/install/robo_planner_py/lib/python3.10/site-packages:/home/autopilot/ws/restackcell/ws_moveit2/install/grid_snapper/lib/python3.10/site-packages:/home/autopilot/ws/restackcell/ws_moveit2/install/robo_planner_msgs/local/lib/python3.10/dist-packages:/home/autopilot/ws/restackcell/ws_moveit2/install/opcua_client/lib/python3.10/site-packages:/home/autopilot/ws/restackcell/ws_moveit2/install/opcua_interfaces/local/lib/python3.10/dist-packages:/home/autopilot/ws/restackcell/ws_moveit2/install/interface_opcua/lib/python3.10/site-packages:/opt/ros/humble/lib/python3.10/site-packages:/opt/ros/humble/local/lib/python3.10/dist-packages /usr/bin/cmake --install /home/autopilot/ws/restackcell/ws_moveit2/build/mockup_robot
[8.856s] Level 1:colcon.colcon_core.environment:create_environment_scripts_only(mockup_robot)
[8.856s] Level 1:colcon.colcon_core.environment:checking '/home/autopilot/ws/restackcell/ws_moveit2/install/mockup_robot' for CMake module files
[8.857s] Level 1:colcon.colcon_core.environment:checking '/home/autopilot/ws/restackcell/ws_moveit2/install/mockup_robot' for CMake config files
[8.858s] Level 1:colcon.colcon_core.shell:create_environment_hook('mockup_robot', 'cmake_prefix_path')
[8.858s] INFO:colcon.colcon_core.shell:Creating environment hook '/home/autopilot/ws/restackcell/ws_moveit2/install/mockup_robot/share/mockup_robot/hook/cmake_prefix_path.ps1'
[8.860s] INFO:colcon.colcon_core.shell:Creating environment descriptor '/home/autopilot/ws/restackcell/ws_moveit2/install/mockup_robot/share/mockup_robot/hook/cmake_prefix_path.dsv'
[8.863s] DEBUG:colcon.colcon_core.event_handler.log_command:Invoked command in '/home/autopilot/ws/restackcell/ws_moveit2/build/mockup_robot' returned '0': CMAKE_PREFIX_PATH=/home/autopilot/ws/restackcell/ws_moveit2/install/robo_planner_py:/home/autopilot/ws/restackcell/ws_moveit2/install/grid_snapper:/home/autopilot/ws/restackcell/ws_moveit2/install/opcua_client:/home/autopilot/ws/restackcell/ws_moveit2/install/interface_opcua:/opt/ros/humble:/home/autopilot/ws/restackcell/ws_moveit2/install/wzlscheduler_interfaces:/home/autopilot/ws/restackcell/ws_moveit2/install/robo_planner:/home/autopilot/ws/restackcell/ws_moveit2/install/pcl_segmentation:/home/autopilot/ws/restackcell/ws_moveit2/install/moveit_backend:/home/autopilot/ws/restackcell/ws_moveit2/install/mockup_robot:/home/autopilot/ws/restackcell/ws_moveit2/install/ur_pilz:/home/autopilot/ws/restackcell/ws_moveit2/install/robo_planner_msgs:/home/autopilot/ws/restackcell/ws_moveit2/install/opcua_interfaces PYTHONPATH=/home/autopilot/ws/restackcell/ws_moveit2/install/wzlscheduler_interfaces/local/lib/python3.10/dist-packages:/home/autopilot/ws/restackcell/ws_moveit2/install/robo_planner_py/lib/python3.10/site-packages:/home/autopilot/ws/restackcell/ws_moveit2/install/grid_snapper/lib/python3.10/site-packages:/home/autopilot/ws/restackcell/ws_moveit2/install/robo_planner_msgs/local/lib/python3.10/dist-packages:/home/autopilot/ws/restackcell/ws_moveit2/install/opcua_client/lib/python3.10/site-packages:/home/autopilot/ws/restackcell/ws_moveit2/install/opcua_interfaces/local/lib/python3.10/dist-packages:/home/autopilot/ws/restackcell/ws_moveit2/install/interface_opcua/lib/python3.10/site-packages:/opt/ros/humble/lib/python3.10/site-packages:/opt/ros/humble/local/lib/python3.10/dist-packages /usr/bin/cmake --install /home/autopilot/ws/restackcell/ws_moveit2/build/mockup_robot
[8.864s] INFO:colcon.colcon_core.shell:Creating environment hook '/home/autopilot/ws/restackcell/ws_moveit2/install/mockup_robot/share/mockup_robot/hook/cmake_prefix_path.sh'
[8.867s] Level 1:colcon.colcon_core.environment:checking '/home/autopilot/ws/restackcell/ws_moveit2/install/mockup_robot/lib'
[8.867s] Level 1:colcon.colcon_core.environment:checking '/home/autopilot/ws/restackcell/ws_moveit2/install/mockup_robot/bin'
[8.867s] Level 1:colcon.colcon_core.environment:checking '/home/autopilot/ws/restackcell/ws_moveit2/install/mockup_robot/lib/pkgconfig/mockup_robot.pc'
[8.868s] Level 1:colcon.colcon_core.environment:checking '/home/autopilot/ws/restackcell/ws_moveit2/install/mockup_robot/lib/python3.10/site-packages'
[8.868s] Level 1:colcon.colcon_core.environment:checking '/home/autopilot/ws/restackcell/ws_moveit2/install/mockup_robot/bin'
[8.869s] INFO:colcon.colcon_core.shell:Creating package script '/home/autopilot/ws/restackcell/ws_moveit2/install/mockup_robot/share/mockup_robot/package.ps1'
[8.870s] INFO:colcon.colcon_core.shell:Creating package descriptor '/home/autopilot/ws/restackcell/ws_moveit2/install/mockup_robot/share/mockup_robot/package.dsv'
[8.871s] INFO:colcon.colcon_core.shell:Creating package script '/home/autopilot/ws/restackcell/ws_moveit2/install/mockup_robot/share/mockup_robot/package.sh'
[8.872s] INFO:colcon.colcon_core.shell:Creating package script '/home/autopilot/ws/restackcell/ws_moveit2/install/mockup_robot/share/mockup_robot/package.bash'
[8.873s] INFO:colcon.colcon_core.shell:Creating package script '/home/autopilot/ws/restackcell/ws_moveit2/install/mockup_robot/share/mockup_robot/package.zsh'
[8.874s] Level 1:colcon.colcon_core.environment:create_file_with_runtime_dependencies(/home/autopilot/ws/restackcell/ws_moveit2/install/mockup_robot/share/colcon-core/packages/mockup_robot)
[9.065s] Level 1:colcon.colcon_core.environment:create_environment_scripts_only(mockup_robot)
[9.066s] Level 1:colcon.colcon_core.environment:checking '/home/autopilot/ws/restackcell/ws_moveit2/install/mockup_robot' for CMake module files
[9.066s] Level 1:colcon.colcon_core.environment:checking '/home/autopilot/ws/restackcell/ws_moveit2/install/mockup_robot' for CMake config files
[9.067s] Level 1:colcon.colcon_core.shell:create_environment_hook('mockup_robot', 'cmake_prefix_path')
[9.067s] INFO:colcon.colcon_core.shell:Creating environment hook '/home/autopilot/ws/restackcell/ws_moveit2/install/mockup_robot/share/mockup_robot/hook/cmake_prefix_path.ps1'
[9.068s] INFO:colcon.colcon_core.shell:Creating environment descriptor '/home/autopilot/ws/restackcell/ws_moveit2/install/mockup_robot/share/mockup_robot/hook/cmake_prefix_path.dsv'
[9.069s] INFO:colcon.colcon_core.shell:Creating environment hook '/home/autopilot/ws/restackcell/ws_moveit2/install/mockup_robot/share/mockup_robot/hook/cmake_prefix_path.sh'
[9.071s] Level 1:colcon.colcon_core.environment:checking '/home/autopilot/ws/restackcell/ws_moveit2/install/mockup_robot/lib'
[9.072s] Level 1:colcon.colcon_core.environment:checking '/home/autopilot/ws/restackcell/ws_moveit2/install/mockup_robot/bin'
[9.072s] Level 1:colcon.colcon_core.environment:checking '/home/autopilot/ws/restackcell/ws_moveit2/install/mockup_robot/lib/pkgconfig/mockup_robot.pc'
[9.073s] Level 1:colcon.colcon_core.environment:checking '/home/autopilot/ws/restackcell/ws_moveit2/install/mockup_robot/lib/python3.10/site-packages'
[9.073s] Level 1:colcon.colcon_core.environment:checking '/home/autopilot/ws/restackcell/ws_moveit2/install/mockup_robot/bin'
[9.074s] INFO:colcon.colcon_core.shell:Creating package script '/home/autopilot/ws/restackcell/ws_moveit2/install/mockup_robot/share/mockup_robot/package.ps1'
[9.076s] INFO:colcon.colcon_core.shell:Creating package descriptor '/home/autopilot/ws/restackcell/ws_moveit2/install/mockup_robot/share/mockup_robot/package.dsv'
[9.078s] INFO:colcon.colcon_core.shell:Creating package script '/home/autopilot/ws/restackcell/ws_moveit2/install/mockup_robot/share/mockup_robot/package.sh'
[9.082s] INFO:colcon.colcon_core.shell:Creating package script '/home/autopilot/ws/restackcell/ws_moveit2/install/mockup_robot/share/mockup_robot/package.bash'
[9.084s] INFO:colcon.colcon_core.shell:Creating package script '/home/autopilot/ws/restackcell/ws_moveit2/install/mockup_robot/share/mockup_robot/package.zsh'
[9.086s] Level 1:colcon.colcon_core.environment:create_file_with_runtime_dependencies(/home/autopilot/ws/restackcell/ws_moveit2/install/mockup_robot/share/colcon-core/packages/mockup_robot)
[9.168s] DEBUG:colcon.colcon_core.event_handler.log_command:Invoking command in '/home/autopilot/ws/restackcell/ws_moveit2/build/robo_planner': CMAKE_PREFIX_PATH=/home/autopilot/ws/restackcell/ws_moveit2/install/robo_planner_py:/home/autopilot/ws/restackcell/ws_moveit2/install/grid_snapper:/home/autopilot/ws/restackcell/ws_moveit2/install/opcua_client:/home/autopilot/ws/restackcell/ws_moveit2/install/interface_opcua:/opt/ros/humble:/home/autopilot/ws/restackcell/ws_moveit2/install/wzlscheduler_interfaces:/home/autopilot/ws/restackcell/ws_moveit2/install/opcua_interfaces:/home/autopilot/ws/restackcell/ws_moveit2/install/robo_planner:/home/autopilot/ws/restackcell/ws_moveit2/install/pcl_segmentation:/home/autopilot/ws/restackcell/ws_moveit2/install/moveit_backend:/home/autopilot/ws/restackcell/ws_moveit2/install/mockup_robot:/home/autopilot/ws/restackcell/ws_moveit2/install/ur_pilz:/home/autopilot/ws/restackcell/ws_moveit2/install/robo_planner_msgs LD_LIBRARY_PATH=/home/autopilot/ws/restackcell/ws_moveit2/install/wzlscheduler_interfaces/lib:/home/autopilot/ws/restackcell/ws_moveit2/install/opcua_interfaces/lib:/home/autopilot/ws/restackcell/ws_moveit2/install/robo_planner_msgs/lib:/opt/ros/humble/opt/rviz_ogre_vendor/lib:/opt/ros/humble/lib/aarch64-linux-gnu:/opt/ros/humble/lib PYTHONPATH=/home/autopilot/ws/restackcell/ws_moveit2/install/wzlscheduler_interfaces/local/lib/python3.10/dist-packages:/home/autopilot/ws/restackcell/ws_moveit2/install/robo_planner_py/lib/python3.10/site-packages:/home/autopilot/ws/restackcell/ws_moveit2/install/grid_snapper/lib/python3.10/site-packages:/home/autopilot/ws/restackcell/ws_moveit2/install/robo_planner_msgs/local/lib/python3.10/dist-packages:/home/autopilot/ws/restackcell/ws_moveit2/install/opcua_client/lib/python3.10/site-packages:/home/autopilot/ws/restackcell/ws_moveit2/install/opcua_interfaces/local/lib/python3.10/dist-packages:/home/autopilot/ws/restackcell/ws_moveit2/install/interface_opcua/lib/python3.10/site-packages:/opt/ros/humble/lib/python3.10/site-packages:/opt/ros/humble/local/lib/python3.10/dist-packages /usr/bin/cmake --install /home/autopilot/ws/restackcell/ws_moveit2/build/robo_planner
[9.238s] Level 1:colcon.colcon_core.environment:create_environment_scripts_only(robo_planner)
[9.239s] Level 1:colcon.colcon_core.environment:checking '/home/autopilot/ws/restackcell/ws_moveit2/install/robo_planner' for CMake module files
[9.239s] Level 1:colcon.colcon_core.environment:checking '/home/autopilot/ws/restackcell/ws_moveit2/install/robo_planner' for CMake config files
[9.240s] Level 1:colcon.colcon_core.shell:create_environment_hook('robo_planner', 'cmake_prefix_path')
[9.240s] INFO:colcon.colcon_core.shell:Creating environment hook '/home/autopilot/ws/restackcell/ws_moveit2/install/robo_planner/share/robo_planner/hook/cmake_prefix_path.ps1'
[9.241s] INFO:colcon.colcon_core.shell:Creating environment descriptor '/home/autopilot/ws/restackcell/ws_moveit2/install/robo_planner/share/robo_planner/hook/cmake_prefix_path.dsv'
[9.242s] INFO:colcon.colcon_core.shell:Creating environment hook '/home/autopilot/ws/restackcell/ws_moveit2/install/robo_planner/share/robo_planner/hook/cmake_prefix_path.sh'
[9.243s] Level 1:colcon.colcon_core.environment:checking '/home/autopilot/ws/restackcell/ws_moveit2/install/robo_planner/lib'
[9.243s] Level 1:colcon.colcon_core.environment:checking '/home/autopilot/ws/restackcell/ws_moveit2/install/robo_planner/bin'
[9.243s] Level 1:colcon.colcon_core.environment:checking '/home/autopilot/ws/restackcell/ws_moveit2/install/robo_planner/lib/pkgconfig/robo_planner.pc'
[9.244s] Level 1:colcon.colcon_core.environment:checking '/home/autopilot/ws/restackcell/ws_moveit2/install/robo_planner/lib/python3.10/site-packages'
[9.244s] Level 1:colcon.colcon_core.environment:checking '/home/autopilot/ws/restackcell/ws_moveit2/install/robo_planner/bin'
[9.245s] INFO:colcon.colcon_core.shell:Creating package script '/home/autopilot/ws/restackcell/ws_moveit2/install/robo_planner/share/robo_planner/package.ps1'
[9.246s] INFO:colcon.colcon_core.shell:Creating package descriptor '/home/autopilot/ws/restackcell/ws_moveit2/install/robo_planner/share/robo_planner/package.dsv'
[9.247s] INFO:colcon.colcon_core.shell:Creating package script '/home/autopilot/ws/restackcell/ws_moveit2/install/robo_planner/share/robo_planner/package.sh'
[9.248s] INFO:colcon.colcon_core.shell:Creating package script '/home/autopilot/ws/restackcell/ws_moveit2/install/robo_planner/share/robo_planner/package.bash'
[9.248s] INFO:colcon.colcon_core.shell:Creating package script '/home/autopilot/ws/restackcell/ws_moveit2/install/robo_planner/share/robo_planner/package.zsh'
[9.249s] Level 1:colcon.colcon_core.environment:create_file_with_runtime_dependencies(/home/autopilot/ws/restackcell/ws_moveit2/install/robo_planner/share/colcon-core/packages/robo_planner)
[9.283s] DEBUG:colcon.colcon_core.event_handler.log_command:Invoked command in '/home/autopilot/ws/restackcell/ws_moveit2/build/robo_planner' returned '0': CMAKE_PREFIX_PATH=/home/autopilot/ws/restackcell/ws_moveit2/install/robo_planner_py:/home/autopilot/ws/restackcell/ws_moveit2/install/grid_snapper:/home/autopilot/ws/restackcell/ws_moveit2/install/opcua_client:/home/autopilot/ws/restackcell/ws_moveit2/install/interface_opcua:/opt/ros/humble:/home/autopilot/ws/restackcell/ws_moveit2/install/wzlscheduler_interfaces:/home/autopilot/ws/restackcell/ws_moveit2/install/opcua_interfaces:/home/autopilot/ws/restackcell/ws_moveit2/install/robo_planner:/home/autopilot/ws/restackcell/ws_moveit2/install/pcl_segmentation:/home/autopilot/ws/restackcell/ws_moveit2/install/moveit_backend:/home/autopilot/ws/restackcell/ws_moveit2/install/mockup_robot:/home/autopilot/ws/restackcell/ws_moveit2/install/ur_pilz:/home/autopilot/ws/restackcell/ws_moveit2/install/robo_planner_msgs LD_LIBRARY_PATH=/home/autopilot/ws/restackcell/ws_moveit2/install/wzlscheduler_interfaces/lib:/home/autopilot/ws/restackcell/ws_moveit2/install/opcua_interfaces/lib:/home/autopilot/ws/restackcell/ws_moveit2/install/robo_planner_msgs/lib:/opt/ros/humble/opt/rviz_ogre_vendor/lib:/opt/ros/humble/lib/aarch64-linux-gnu:/opt/ros/humble/lib PYTHONPATH=/home/autopilot/ws/restackcell/ws_moveit2/install/wzlscheduler_interfaces/local/lib/python3.10/dist-packages:/home/autopilot/ws/restackcell/ws_moveit2/install/robo_planner_py/lib/python3.10/site-packages:/home/autopilot/ws/restackcell/ws_moveit2/install/grid_snapper/lib/python3.10/site-packages:/home/autopilot/ws/restackcell/ws_moveit2/install/robo_planner_msgs/local/lib/python3.10/dist-packages:/home/autopilot/ws/restackcell/ws_moveit2/install/opcua_client/lib/python3.10/site-packages:/home/autopilot/ws/restackcell/ws_moveit2/install/opcua_interfaces/local/lib/python3.10/dist-packages:/home/autopilot/ws/restackcell/ws_moveit2/install/interface_opcua/lib/python3.10/site-packages:/opt/ros/humble/lib/python3.10/site-packages:/opt/ros/humble/local/lib/python3.10/dist-packages /usr/bin/cmake --install /home/autopilot/ws/restackcell/ws_moveit2/build/robo_planner
[9.558s] Level 1:colcon.colcon_core.environment:create_environment_scripts_only(robo_planner)
[9.559s] Level 1:colcon.colcon_core.environment:checking '/home/autopilot/ws/restackcell/ws_moveit2/install/robo_planner' for CMake module files
[9.559s] Level 1:colcon.colcon_core.environment:checking '/home/autopilot/ws/restackcell/ws_moveit2/install/robo_planner' for CMake config files
[9.560s] Level 1:colcon.colcon_core.shell:create_environment_hook('robo_planner', 'cmake_prefix_path')
[9.560s] INFO:colcon.colcon_core.shell:Creating environment hook '/home/autopilot/ws/restackcell/ws_moveit2/install/robo_planner/share/robo_planner/hook/cmake_prefix_path.ps1'
[9.561s] INFO:colcon.colcon_core.shell:Creating environment descriptor '/home/autopilot/ws/restackcell/ws_moveit2/install/robo_planner/share/robo_planner/hook/cmake_prefix_path.dsv'
[9.565s] INFO:colcon.colcon_core.shell:Creating environment hook '/home/autopilot/ws/restackcell/ws_moveit2/install/robo_planner/share/robo_planner/hook/cmake_prefix_path.sh'
[9.567s] Level 1:colcon.colcon_core.environment:checking '/home/autopilot/ws/restackcell/ws_moveit2/install/robo_planner/lib'
[9.568s] Level 1:colcon.colcon_core.environment:checking '/home/autopilot/ws/restackcell/ws_moveit2/install/robo_planner/bin'
[9.568s] Level 1:colcon.colcon_core.environment:checking '/home/autopilot/ws/restackcell/ws_moveit2/install/robo_planner/lib/pkgconfig/robo_planner.pc'
[9.569s] Level 1:colcon.colcon_core.environment:checking '/home/autopilot/ws/restackcell/ws_moveit2/install/robo_planner/lib/python3.10/site-packages'
[9.569s] Level 1:colcon.colcon_core.environment:checking '/home/autopilot/ws/restackcell/ws_moveit2/install/robo_planner/bin'
[9.570s] INFO:colcon.colcon_core.shell:Creating package script '/home/autopilot/ws/restackcell/ws_moveit2/install/robo_planner/share/robo_planner/package.ps1'
[9.572s] INFO:colcon.colcon_core.shell:Creating package descriptor '/home/autopilot/ws/restackcell/ws_moveit2/install/robo_planner/share/robo_planner/package.dsv'
[9.575s] INFO:colcon.colcon_core.shell:Creating package script '/home/autopilot/ws/restackcell/ws_moveit2/install/robo_planner/share/robo_planner/package.sh'
[9.577s] INFO:colcon.colcon_core.shell:Creating package script '/home/autopilot/ws/restackcell/ws_moveit2/install/robo_planner/share/robo_planner/package.bash'
[9.581s] INFO:colcon.colcon_core.shell:Creating package script '/home/autopilot/ws/restackcell/ws_moveit2/install/robo_planner/share/robo_planner/package.zsh'
[9.585s] Level 1:colcon.colcon_core.environment:create_file_with_runtime_dependencies(/home/autopilot/ws/restackcell/ws_moveit2/install/robo_planner/share/colcon-core/packages/robo_planner)
[9.613s] DEBUG:colcon.colcon_core.event_handler.log_command:Invoking command in '/home/autopilot/ws/restackcell/ws_moveit2/src/grid_snapper': CMAKE_PREFIX_PATH=/home/autopilot/ws/restackcell/ws_moveit2/install/wzlscheduler_interfaces:/home/autopilot/ws/restackcell/ws_moveit2/install/robo_planner:/home/autopilot/ws/restackcell/ws_moveit2/install/pcl_segmentation:/home/autopilot/ws/restackcell/ws_moveit2/install/moveit_backend:/home/autopilot/ws/restackcell/ws_moveit2/install/mockup_robot:/home/autopilot/ws/restackcell/ws_moveit2/install/ur_pilz:/home/autopilot/ws/restackcell/ws_moveit2/install/robo_planner_msgs:/home/autopilot/ws/restackcell/ws_moveit2/install/opcua_interfaces PYTHONPATH=/home/autopilot/ws/restackcell/ws_moveit2/build/grid_snapper/prefix_override:/usr/lib/python3/dist-packages/colcon_core/task/python/colcon_distutils_commands:/home/autopilot/ws/restackcell/ws_moveit2/install/grid_snapper/lib/python3.10/site-packages:/home/autopilot/ws/restackcell/ws_moveit2/install/wzlscheduler_interfaces/local/lib/python3.10/dist-packages:/home/autopilot/ws/restackcell/ws_moveit2/install/robo_planner_py/lib/python3.10/site-packages:/home/autopilot/ws/restackcell/ws_moveit2/install/grid_snapper/lib/python3.10/site-packages:/home/autopilot/ws/restackcell/ws_moveit2/install/robo_planner_msgs/local/lib/python3.10/dist-packages:/home/autopilot/ws/restackcell/ws_moveit2/install/opcua_client/lib/python3.10/site-packages:/home/autopilot/ws/restackcell/ws_moveit2/install/opcua_interfaces/local/lib/python3.10/dist-packages:/home/autopilot/ws/restackcell/ws_moveit2/install/interface_opcua/lib/python3.10/site-packages:/opt/ros/humble/lib/python3.10/site-packages:/opt/ros/humble/local/lib/python3.10/dist-packages /usr/bin/python3 -W ignore:setup.py install is deprecated setup.py egg_info --egg-base ../../build/grid_snapper build --build-base /home/autopilot/ws/restackcell/ws_moveit2/build/grid_snapper/build install --record /home/autopilot/ws/restackcell/ws_moveit2/build/grid_snapper/install.log --single-version-externally-managed install_data
[9.920s] DEBUG:colcon.colcon_core.event_handler.log_command:Invoking command in '/home/autopilot/ws/restackcell/ws_moveit2/src/robo_planner_py': CMAKE_PREFIX_PATH=/home/autopilot/ws/restackcell/ws_moveit2/install/wzlscheduler_interfaces:/home/autopilot/ws/restackcell/ws_moveit2/install/opcua_interfaces:/home/autopilot/ws/restackcell/ws_moveit2/install/robo_planner:/home/autopilot/ws/restackcell/ws_moveit2/install/pcl_segmentation:/home/autopilot/ws/restackcell/ws_moveit2/install/moveit_backend:/home/autopilot/ws/restackcell/ws_moveit2/install/mockup_robot:/home/autopilot/ws/restackcell/ws_moveit2/install/ur_pilz:/home/autopilot/ws/restackcell/ws_moveit2/install/robo_planner_msgs LD_LIBRARY_PATH=/home/autopilot/ws/restackcell/ws_moveit2/install/wzlscheduler_interfaces/lib:/home/autopilot/ws/restackcell/ws_moveit2/install/opcua_interfaces/lib:/home/autopilot/ws/restackcell/ws_moveit2/install/robo_planner_msgs/lib:/opt/ros/humble/opt/rviz_ogre_vendor/lib:/opt/ros/humble/lib/aarch64-linux-gnu:/opt/ros/humble/lib PYTHONPATH=/home/autopilot/ws/restackcell/ws_moveit2/build/robo_planner_py/prefix_override:/usr/lib/python3/dist-packages/colcon_core/task/python/colcon_distutils_commands:/home/autopilot/ws/restackcell/ws_moveit2/install/robo_planner_py/lib/python3.10/site-packages:/home/autopilot/ws/restackcell/ws_moveit2/install/wzlscheduler_interfaces/local/lib/python3.10/dist-packages:/home/autopilot/ws/restackcell/ws_moveit2/install/robo_planner_py/lib/python3.10/site-packages:/home/autopilot/ws/restackcell/ws_moveit2/install/grid_snapper/lib/python3.10/site-packages:/home/autopilot/ws/restackcell/ws_moveit2/install/robo_planner_msgs/local/lib/python3.10/dist-packages:/home/autopilot/ws/restackcell/ws_moveit2/install/opcua_client/lib/python3.10/site-packages:/home/autopilot/ws/restackcell/ws_moveit2/install/opcua_interfaces/local/lib/python3.10/dist-packages:/home/autopilot/ws/restackcell/ws_moveit2/install/interface_opcua/lib/python3.10/site-packages:/opt/ros/humble/lib/python3.10/site-packages:/opt/ros/humble/local/lib/python3.10/dist-packages /usr/bin/python3 -W ignore:setup.py install is deprecated setup.py egg_info --egg-base ../../build/robo_planner_py build --build-base /home/autopilot/ws/restackcell/ws_moveit2/build/robo_planner_py/build install --record /home/autopilot/ws/restackcell/ws_moveit2/build/robo_planner_py/install.log --single-version-externally-managed install_data
[10.522s] Level 1:colcon.colcon_core.environment:checking '/home/autopilot/ws/restackcell/ws_moveit2/install/grid_snapper' for CMake module files
[10.523s] Level 1:colcon.colcon_core.environment:checking '/home/autopilot/ws/restackcell/ws_moveit2/install/grid_snapper' for CMake config files
[10.524s] Level 1:colcon.colcon_core.environment:checking '/home/autopilot/ws/restackcell/ws_moveit2/install/grid_snapper/lib'
[10.524s] Level 1:colcon.colcon_core.environment:checking '/home/autopilot/ws/restackcell/ws_moveit2/install/grid_snapper/bin'
[10.524s] Level 1:colcon.colcon_core.environment:checking '/home/autopilot/ws/restackcell/ws_moveit2/install/grid_snapper/lib/pkgconfig/grid_snapper.pc'
[10.524s] Level 1:colcon.colcon_core.environment:checking '/home/autopilot/ws/restackcell/ws_moveit2/install/grid_snapper/lib/python3.10/site-packages'
[10.524s] Level 1:colcon.colcon_core.shell:create_environment_hook('grid_snapper', 'pythonpath')
[10.525s] INFO:colcon.colcon_core.shell:Creating environment hook '/home/autopilot/ws/restackcell/ws_moveit2/install/grid_snapper/share/grid_snapper/hook/pythonpath.ps1'
[10.526s] INFO:colcon.colcon_core.shell:Creating environment descriptor '/home/autopilot/ws/restackcell/ws_moveit2/install/grid_snapper/share/grid_snapper/hook/pythonpath.dsv'
[10.528s] DEBUG:colcon.colcon_core.event_handler.log_command:Invoked command in '/home/autopilot/ws/restackcell/ws_moveit2/src/grid_snapper' returned '0': CMAKE_PREFIX_PATH=/home/autopilot/ws/restackcell/ws_moveit2/install/wzlscheduler_interfaces:/home/autopilot/ws/restackcell/ws_moveit2/install/robo_planner:/home/autopilot/ws/restackcell/ws_moveit2/install/pcl_segmentation:/home/autopilot/ws/restackcell/ws_moveit2/install/moveit_backend:/home/autopilot/ws/restackcell/ws_moveit2/install/mockup_robot:/home/autopilot/ws/restackcell/ws_moveit2/install/ur_pilz:/home/autopilot/ws/restackcell/ws_moveit2/install/robo_planner_msgs:/home/autopilot/ws/restackcell/ws_moveit2/install/opcua_interfaces PYTHONPATH=/home/autopilot/ws/restackcell/ws_moveit2/build/grid_snapper/prefix_override:/usr/lib/python3/dist-packages/colcon_core/task/python/colcon_distutils_commands:/home/autopilot/ws/restackcell/ws_moveit2/install/grid_snapper/lib/python3.10/site-packages:/home/autopilot/ws/restackcell/ws_moveit2/install/wzlscheduler_interfaces/local/lib/python3.10/dist-packages:/home/autopilot/ws/restackcell/ws_moveit2/install/robo_planner_py/lib/python3.10/site-packages:/home/autopilot/ws/restackcell/ws_moveit2/install/grid_snapper/lib/python3.10/site-packages:/home/autopilot/ws/restackcell/ws_moveit2/install/robo_planner_msgs/local/lib/python3.10/dist-packages:/home/autopilot/ws/restackcell/ws_moveit2/install/opcua_client/lib/python3.10/site-packages:/home/autopilot/ws/restackcell/ws_moveit2/install/opcua_interfaces/local/lib/python3.10/dist-packages:/home/autopilot/ws/restackcell/ws_moveit2/install/interface_opcua/lib/python3.10/site-packages:/opt/ros/humble/lib/python3.10/site-packages:/opt/ros/humble/local/lib/python3.10/dist-packages /usr/bin/python3 -W ignore:setup.py install is deprecated setup.py egg_info --egg-base ../../build/grid_snapper build --build-base /home/autopilot/ws/restackcell/ws_moveit2/build/grid_snapper/build install --record /home/autopilot/ws/restackcell/ws_moveit2/build/grid_snapper/install.log --single-version-externally-managed install_data
[10.532s] INFO:colcon.colcon_core.shell:Creating environment hook '/home/autopilot/ws/restackcell/ws_moveit2/install/grid_snapper/share/grid_snapper/hook/pythonpath.sh'
[10.535s] Level 1:colcon.colcon_core.environment:checking '/home/autopilot/ws/restackcell/ws_moveit2/install/grid_snapper/bin'
[10.535s] Level 1:colcon.colcon_core.environment:create_environment_scripts_only(grid_snapper)
[10.536s] INFO:colcon.colcon_core.shell:Creating package script '/home/autopilot/ws/restackcell/ws_moveit2/install/grid_snapper/share/grid_snapper/package.ps1'
[10.538s] INFO:colcon.colcon_core.shell:Creating package descriptor '/home/autopilot/ws/restackcell/ws_moveit2/install/grid_snapper/share/grid_snapper/package.dsv'
[10.540s] INFO:colcon.colcon_core.shell:Creating package script '/home/autopilot/ws/restackcell/ws_moveit2/install/grid_snapper/share/grid_snapper/package.sh'
[10.542s] INFO:colcon.colcon_core.shell:Creating package script '/home/autopilot/ws/restackcell/ws_moveit2/install/grid_snapper/share/grid_snapper/package.bash'
[10.543s] INFO:colcon.colcon_core.shell:Creating package script '/home/autopilot/ws/restackcell/ws_moveit2/install/grid_snapper/share/grid_snapper/package.zsh'
[10.545s] Level 1:colcon.colcon_core.environment:create_file_with_runtime_dependencies(/home/autopilot/ws/restackcell/ws_moveit2/install/grid_snapper/share/colcon-core/packages/grid_snapper)
[11.031s] Level 1:colcon.colcon_core.environment:checking '/home/autopilot/ws/restackcell/ws_moveit2/install/robo_planner_py' for CMake module files
[11.032s] Level 1:colcon.colcon_core.environment:checking '/home/autopilot/ws/restackcell/ws_moveit2/install/robo_planner_py' for CMake config files
[11.034s] Level 1:colcon.colcon_core.environment:checking '/home/autopilot/ws/restackcell/ws_moveit2/install/robo_planner_py/lib'
[11.034s] Level 1:colcon.colcon_core.environment:checking '/home/autopilot/ws/restackcell/ws_moveit2/install/robo_planner_py/bin'
[11.034s] Level 1:colcon.colcon_core.environment:checking '/home/autopilot/ws/restackcell/ws_moveit2/install/robo_planner_py/lib/pkgconfig/robo_planner_py.pc'
[11.035s] Level 1:colcon.colcon_core.environment:checking '/home/autopilot/ws/restackcell/ws_moveit2/install/robo_planner_py/lib/python3.10/site-packages'
[11.035s] Level 1:colcon.colcon_core.shell:create_environment_hook('robo_planner_py', 'pythonpath')
[11.035s] INFO:colcon.colcon_core.shell:Creating environment hook '/home/autopilot/ws/restackcell/ws_moveit2/install/robo_planner_py/share/robo_planner_py/hook/pythonpath.ps1'
[11.037s] INFO:colcon.colcon_core.shell:Creating environment descriptor '/home/autopilot/ws/restackcell/ws_moveit2/install/robo_planner_py/share/robo_planner_py/hook/pythonpath.dsv'
[11.037s] INFO:colcon.colcon_core.shell:Creating environment hook '/home/autopilot/ws/restackcell/ws_moveit2/install/robo_planner_py/share/robo_planner_py/hook/pythonpath.sh'
[11.039s] DEBUG:colcon.colcon_core.event_handler.log_command:Invoked command in '/home/autopilot/ws/restackcell/ws_moveit2/src/robo_planner_py' returned '0': CMAKE_PREFIX_PATH=/home/autopilot/ws/restackcell/ws_moveit2/install/wzlscheduler_interfaces:/home/autopilot/ws/restackcell/ws_moveit2/install/opcua_interfaces:/home/autopilot/ws/restackcell/ws_moveit2/install/robo_planner:/home/autopilot/ws/restackcell/ws_moveit2/install/pcl_segmentation:/home/autopilot/ws/restackcell/ws_moveit2/install/moveit_backend:/home/autopilot/ws/restackcell/ws_moveit2/install/mockup_robot:/home/autopilot/ws/restackcell/ws_moveit2/install/ur_pilz:/home/autopilot/ws/restackcell/ws_moveit2/install/robo_planner_msgs LD_LIBRARY_PATH=/home/autopilot/ws/restackcell/ws_moveit2/install/wzlscheduler_interfaces/lib:/home/autopilot/ws/restackcell/ws_moveit2/install/opcua_interfaces/lib:/home/autopilot/ws/restackcell/ws_moveit2/install/robo_planner_msgs/lib:/opt/ros/humble/opt/rviz_ogre_vendor/lib:/opt/ros/humble/lib/aarch64-linux-gnu:/opt/ros/humble/lib PYTHONPATH=/home/autopilot/ws/restackcell/ws_moveit2/build/robo_planner_py/prefix_override:/usr/lib/python3/dist-packages/colcon_core/task/python/colcon_distutils_commands:/home/autopilot/ws/restackcell/ws_moveit2/install/robo_planner_py/lib/python3.10/site-packages:/home/autopilot/ws/restackcell/ws_moveit2/install/wzlscheduler_interfaces/local/lib/python3.10/dist-packages:/home/autopilot/ws/restackcell/ws_moveit2/install/robo_planner_py/lib/python3.10/site-packages:/home/autopilot/ws/restackcell/ws_moveit2/install/grid_snapper/lib/python3.10/site-packages:/home/autopilot/ws/restackcell/ws_moveit2/install/robo_planner_msgs/local/lib/python3.10/dist-packages:/home/autopilot/ws/restackcell/ws_moveit2/install/opcua_client/lib/python3.10/site-packages:/home/autopilot/ws/restackcell/ws_moveit2/install/opcua_interfaces/local/lib/python3.10/dist-packages:/home/autopilot/ws/restackcell/ws_moveit2/install/interface_opcua/lib/python3.10/site-packages:/opt/ros/humble/lib/python3.10/site-packages:/opt/ros/humble/local/lib/python3.10/dist-packages /usr/bin/python3 -W ignore:setup.py install is deprecated setup.py egg_info --egg-base ../../build/robo_planner_py build --build-base /home/autopilot/ws/restackcell/ws_moveit2/build/robo_planner_py/build install --record /home/autopilot/ws/restackcell/ws_moveit2/build/robo_planner_py/install.log --single-version-externally-managed install_data
[11.042s] Level 1:colcon.colcon_core.environment:checking '/home/autopilot/ws/restackcell/ws_moveit2/install/robo_planner_py/bin'
[11.042s] Level 1:colcon.colcon_core.environment:create_environment_scripts_only(robo_planner_py)
[11.043s] INFO:colcon.colcon_core.shell:Creating package script '/home/autopilot/ws/restackcell/ws_moveit2/install/robo_planner_py/share/robo_planner_py/package.ps1'
[11.045s] INFO:colcon.colcon_core.shell:Creating package descriptor '/home/autopilot/ws/restackcell/ws_moveit2/install/robo_planner_py/share/robo_planner_py/package.dsv'
[11.047s] INFO:colcon.colcon_core.shell:Creating package script '/home/autopilot/ws/restackcell/ws_moveit2/install/robo_planner_py/share/robo_planner_py/package.sh'
[11.051s] INFO:colcon.colcon_core.shell:Creating package script '/home/autopilot/ws/restackcell/ws_moveit2/install/robo_planner_py/share/robo_planner_py/package.bash'
[11.052s] INFO:colcon.colcon_core.shell:Creating package script '/home/autopilot/ws/restackcell/ws_moveit2/install/robo_planner_py/share/robo_planner_py/package.zsh'
[11.054s] Level 1:colcon.colcon_core.environment:create_file_with_runtime_dependencies(/home/autopilot/ws/restackcell/ws_moveit2/install/robo_planner_py/share/colcon-core/packages/robo_planner_py)
[56.289s] DEBUG:colcon.colcon_core.event_handler.log_command:Invoked command in '/home/autopilot/ws/restackcell/ws_moveit2/build/moveit_backend' returned '0': CMAKE_PREFIX_PATH=/home/autopilot/ws/restackcell/ws_moveit2/install/robo_planner_py:/home/autopilot/ws/restackcell/ws_moveit2/install/grid_snapper:/home/autopilot/ws/restackcell/ws_moveit2/install/opcua_client:/home/autopilot/ws/restackcell/ws_moveit2/install/interface_opcua:/opt/ros/humble:/home/autopilot/ws/restackcell/ws_moveit2/install/wzlscheduler_interfaces:/home/autopilot/ws/restackcell/ws_moveit2/install/robo_planner:/home/autopilot/ws/restackcell/ws_moveit2/install/pcl_segmentation:/home/autopilot/ws/restackcell/ws_moveit2/install/moveit_backend:/home/autopilot/ws/restackcell/ws_moveit2/install/mockup_robot:/home/autopilot/ws/restackcell/ws_moveit2/install/ur_pilz:/home/autopilot/ws/restackcell/ws_moveit2/install/robo_planner_msgs:/home/autopilot/ws/restackcell/ws_moveit2/install/opcua_interfaces PYTHONPATH=/home/autopilot/ws/restackcell/ws_moveit2/install/wzlscheduler_interfaces/local/lib/python3.10/dist-packages:/home/autopilot/ws/restackcell/ws_moveit2/install/robo_planner_py/lib/python3.10/site-packages:/home/autopilot/ws/restackcell/ws_moveit2/install/grid_snapper/lib/python3.10/site-packages:/home/autopilot/ws/restackcell/ws_moveit2/install/robo_planner_msgs/local/lib/python3.10/dist-packages:/home/autopilot/ws/restackcell/ws_moveit2/install/opcua_client/lib/python3.10/site-packages:/home/autopilot/ws/restackcell/ws_moveit2/install/opcua_interfaces/local/lib/python3.10/dist-packages:/home/autopilot/ws/restackcell/ws_moveit2/install/interface_opcua/lib/python3.10/site-packages:/opt/ros/humble/lib/python3.10/site-packages:/opt/ros/humble/local/lib/python3.10/dist-packages /usr/bin/cmake --build /home/autopilot/ws/restackcell/ws_moveit2/build/moveit_backend -- -j8 -l8
[56.335s] DEBUG:colcon.colcon_core.event_handler.log_command:Invoking command in '/home/autopilot/ws/restackcell/ws_moveit2/build/moveit_backend': CMAKE_PREFIX_PATH=/home/autopilot/ws/restackcell/ws_moveit2/install/robo_planner_py:/home/autopilot/ws/restackcell/ws_moveit2/install/grid_snapper:/home/autopilot/ws/restackcell/ws_moveit2/install/opcua_client:/home/autopilot/ws/restackcell/ws_moveit2/install/interface_opcua:/opt/ros/humble:/home/autopilot/ws/restackcell/ws_moveit2/install/wzlscheduler_interfaces:/home/autopilot/ws/restackcell/ws_moveit2/install/robo_planner:/home/autopilot/ws/restackcell/ws_moveit2/install/pcl_segmentation:/home/autopilot/ws/restackcell/ws_moveit2/install/moveit_backend:/home/autopilot/ws/restackcell/ws_moveit2/install/mockup_robot:/home/autopilot/ws/restackcell/ws_moveit2/install/ur_pilz:/home/autopilot/ws/restackcell/ws_moveit2/install/robo_planner_msgs:/home/autopilot/ws/restackcell/ws_moveit2/install/opcua_interfaces PYTHONPATH=/home/autopilot/ws/restackcell/ws_moveit2/install/wzlscheduler_interfaces/local/lib/python3.10/dist-packages:/home/autopilot/ws/restackcell/ws_moveit2/install/robo_planner_py/lib/python3.10/site-packages:/home/autopilot/ws/restackcell/ws_moveit2/install/grid_snapper/lib/python3.10/site-packages:/home/autopilot/ws/restackcell/ws_moveit2/install/robo_planner_msgs/local/lib/python3.10/dist-packages:/home/autopilot/ws/restackcell/ws_moveit2/install/opcua_client/lib/python3.10/site-packages:/home/autopilot/ws/restackcell/ws_moveit2/install/opcua_interfaces/local/lib/python3.10/dist-packages:/home/autopilot/ws/restackcell/ws_moveit2/install/interface_opcua/lib/python3.10/site-packages:/opt/ros/humble/lib/python3.10/site-packages:/opt/ros/humble/local/lib/python3.10/dist-packages /usr/bin/cmake --install /home/autopilot/ws/restackcell/ws_moveit2/build/moveit_backend
[56.391s] Level 1:colcon.colcon_core.environment:create_environment_scripts_only(moveit_backend)
[56.392s] Level 1:colcon.colcon_core.environment:checking '/home/autopilot/ws/restackcell/ws_moveit2/install/moveit_backend' for CMake module files
[56.392s] Level 1:colcon.colcon_core.environment:checking '/home/autopilot/ws/restackcell/ws_moveit2/install/moveit_backend' for CMake config files
[56.394s] Level 1:colcon.colcon_core.shell:create_environment_hook('moveit_backend', 'cmake_prefix_path')
[56.395s] INFO:colcon.colcon_core.shell:Creating environment hook '/home/autopilot/ws/restackcell/ws_moveit2/install/moveit_backend/share/moveit_backend/hook/cmake_prefix_path.ps1'
[56.396s] INFO:colcon.colcon_core.shell:Creating environment descriptor '/home/autopilot/ws/restackcell/ws_moveit2/install/moveit_backend/share/moveit_backend/hook/cmake_prefix_path.dsv'
[56.397s] INFO:colcon.colcon_core.shell:Creating environment hook '/home/autopilot/ws/restackcell/ws_moveit2/install/moveit_backend/share/moveit_backend/hook/cmake_prefix_path.sh'
[56.399s] Level 1:colcon.colcon_core.environment:checking '/home/autopilot/ws/restackcell/ws_moveit2/install/moveit_backend/lib'
[56.399s] Level 1:colcon.colcon_core.environment:checking '/home/autopilot/ws/restackcell/ws_moveit2/install/moveit_backend/bin'
[56.399s] Level 1:colcon.colcon_core.environment:checking '/home/autopilot/ws/restackcell/ws_moveit2/install/moveit_backend/lib/pkgconfig/moveit_backend.pc'
[56.400s] Level 1:colcon.colcon_core.environment:checking '/home/autopilot/ws/restackcell/ws_moveit2/install/moveit_backend/lib/python3.10/site-packages'
[56.400s] Level 1:colcon.colcon_core.environment:checking '/home/autopilot/ws/restackcell/ws_moveit2/install/moveit_backend/bin'
[56.401s] INFO:colcon.colcon_core.shell:Creating package script '/home/autopilot/ws/restackcell/ws_moveit2/install/moveit_backend/share/moveit_backend/package.ps1'
[56.403s] INFO:colcon.colcon_core.shell:Creating package descriptor '/home/autopilot/ws/restackcell/ws_moveit2/install/moveit_backend/share/moveit_backend/package.dsv'
[56.405s] INFO:colcon.colcon_core.shell:Creating package script '/home/autopilot/ws/restackcell/ws_moveit2/install/moveit_backend/share/moveit_backend/package.sh'
[56.406s] INFO:colcon.colcon_core.shell:Creating package script '/home/autopilot/ws/restackcell/ws_moveit2/install/moveit_backend/share/moveit_backend/package.bash'
[56.408s] INFO:colcon.colcon_core.shell:Creating package script '/home/autopilot/ws/restackcell/ws_moveit2/install/moveit_backend/share/moveit_backend/package.zsh'
[56.409s] Level 1:colcon.colcon_core.environment:create_file_with_runtime_dependencies(/home/autopilot/ws/restackcell/ws_moveit2/install/moveit_backend/share/colcon-core/packages/moveit_backend)
[56.437s] DEBUG:colcon.colcon_core.event_handler.log_command:Invoked command in '/home/autopilot/ws/restackcell/ws_moveit2/build/moveit_backend' returned '0': CMAKE_PREFIX_PATH=/home/autopilot/ws/restackcell/ws_moveit2/install/robo_planner_py:/home/autopilot/ws/restackcell/ws_moveit2/install/grid_snapper:/home/autopilot/ws/restackcell/ws_moveit2/install/opcua_client:/home/autopilot/ws/restackcell/ws_moveit2/install/interface_opcua:/opt/ros/humble:/home/autopilot/ws/restackcell/ws_moveit2/install/wzlscheduler_interfaces:/home/autopilot/ws/restackcell/ws_moveit2/install/robo_planner:/home/autopilot/ws/restackcell/ws_moveit2/install/pcl_segmentation:/home/autopilot/ws/restackcell/ws_moveit2/install/moveit_backend:/home/autopilot/ws/restackcell/ws_moveit2/install/mockup_robot:/home/autopilot/ws/restackcell/ws_moveit2/install/ur_pilz:/home/autopilot/ws/restackcell/ws_moveit2/install/robo_planner_msgs:/home/autopilot/ws/restackcell/ws_moveit2/install/opcua_interfaces PYTHONPATH=/home/autopilot/ws/restackcell/ws_moveit2/install/wzlscheduler_interfaces/local/lib/python3.10/dist-packages:/home/autopilot/ws/restackcell/ws_moveit2/install/robo_planner_py/lib/python3.10/site-packages:/home/autopilot/ws/restackcell/ws_moveit2/install/grid_snapper/lib/python3.10/site-packages:/home/autopilot/ws/restackcell/ws_moveit2/install/robo_planner_msgs/local/lib/python3.10/dist-packages:/home/autopilot/ws/restackcell/ws_moveit2/install/opcua_client/lib/python3.10/site-packages:/home/autopilot/ws/restackcell/ws_moveit2/install/opcua_interfaces/local/lib/python3.10/dist-packages:/home/autopilot/ws/restackcell/ws_moveit2/install/interface_opcua/lib/python3.10/site-packages:/opt/ros/humble/lib/python3.10/site-packages:/opt/ros/humble/local/lib/python3.10/dist-packages /usr/bin/cmake --install /home/autopilot/ws/restackcell/ws_moveit2/build/moveit_backend
[56.458s] Level 1:colcon.colcon_core.environment:create_environment_scripts_only(moveit_backend)
[56.459s] Level 1:colcon.colcon_core.environment:checking '/home/autopilot/ws/restackcell/ws_moveit2/install/moveit_backend' for CMake module files
[56.460s] Level 1:colcon.colcon_core.environment:checking '/home/autopilot/ws/restackcell/ws_moveit2/install/moveit_backend' for CMake config files
[56.461s] Level 1:colcon.colcon_core.shell:create_environment_hook('moveit_backend', 'cmake_prefix_path')
[56.462s] INFO:colcon.colcon_core.shell:Creating environment hook '/home/autopilot/ws/restackcell/ws_moveit2/install/moveit_backend/share/moveit_backend/hook/cmake_prefix_path.ps1'
[56.463s] INFO:colcon.colcon_core.shell:Creating environment descriptor '/home/autopilot/ws/restackcell/ws_moveit2/install/moveit_backend/share/moveit_backend/hook/cmake_prefix_path.dsv'
[56.463s] INFO:colcon.colcon_core.shell:Creating environment hook '/home/autopilot/ws/restackcell/ws_moveit2/install/moveit_backend/share/moveit_backend/hook/cmake_prefix_path.sh'
[56.464s] Level 1:colcon.colcon_core.environment:checking '/home/autopilot/ws/restackcell/ws_moveit2/install/moveit_backend/lib'
[56.465s] Level 1:colcon.colcon_core.environment:checking '/home/autopilot/ws/restackcell/ws_moveit2/install/moveit_backend/bin'
[56.465s] Level 1:colcon.colcon_core.environment:checking '/home/autopilot/ws/restackcell/ws_moveit2/install/moveit_backend/lib/pkgconfig/moveit_backend.pc'
[56.465s] Level 1:colcon.colcon_core.environment:checking '/home/autopilot/ws/restackcell/ws_moveit2/install/moveit_backend/lib/python3.10/site-packages'
[56.465s] Level 1:colcon.colcon_core.environment:checking '/home/autopilot/ws/restackcell/ws_moveit2/install/moveit_backend/bin'
[56.466s] INFO:colcon.colcon_core.shell:Creating package script '/home/autopilot/ws/restackcell/ws_moveit2/install/moveit_backend/share/moveit_backend/package.ps1'
[56.467s] INFO:colcon.colcon_core.shell:Creating package descriptor '/home/autopilot/ws/restackcell/ws_moveit2/install/moveit_backend/share/moveit_backend/package.dsv'
[56.468s] INFO:colcon.colcon_core.shell:Creating package script '/home/autopilot/ws/restackcell/ws_moveit2/install/moveit_backend/share/moveit_backend/package.sh'
[56.468s] INFO:colcon.colcon_core.shell:Creating package script '/home/autopilot/ws/restackcell/ws_moveit2/install/moveit_backend/share/moveit_backend/package.bash'
[56.469s] INFO:colcon.colcon_core.shell:Creating package script '/home/autopilot/ws/restackcell/ws_moveit2/install/moveit_backend/share/moveit_backend/package.zsh'
[56.470s] Level 1:colcon.colcon_core.environment:create_file_with_runtime_dependencies(/home/autopilot/ws/restackcell/ws_moveit2/install/moveit_backend/share/colcon-core/packages/moveit_backend)
[56.470s] DEBUG:colcon.colcon_parallel_executor.executor.parallel:closing loop
[56.471s] DEBUG:colcon.colcon_parallel_executor.executor.parallel:loop closed
[56.471s] DEBUG:colcon.colcon_parallel_executor.executor.parallel:run_until_complete finished with '0'
[56.472s] DEBUG:colcon.colcon_core.event_reactor:joining thread
[56.485s] INFO:colcon.colcon_core.plugin_system:Skipping extension 'colcon_notification.desktop_notification.terminal_notifier': Not used on non-Darwin systems
[56.485s] INFO:colcon.colcon_core.plugin_system:Skipping extension 'colcon_notification.desktop_notification.win32': Not used on non-Windows systems
[56.485s] INFO:colcon.colcon_notification.desktop_notification:Sending desktop notification using 'notify2'
[56.515s] DEBUG:colcon.colcon_core.event_reactor:joined thread
[56.515s] INFO:colcon.colcon_core.shell:Creating prefix script '/home/autopilot/ws/restackcell/ws_moveit2/install/local_setup.ps1'
[56.518s] INFO:colcon.colcon_core.shell:Creating prefix util module '/home/autopilot/ws/restackcell/ws_moveit2/install/_local_setup_util_ps1.py'
[56.522s] INFO:colcon.colcon_core.shell:Creating prefix chain script '/home/autopilot/ws/restackcell/ws_moveit2/install/setup.ps1'
[56.529s] INFO:colcon.colcon_core.shell:Creating prefix script '/home/autopilot/ws/restackcell/ws_moveit2/install/local_setup.sh'
[56.533s] INFO:colcon.colcon_core.shell:Creating prefix util module '/home/autopilot/ws/restackcell/ws_moveit2/install/_local_setup_util_sh.py'
[56.536s] INFO:colcon.colcon_core.shell:Creating prefix chain script '/home/autopilot/ws/restackcell/ws_moveit2/install/setup.sh'
[56.544s] INFO:colcon.colcon_core.shell:Creating prefix script '/home/autopilot/ws/restackcell/ws_moveit2/install/local_setup.bash'
[56.547s] INFO:colcon.colcon_core.shell:Creating prefix chain script '/home/autopilot/ws/restackcell/ws_moveit2/install/setup.bash'
[56.554s] INFO:colcon.colcon_core.shell:Creating prefix script '/home/autopilot/ws/restackcell/ws_moveit2/install/local_setup.zsh'
[56.559s] INFO:colcon.colcon_core.shell:Creating prefix chain script '/home/autopilot/ws/restackcell/ws_moveit2/install/setup.zsh'
