[0.208s] DEBUG:colcon:Command line arguments: ['/usr/bin/colcon', 'build']
[0.209s] DEBUG:colcon:Parsed command line arguments: Namespace(log_base=None, log_level=None, verb_name='build', build_base='build', install_base='install', merge_install=False, symlink_install=False, test_result_base=None, continue_on_error=False, executor='parallel', parallel_workers=8, event_handlers=None, ignore_user_meta=False, metas=['./colcon.meta'], base_paths=['.'], packages_ignore=None, packages_ignore_regex=None, paths=None, packages_up_to=None, packages_up_to_regex=None, packages_above=None, packages_above_and_dependencies=None, packages_above_depth=None, packages_select_by_dep=None, packages_skip_by_dep=None, packages_skip_up_to=None, packages_select_build_failed=False, packages_skip_build_finished=False, packages_select_test_failures=False, packages_skip_test_passed=False, packages_select=None, packages_skip=None, packages_select_regex=None, packages_skip_regex=None, packages_start=None, packages_end=None, allow_overriding=[], cmake_args=None, cmake_target=None, cmake_target_skip_unavailable=False, cmake_clean_cache=False, cmake_clean_first=False, cmake_force_configure=False, ament_cmake_args=None, catkin_cmake_args=None, catkin_skip_building_tests=False, mixin_files=None, mixin=None, verb_parser=<colcon_mixin.mixin.mixin_argument.MixinArgumentDecorator object at 0xffffa1394460>, verb_extension=<colcon_core.verb.build.BuildVerb object at 0xffffa135bee0>, main=<bound method BuildVerb.main of <colcon_core.verb.build.BuildVerb object at 0xffffa135bee0>>, mixin_verb=('build',))
[0.520s] Level 1:colcon.colcon_core.package_discovery:discover_packages(colcon_meta) check parameters
[0.520s] Level 1:colcon.colcon_core.package_discovery:discover_packages(recursive) check parameters
[0.520s] Level 1:colcon.colcon_core.package_discovery:discover_packages(ignore) check parameters
[0.520s] Level 1:colcon.colcon_core.package_discovery:discover_packages(path) check parameters
[0.520s] Level 1:colcon.colcon_core.package_discovery:discover_packages(colcon_meta) discover
[0.520s] Level 1:colcon.colcon_core.package_discovery:discover_packages(recursive) discover
[0.520s] INFO:colcon.colcon_core.package_discovery:Crawling recursively for packages in '/home/autopilot/ws/restackcell/ws_moveit2'
[0.520s] Level 1:colcon.colcon_core.package_identification:_identify(.) by extensions ['ignore', 'ignore_ament_install']
[0.521s] Level 1:colcon.colcon_core.package_identification:_identify(.) by extension 'ignore'
[0.521s] Level 1:colcon.colcon_core.package_identification:_identify(.) by extension 'ignore_ament_install'
[0.521s] Level 1:colcon.colcon_core.package_identification:_identify(.) by extensions ['colcon_pkg']
[0.521s] Level 1:colcon.colcon_core.package_identification:_identify(.) by extension 'colcon_pkg'
[0.521s] Level 1:colcon.colcon_core.package_identification:_identify(.) by extensions ['colcon_meta']
[0.521s] Level 1:colcon.colcon_core.package_identification:_identify(.) by extension 'colcon_meta'
[0.521s] Level 1:colcon.colcon_core.package_identification:_identify(.) by extensions ['ros']
[0.521s] Level 1:colcon.colcon_core.package_identification:_identify(.) by extension 'ros'
[0.540s] Level 1:colcon.colcon_core.package_identification:_identify(.) by extensions ['cmake', 'python']
[0.541s] Level 1:colcon.colcon_core.package_identification:_identify(.) by extension 'cmake'
[0.541s] Level 1:colcon.colcon_core.package_identification:_identify(.) by extension 'python'
[0.541s] Level 1:colcon.colcon_core.package_identification:_identify(.) by extensions ['python_setup_py']
[0.541s] Level 1:colcon.colcon_core.package_identification:_identify(.) by extension 'python_setup_py'
[0.541s] Level 1:colcon.colcon_core.package_identification:_identify(build) by extensions ['ignore', 'ignore_ament_install']
[0.541s] Level 1:colcon.colcon_core.package_identification:_identify(build) by extension 'ignore'
[0.541s] Level 1:colcon.colcon_core.package_identification:_identify(build) ignored
[0.542s] Level 1:colcon.colcon_core.package_identification:_identify(install) by extensions ['ignore', 'ignore_ament_install']
[0.542s] Level 1:colcon.colcon_core.package_identification:_identify(install) by extension 'ignore'
[0.542s] Level 1:colcon.colcon_core.package_identification:_identify(install) ignored
[0.543s] Level 1:colcon.colcon_core.package_identification:_identify(log) by extensions ['ignore', 'ignore_ament_install']
[0.543s] Level 1:colcon.colcon_core.package_identification:_identify(log) by extension 'ignore'
[0.543s] Level 1:colcon.colcon_core.package_identification:_identify(log) ignored
[0.543s] Level 1:colcon.colcon_core.package_identification:_identify(src) by extensions ['ignore', 'ignore_ament_install']
[0.543s] Level 1:colcon.colcon_core.package_identification:_identify(src) by extension 'ignore'
[0.543s] Level 1:colcon.colcon_core.package_identification:_identify(src) by extension 'ignore_ament_install'
[0.543s] Level 1:colcon.colcon_core.package_identification:_identify(src) by extensions ['colcon_pkg']
[0.543s] Level 1:colcon.colcon_core.package_identification:_identify(src) by extension 'colcon_pkg'
[0.544s] Level 1:colcon.colcon_core.package_identification:_identify(src) by extensions ['colcon_meta']
[0.544s] Level 1:colcon.colcon_core.package_identification:_identify(src) by extension 'colcon_meta'
[0.544s] Level 1:colcon.colcon_core.package_identification:_identify(src) by extensions ['ros']
[0.544s] Level 1:colcon.colcon_core.package_identification:_identify(src) by extension 'ros'
[0.544s] Level 1:colcon.colcon_core.package_identification:_identify(src) by extensions ['cmake', 'python']
[0.544s] Level 1:colcon.colcon_core.package_identification:_identify(src) by extension 'cmake'
[0.544s] Level 1:colcon.colcon_core.package_identification:_identify(src) by extension 'python'
[0.544s] Level 1:colcon.colcon_core.package_identification:_identify(src) by extensions ['python_setup_py']
[0.544s] Level 1:colcon.colcon_core.package_identification:_identify(src) by extension 'python_setup_py'
[0.544s] Level 1:colcon.colcon_core.package_identification:_identify(src/grid_snapper) by extensions ['ignore', 'ignore_ament_install']
[0.544s] Level 1:colcon.colcon_core.package_identification:_identify(src/grid_snapper) by extension 'ignore'
[0.545s] Level 1:colcon.colcon_core.package_identification:_identify(src/grid_snapper) by extension 'ignore_ament_install'
[0.545s] Level 1:colcon.colcon_core.package_identification:_identify(src/grid_snapper) by extensions ['colcon_pkg']
[0.545s] Level 1:colcon.colcon_core.package_identification:_identify(src/grid_snapper) by extension 'colcon_pkg'
[0.545s] Level 1:colcon.colcon_core.package_identification:_identify(src/grid_snapper) by extensions ['colcon_meta']
[0.545s] Level 1:colcon.colcon_core.package_identification:_identify(src/grid_snapper) by extension 'colcon_meta'
[0.545s] Level 1:colcon.colcon_core.package_identification:_identify(src/grid_snapper) by extensions ['ros']
[0.545s] Level 1:colcon.colcon_core.package_identification:_identify(src/grid_snapper) by extension 'ros'
[0.550s] DEBUG:colcon.colcon_core.package_identification:Package 'src/grid_snapper' with type 'ros.ament_python' and name 'grid_snapper'
[0.550s] Level 1:colcon.colcon_core.package_identification:_identify(src/interface_opcua) by extensions ['ignore', 'ignore_ament_install']
[0.550s] Level 1:colcon.colcon_core.package_identification:_identify(src/interface_opcua) by extension 'ignore'
[0.550s] Level 1:colcon.colcon_core.package_identification:_identify(src/interface_opcua) by extension 'ignore_ament_install'
[0.550s] Level 1:colcon.colcon_core.package_identification:_identify(src/interface_opcua) by extensions ['colcon_pkg']
[0.550s] Level 1:colcon.colcon_core.package_identification:_identify(src/interface_opcua) by extension 'colcon_pkg'
[0.551s] Level 1:colcon.colcon_core.package_identification:_identify(src/interface_opcua) by extensions ['colcon_meta']
[0.551s] Level 1:colcon.colcon_core.package_identification:_identify(src/interface_opcua) by extension 'colcon_meta'
[0.551s] Level 1:colcon.colcon_core.package_identification:_identify(src/interface_opcua) by extensions ['ros']
[0.551s] Level 1:colcon.colcon_core.package_identification:_identify(src/interface_opcua) by extension 'ros'
[0.552s] DEBUG:colcon.colcon_core.package_identification:Package 'src/interface_opcua' with type 'ros.ament_python' and name 'interface_opcua'
[0.553s] Level 1:colcon.colcon_core.package_identification:_identify(src/mockup_robot) by extensions ['ignore', 'ignore_ament_install']
[0.553s] Level 1:colcon.colcon_core.package_identification:_identify(src/mockup_robot) by extension 'ignore'
[0.553s] Level 1:colcon.colcon_core.package_identification:_identify(src/mockup_robot) by extension 'ignore_ament_install'
[0.553s] Level 1:colcon.colcon_core.package_identification:_identify(src/mockup_robot) by extensions ['colcon_pkg']
[0.553s] Level 1:colcon.colcon_core.package_identification:_identify(src/mockup_robot) by extension 'colcon_pkg'
[0.553s] Level 1:colcon.colcon_core.package_identification:_identify(src/mockup_robot) by extensions ['colcon_meta']
[0.553s] Level 1:colcon.colcon_core.package_identification:_identify(src/mockup_robot) by extension 'colcon_meta'
[0.553s] Level 1:colcon.colcon_core.package_identification:_identify(src/mockup_robot) by extensions ['ros']
[0.553s] Level 1:colcon.colcon_core.package_identification:_identify(src/mockup_robot) by extension 'ros'
[0.555s] DEBUG:colcon.colcon_core.package_identification:Package 'src/mockup_robot' with type 'ros.ament_cmake' and name 'mockup_robot'
[0.555s] Level 1:colcon.colcon_core.package_identification:_identify(src/moveit_backend) by extensions ['ignore', 'ignore_ament_install']
[0.555s] Level 1:colcon.colcon_core.package_identification:_identify(src/moveit_backend) by extension 'ignore'
[0.555s] Level 1:colcon.colcon_core.package_identification:_identify(src/moveit_backend) by extension 'ignore_ament_install'
[0.555s] Level 1:colcon.colcon_core.package_identification:_identify(src/moveit_backend) by extensions ['colcon_pkg']
[0.555s] Level 1:colcon.colcon_core.package_identification:_identify(src/moveit_backend) by extension 'colcon_pkg'
[0.555s] Level 1:colcon.colcon_core.package_identification:_identify(src/moveit_backend) by extensions ['colcon_meta']
[0.555s] Level 1:colcon.colcon_core.package_identification:_identify(src/moveit_backend) by extension 'colcon_meta'
[0.555s] Level 1:colcon.colcon_core.package_identification:_identify(src/moveit_backend) by extensions ['ros']
[0.555s] Level 1:colcon.colcon_core.package_identification:_identify(src/moveit_backend) by extension 'ros'
[0.557s] DEBUG:colcon.colcon_core.package_identification:Package 'src/moveit_backend' with type 'ros.ament_cmake' and name 'moveit_backend'
[0.557s] Level 1:colcon.colcon_core.package_identification:_identify(src/opcua-asyncio) by extensions ['ignore', 'ignore_ament_install']
[0.557s] Level 1:colcon.colcon_core.package_identification:_identify(src/opcua-asyncio) by extension 'ignore'
[0.557s] Level 1:colcon.colcon_core.package_identification:_identify(src/opcua-asyncio) by extension 'ignore_ament_install'
[0.557s] Level 1:colcon.colcon_core.package_identification:_identify(src/opcua-asyncio) by extensions ['colcon_pkg']
[0.557s] Level 1:colcon.colcon_core.package_identification:_identify(src/opcua-asyncio) by extension 'colcon_pkg'
[0.557s] Level 1:colcon.colcon_core.package_identification:_identify(src/opcua-asyncio) by extensions ['colcon_meta']
[0.557s] Level 1:colcon.colcon_core.package_identification:_identify(src/opcua-asyncio) by extension 'colcon_meta'
[0.558s] Level 1:colcon.colcon_core.package_identification:_identify(src/opcua-asyncio) by extensions ['ros']
[0.558s] Level 1:colcon.colcon_core.package_identification:_identify(src/opcua-asyncio) by extension 'ros'
[0.558s] Level 1:colcon.colcon_core.package_identification:_identify(src/opcua-asyncio) by extensions ['cmake', 'python']
[0.558s] Level 1:colcon.colcon_core.package_identification:_identify(src/opcua-asyncio) by extension 'cmake'
[0.558s] Level 1:colcon.colcon_core.package_identification:_identify(src/opcua-asyncio) by extension 'python'
[0.558s] Level 1:colcon.colcon_core.package_identification:_identify(src/opcua-asyncio) by extensions ['python_setup_py']
[0.558s] Level 1:colcon.colcon_core.package_identification:_identify(src/opcua-asyncio) by extension 'python_setup_py'
[0.558s] Level 1:colcon.colcon_core.package_identification:_identify(src/opcua_client) by extensions ['ignore', 'ignore_ament_install']
[0.558s] Level 1:colcon.colcon_core.package_identification:_identify(src/opcua_client) by extension 'ignore'
[0.559s] Level 1:colcon.colcon_core.package_identification:_identify(src/opcua_client) by extension 'ignore_ament_install'
[0.559s] Level 1:colcon.colcon_core.package_identification:_identify(src/opcua_client) by extensions ['colcon_pkg']
[0.559s] Level 1:colcon.colcon_core.package_identification:_identify(src/opcua_client) by extension 'colcon_pkg'
[0.559s] Level 1:colcon.colcon_core.package_identification:_identify(src/opcua_client) by extensions ['colcon_meta']
[0.559s] Level 1:colcon.colcon_core.package_identification:_identify(src/opcua_client) by extension 'colcon_meta'
[0.559s] Level 1:colcon.colcon_core.package_identification:_identify(src/opcua_client) by extensions ['ros']
[0.559s] Level 1:colcon.colcon_core.package_identification:_identify(src/opcua_client) by extension 'ros'
[0.560s] DEBUG:colcon.colcon_core.package_identification:Package 'src/opcua_client' with type 'ros.ament_python' and name 'opcua_client'
[0.560s] Level 1:colcon.colcon_core.package_identification:_identify(src/opcua_interfaces) by extensions ['ignore', 'ignore_ament_install']
[0.561s] Level 1:colcon.colcon_core.package_identification:_identify(src/opcua_interfaces) by extension 'ignore'
[0.561s] Level 1:colcon.colcon_core.package_identification:_identify(src/opcua_interfaces) by extension 'ignore_ament_install'
[0.561s] Level 1:colcon.colcon_core.package_identification:_identify(src/opcua_interfaces) by extensions ['colcon_pkg']
[0.561s] Level 1:colcon.colcon_core.package_identification:_identify(src/opcua_interfaces) by extension 'colcon_pkg'
[0.561s] Level 1:colcon.colcon_core.package_identification:_identify(src/opcua_interfaces) by extensions ['colcon_meta']
[0.561s] Level 1:colcon.colcon_core.package_identification:_identify(src/opcua_interfaces) by extension 'colcon_meta'
[0.561s] Level 1:colcon.colcon_core.package_identification:_identify(src/opcua_interfaces) by extensions ['ros']
[0.561s] Level 1:colcon.colcon_core.package_identification:_identify(src/opcua_interfaces) by extension 'ros'
[0.562s] DEBUG:colcon.colcon_core.package_identification:Package 'src/opcua_interfaces' with type 'ros.ament_cmake' and name 'opcua_interfaces'
[0.562s] Level 1:colcon.colcon_core.package_identification:_identify(src/robo_planner) by extensions ['ignore', 'ignore_ament_install']
[0.563s] Level 1:colcon.colcon_core.package_identification:_identify(src/robo_planner) by extension 'ignore'
[0.563s] Level 1:colcon.colcon_core.package_identification:_identify(src/robo_planner) by extension 'ignore_ament_install'
[0.563s] Level 1:colcon.colcon_core.package_identification:_identify(src/robo_planner) by extensions ['colcon_pkg']
[0.563s] Level 1:colcon.colcon_core.package_identification:_identify(src/robo_planner) by extension 'colcon_pkg'
[0.563s] Level 1:colcon.colcon_core.package_identification:_identify(src/robo_planner) by extensions ['colcon_meta']
[0.563s] Level 1:colcon.colcon_core.package_identification:_identify(src/robo_planner) by extension 'colcon_meta'
[0.563s] Level 1:colcon.colcon_core.package_identification:_identify(src/robo_planner) by extensions ['ros']
[0.563s] Level 1:colcon.colcon_core.package_identification:_identify(src/robo_planner) by extension 'ros'
[0.565s] DEBUG:colcon.colcon_core.package_identification:Package 'src/robo_planner' with type 'ros.ament_cmake' and name 'robo_planner'
[0.565s] Level 1:colcon.colcon_core.package_identification:_identify(src/robo_planner_msgs) by extensions ['ignore', 'ignore_ament_install']
[0.565s] Level 1:colcon.colcon_core.package_identification:_identify(src/robo_planner_msgs) by extension 'ignore'
[0.565s] Level 1:colcon.colcon_core.package_identification:_identify(src/robo_planner_msgs) by extension 'ignore_ament_install'
[0.566s] Level 1:colcon.colcon_core.package_identification:_identify(src/robo_planner_msgs) by extensions ['colcon_pkg']
[0.566s] Level 1:colcon.colcon_core.package_identification:_identify(src/robo_planner_msgs) by extension 'colcon_pkg'
[0.566s] Level 1:colcon.colcon_core.package_identification:_identify(src/robo_planner_msgs) by extensions ['colcon_meta']
[0.566s] Level 1:colcon.colcon_core.package_identification:_identify(src/robo_planner_msgs) by extension 'colcon_meta'
[0.566s] Level 1:colcon.colcon_core.package_identification:_identify(src/robo_planner_msgs) by extensions ['ros']
[0.566s] Level 1:colcon.colcon_core.package_identification:_identify(src/robo_planner_msgs) by extension 'ros'
[0.567s] DEBUG:colcon.colcon_core.package_identification:Package 'src/robo_planner_msgs' with type 'ros.catkin' and name 'robo_planner_msgs'
[0.567s] Level 1:colcon.colcon_core.package_identification:_identify(src/robo_planner_py) by extensions ['ignore', 'ignore_ament_install']
[0.567s] Level 1:colcon.colcon_core.package_identification:_identify(src/robo_planner_py) by extension 'ignore'
[0.567s] Level 1:colcon.colcon_core.package_identification:_identify(src/robo_planner_py) by extension 'ignore_ament_install'
[0.568s] Level 1:colcon.colcon_core.package_identification:_identify(src/robo_planner_py) by extensions ['colcon_pkg']
[0.568s] Level 1:colcon.colcon_core.package_identification:_identify(src/robo_planner_py) by extension 'colcon_pkg'
[0.568s] Level 1:colcon.colcon_core.package_identification:_identify(src/robo_planner_py) by extensions ['colcon_meta']
[0.568s] Level 1:colcon.colcon_core.package_identification:_identify(src/robo_planner_py) by extension 'colcon_meta'
[0.568s] Level 1:colcon.colcon_core.package_identification:_identify(src/robo_planner_py) by extensions ['ros']
[0.568s] Level 1:colcon.colcon_core.package_identification:_identify(src/robo_planner_py) by extension 'ros'
[0.569s] DEBUG:colcon.colcon_core.package_identification:Package 'src/robo_planner_py' with type 'ros.ament_python' and name 'robo_planner_py'
[0.569s] Level 1:colcon.colcon_core.package_identification:_identify(src/wzlscheduler_interfaces) by extensions ['ignore', 'ignore_ament_install']
[0.569s] Level 1:colcon.colcon_core.package_identification:_identify(src/wzlscheduler_interfaces) by extension 'ignore'
[0.569s] Level 1:colcon.colcon_core.package_identification:_identify(src/wzlscheduler_interfaces) by extension 'ignore_ament_install'
[0.569s] Level 1:colcon.colcon_core.package_identification:_identify(src/wzlscheduler_interfaces) by extensions ['colcon_pkg']
[0.569s] Level 1:colcon.colcon_core.package_identification:_identify(src/wzlscheduler_interfaces) by extension 'colcon_pkg'
[0.570s] Level 1:colcon.colcon_core.package_identification:_identify(src/wzlscheduler_interfaces) by extensions ['colcon_meta']
[0.570s] Level 1:colcon.colcon_core.package_identification:_identify(src/wzlscheduler_interfaces) by extension 'colcon_meta'
[0.570s] Level 1:colcon.colcon_core.package_identification:_identify(src/wzlscheduler_interfaces) by extensions ['ros']
[0.570s] Level 1:colcon.colcon_core.package_identification:_identify(src/wzlscheduler_interfaces) by extension 'ros'
[0.571s] DEBUG:colcon.colcon_core.package_identification:Package 'src/wzlscheduler_interfaces' with type 'ros.catkin' and name 'wzlscheduler_interfaces'
[0.571s] Level 1:colcon.colcon_core.package_discovery:discover_packages(recursive) using defaults
[0.571s] Level 1:colcon.colcon_core.package_discovery:discover_packages(ignore) discover
[0.571s] Level 1:colcon.colcon_core.package_discovery:discover_packages(ignore) using defaults
[0.571s] Level 1:colcon.colcon_core.package_discovery:discover_packages(path) discover
[0.571s] Level 1:colcon.colcon_core.package_discovery:discover_packages(path) using defaults
[0.642s] Level 1:colcon.colcon_core.package_discovery:discover_packages(prefix_path) check parameters
[0.642s] Level 1:colcon.colcon_core.package_discovery:discover_packages(prefix_path) discover
[0.649s] DEBUG:colcon.colcon_installed_package_information.package_discovery:Found 16 installed packages in /home/autopilot/ws/restackcell/ws_moveit2/install
[0.651s] DEBUG:colcon.colcon_installed_package_information.package_discovery:Found 343 installed packages in /opt/ros/humble
[0.654s] Level 1:colcon.colcon_core.package_discovery:discover_packages(prefix_path) using defaults
[0.733s] WARNING:colcon.colcon_core.package_selection:Some selected packages are already built in one or more underlay workspaces:
	'wzlscheduler_interfaces' is in: /home/autopilot/ws/restackcell/ws_moveit2/install/wzlscheduler_interfaces
If a package in a merged underlay workspace is overridden and it installs headers, then all packages in the overlay must sort their include directories by workspace order. Failure to do so may result in build failures or undefined behavior at run time.
If the overridden package is used by another package in any underlay, then the overriding package in the overlay must be API and ABI compatible or undefined behavior at run time may occur.

If you understand the risks and want to override a package anyways, add the following to the command line:
	--allow-overriding wzlscheduler_interfaces

This may be promoted to an error in a future release of colcon-override-check.
[0.735s] Level 5:colcon.colcon_core.verb:set package 'interface_opcua' build argument 'cmake_args' from command line to 'None'
[0.736s] Level 5:colcon.colcon_core.verb:set package 'interface_opcua' build argument 'cmake_target' from command line to 'None'
[0.736s] Level 5:colcon.colcon_core.verb:set package 'interface_opcua' build argument 'cmake_target_skip_unavailable' from command line to 'False'
[0.736s] Level 5:colcon.colcon_core.verb:set package 'interface_opcua' build argument 'cmake_clean_cache' from command line to 'False'
[0.736s] Level 5:colcon.colcon_core.verb:set package 'interface_opcua' build argument 'cmake_clean_first' from command line to 'False'
[0.736s] Level 5:colcon.colcon_core.verb:set package 'interface_opcua' build argument 'cmake_force_configure' from command line to 'False'
[0.736s] Level 5:colcon.colcon_core.verb:set package 'interface_opcua' build argument 'ament_cmake_args' from command line to 'None'
[0.736s] Level 5:colcon.colcon_core.verb:set package 'interface_opcua' build argument 'catkin_cmake_args' from command line to 'None'
[0.736s] Level 5:colcon.colcon_core.verb:set package 'interface_opcua' build argument 'catkin_skip_building_tests' from command line to 'False'
[0.736s] DEBUG:colcon.colcon_core.verb:Building package 'interface_opcua' with the following arguments: {'ament_cmake_args': None, 'build_base': '/home/autopilot/ws/restackcell/ws_moveit2/build/interface_opcua', 'catkin_cmake_args': None, 'catkin_skip_building_tests': False, 'cmake_args': None, 'cmake_clean_cache': False, 'cmake_clean_first': False, 'cmake_force_configure': False, 'cmake_target': None, 'cmake_target_skip_unavailable': False, 'install_base': '/home/autopilot/ws/restackcell/ws_moveit2/install/interface_opcua', 'merge_install': False, 'path': '/home/autopilot/ws/restackcell/ws_moveit2/src/interface_opcua', 'symlink_install': False, 'test_result_base': None}
[0.737s] Level 5:colcon.colcon_core.verb:set package 'opcua_interfaces' build argument 'cmake_args' from command line to 'None'
[0.737s] Level 5:colcon.colcon_core.verb:set package 'opcua_interfaces' build argument 'cmake_target' from command line to 'None'
[0.737s] Level 5:colcon.colcon_core.verb:set package 'opcua_interfaces' build argument 'cmake_target_skip_unavailable' from command line to 'False'
[0.737s] Level 5:colcon.colcon_core.verb:set package 'opcua_interfaces' build argument 'cmake_clean_cache' from command line to 'False'
[0.737s] Level 5:colcon.colcon_core.verb:set package 'opcua_interfaces' build argument 'cmake_clean_first' from command line to 'False'
[0.737s] Level 5:colcon.colcon_core.verb:set package 'opcua_interfaces' build argument 'cmake_force_configure' from command line to 'False'
[0.737s] Level 5:colcon.colcon_core.verb:set package 'opcua_interfaces' build argument 'ament_cmake_args' from command line to 'None'
[0.737s] Level 5:colcon.colcon_core.verb:set package 'opcua_interfaces' build argument 'catkin_cmake_args' from command line to 'None'
[0.737s] Level 5:colcon.colcon_core.verb:set package 'opcua_interfaces' build argument 'catkin_skip_building_tests' from command line to 'False'
[0.737s] DEBUG:colcon.colcon_core.verb:Building package 'opcua_interfaces' with the following arguments: {'ament_cmake_args': None, 'build_base': '/home/autopilot/ws/restackcell/ws_moveit2/build/opcua_interfaces', 'catkin_cmake_args': None, 'catkin_skip_building_tests': False, 'cmake_args': None, 'cmake_clean_cache': False, 'cmake_clean_first': False, 'cmake_force_configure': False, 'cmake_target': None, 'cmake_target_skip_unavailable': False, 'install_base': '/home/autopilot/ws/restackcell/ws_moveit2/install/opcua_interfaces', 'merge_install': False, 'path': '/home/autopilot/ws/restackcell/ws_moveit2/src/opcua_interfaces', 'symlink_install': False, 'test_result_base': None}
[0.738s] Level 5:colcon.colcon_core.verb:set package 'robo_planner_msgs' build argument 'cmake_args' from command line to 'None'
[0.738s] Level 5:colcon.colcon_core.verb:set package 'robo_planner_msgs' build argument 'cmake_target' from command line to 'None'
[0.738s] Level 5:colcon.colcon_core.verb:set package 'robo_planner_msgs' build argument 'cmake_target_skip_unavailable' from command line to 'False'
[0.738s] Level 5:colcon.colcon_core.verb:set package 'robo_planner_msgs' build argument 'cmake_clean_cache' from command line to 'False'
[0.738s] Level 5:colcon.colcon_core.verb:set package 'robo_planner_msgs' build argument 'cmake_clean_first' from command line to 'False'
[0.738s] Level 5:colcon.colcon_core.verb:set package 'robo_planner_msgs' build argument 'cmake_force_configure' from command line to 'False'
[0.738s] Level 5:colcon.colcon_core.verb:set package 'robo_planner_msgs' build argument 'ament_cmake_args' from command line to 'None'
[0.738s] Level 5:colcon.colcon_core.verb:set package 'robo_planner_msgs' build argument 'catkin_cmake_args' from command line to 'None'
[0.738s] Level 5:colcon.colcon_core.verb:set package 'robo_planner_msgs' build argument 'catkin_skip_building_tests' from command line to 'False'
[0.738s] DEBUG:colcon.colcon_core.verb:Building package 'robo_planner_msgs' with the following arguments: {'ament_cmake_args': None, 'build_base': '/home/autopilot/ws/restackcell/ws_moveit2/build/robo_planner_msgs', 'catkin_cmake_args': None, 'catkin_skip_building_tests': False, 'cmake_args': None, 'cmake_clean_cache': False, 'cmake_clean_first': False, 'cmake_force_configure': False, 'cmake_target': None, 'cmake_target_skip_unavailable': False, 'install_base': '/home/autopilot/ws/restackcell/ws_moveit2/install/robo_planner_msgs', 'merge_install': False, 'path': '/home/autopilot/ws/restackcell/ws_moveit2/src/robo_planner_msgs', 'symlink_install': False, 'test_result_base': None}
[0.739s] Level 5:colcon.colcon_core.verb:set package 'wzlscheduler_interfaces' build argument 'cmake_args' from command line to 'None'
[0.739s] Level 5:colcon.colcon_core.verb:set package 'wzlscheduler_interfaces' build argument 'cmake_target' from command line to 'None'
[0.739s] Level 5:colcon.colcon_core.verb:set package 'wzlscheduler_interfaces' build argument 'cmake_target_skip_unavailable' from command line to 'False'
[0.739s] Level 5:colcon.colcon_core.verb:set package 'wzlscheduler_interfaces' build argument 'cmake_clean_cache' from command line to 'False'
[0.739s] Level 5:colcon.colcon_core.verb:set package 'wzlscheduler_interfaces' build argument 'cmake_clean_first' from command line to 'False'
[0.739s] Level 5:colcon.colcon_core.verb:set package 'wzlscheduler_interfaces' build argument 'cmake_force_configure' from command line to 'False'
[0.739s] Level 5:colcon.colcon_core.verb:set package 'wzlscheduler_interfaces' build argument 'ament_cmake_args' from command line to 'None'
[0.739s] Level 5:colcon.colcon_core.verb:set package 'wzlscheduler_interfaces' build argument 'catkin_cmake_args' from command line to 'None'
[0.739s] Level 5:colcon.colcon_core.verb:set package 'wzlscheduler_interfaces' build argument 'catkin_skip_building_tests' from command line to 'False'
[0.739s] DEBUG:colcon.colcon_core.verb:Building package 'wzlscheduler_interfaces' with the following arguments: {'ament_cmake_args': None, 'build_base': '/home/autopilot/ws/restackcell/ws_moveit2/build/wzlscheduler_interfaces', 'catkin_cmake_args': None, 'catkin_skip_building_tests': False, 'cmake_args': None, 'cmake_clean_cache': False, 'cmake_clean_first': False, 'cmake_force_configure': False, 'cmake_target': None, 'cmake_target_skip_unavailable': False, 'install_base': '/home/autopilot/ws/restackcell/ws_moveit2/install/wzlscheduler_interfaces', 'merge_install': False, 'path': '/home/autopilot/ws/restackcell/ws_moveit2/src/wzlscheduler_interfaces', 'symlink_install': False, 'test_result_base': None}
[0.740s] Level 5:colcon.colcon_core.verb:set package 'grid_snapper' build argument 'cmake_args' from command line to 'None'
[0.740s] Level 5:colcon.colcon_core.verb:set package 'grid_snapper' build argument 'cmake_target' from command line to 'None'
[0.740s] Level 5:colcon.colcon_core.verb:set package 'grid_snapper' build argument 'cmake_target_skip_unavailable' from command line to 'False'
[0.740s] Level 5:colcon.colcon_core.verb:set package 'grid_snapper' build argument 'cmake_clean_cache' from command line to 'False'
[0.740s] Level 5:colcon.colcon_core.verb:set package 'grid_snapper' build argument 'cmake_clean_first' from command line to 'False'
[0.740s] Level 5:colcon.colcon_core.verb:set package 'grid_snapper' build argument 'cmake_force_configure' from command line to 'False'
[0.740s] Level 5:colcon.colcon_core.verb:set package 'grid_snapper' build argument 'ament_cmake_args' from command line to 'None'
[0.740s] Level 5:colcon.colcon_core.verb:set package 'grid_snapper' build argument 'catkin_cmake_args' from command line to 'None'
[0.740s] Level 5:colcon.colcon_core.verb:set package 'grid_snapper' build argument 'catkin_skip_building_tests' from command line to 'False'
[0.740s] DEBUG:colcon.colcon_core.verb:Building package 'grid_snapper' with the following arguments: {'ament_cmake_args': None, 'build_base': '/home/autopilot/ws/restackcell/ws_moveit2/build/grid_snapper', 'catkin_cmake_args': None, 'catkin_skip_building_tests': False, 'cmake_args': None, 'cmake_clean_cache': False, 'cmake_clean_first': False, 'cmake_force_configure': False, 'cmake_target': None, 'cmake_target_skip_unavailable': False, 'install_base': '/home/autopilot/ws/restackcell/ws_moveit2/install/grid_snapper', 'merge_install': False, 'path': '/home/autopilot/ws/restackcell/ws_moveit2/src/grid_snapper', 'symlink_install': False, 'test_result_base': None}
[0.741s] Level 5:colcon.colcon_core.verb:set package 'mockup_robot' build argument 'cmake_args' from command line to 'None'
[0.741s] Level 5:colcon.colcon_core.verb:set package 'mockup_robot' build argument 'cmake_target' from command line to 'None'
[0.741s] Level 5:colcon.colcon_core.verb:set package 'mockup_robot' build argument 'cmake_target_skip_unavailable' from command line to 'False'
[0.741s] Level 5:colcon.colcon_core.verb:set package 'mockup_robot' build argument 'cmake_clean_cache' from command line to 'False'
[0.741s] Level 5:colcon.colcon_core.verb:set package 'mockup_robot' build argument 'cmake_clean_first' from command line to 'False'
[0.741s] Level 5:colcon.colcon_core.verb:set package 'mockup_robot' build argument 'cmake_force_configure' from command line to 'False'
[0.741s] Level 5:colcon.colcon_core.verb:set package 'mockup_robot' build argument 'ament_cmake_args' from command line to 'None'
[0.741s] Level 5:colcon.colcon_core.verb:set package 'mockup_robot' build argument 'catkin_cmake_args' from command line to 'None'
[0.741s] Level 5:colcon.colcon_core.verb:set package 'mockup_robot' build argument 'catkin_skip_building_tests' from command line to 'False'
[0.741s] DEBUG:colcon.colcon_core.verb:Building package 'mockup_robot' with the following arguments: {'ament_cmake_args': None, 'build_base': '/home/autopilot/ws/restackcell/ws_moveit2/build/mockup_robot', 'catkin_cmake_args': None, 'catkin_skip_building_tests': False, 'cmake_args': None, 'cmake_clean_cache': False, 'cmake_clean_first': False, 'cmake_force_configure': False, 'cmake_target': None, 'cmake_target_skip_unavailable': False, 'install_base': '/home/autopilot/ws/restackcell/ws_moveit2/install/mockup_robot', 'merge_install': False, 'path': '/home/autopilot/ws/restackcell/ws_moveit2/src/mockup_robot', 'symlink_install': False, 'test_result_base': None}
[0.742s] Level 5:colcon.colcon_core.verb:set package 'moveit_backend' build argument 'cmake_args' from command line to 'None'
[0.742s] Level 5:colcon.colcon_core.verb:set package 'moveit_backend' build argument 'cmake_target' from command line to 'None'
[0.742s] Level 5:colcon.colcon_core.verb:set package 'moveit_backend' build argument 'cmake_target_skip_unavailable' from command line to 'False'
[0.742s] Level 5:colcon.colcon_core.verb:set package 'moveit_backend' build argument 'cmake_clean_cache' from command line to 'False'
[0.742s] Level 5:colcon.colcon_core.verb:set package 'moveit_backend' build argument 'cmake_clean_first' from command line to 'False'
[0.742s] Level 5:colcon.colcon_core.verb:set package 'moveit_backend' build argument 'cmake_force_configure' from command line to 'False'
[0.742s] Level 5:colcon.colcon_core.verb:set package 'moveit_backend' build argument 'ament_cmake_args' from command line to 'None'
[0.742s] Level 5:colcon.colcon_core.verb:set package 'moveit_backend' build argument 'catkin_cmake_args' from command line to 'None'
[0.742s] Level 5:colcon.colcon_core.verb:set package 'moveit_backend' build argument 'catkin_skip_building_tests' from command line to 'False'
[0.742s] DEBUG:colcon.colcon_core.verb:Building package 'moveit_backend' with the following arguments: {'ament_cmake_args': None, 'build_base': '/home/autopilot/ws/restackcell/ws_moveit2/build/moveit_backend', 'catkin_cmake_args': None, 'catkin_skip_building_tests': False, 'cmake_args': None, 'cmake_clean_cache': False, 'cmake_clean_first': False, 'cmake_force_configure': False, 'cmake_target': None, 'cmake_target_skip_unavailable': False, 'install_base': '/home/autopilot/ws/restackcell/ws_moveit2/install/moveit_backend', 'merge_install': False, 'path': '/home/autopilot/ws/restackcell/ws_moveit2/src/moveit_backend', 'symlink_install': False, 'test_result_base': None}
[0.743s] Level 5:colcon.colcon_core.verb:set package 'opcua_client' build argument 'cmake_args' from command line to 'None'
[0.743s] Level 5:colcon.colcon_core.verb:set package 'opcua_client' build argument 'cmake_target' from command line to 'None'
[0.743s] Level 5:colcon.colcon_core.verb:set package 'opcua_client' build argument 'cmake_target_skip_unavailable' from command line to 'False'
[0.743s] Level 5:colcon.colcon_core.verb:set package 'opcua_client' build argument 'cmake_clean_cache' from command line to 'False'
[0.743s] Level 5:colcon.colcon_core.verb:set package 'opcua_client' build argument 'cmake_clean_first' from command line to 'False'
[0.743s] Level 5:colcon.colcon_core.verb:set package 'opcua_client' build argument 'cmake_force_configure' from command line to 'False'
[0.743s] Level 5:colcon.colcon_core.verb:set package 'opcua_client' build argument 'ament_cmake_args' from command line to 'None'
[0.743s] Level 5:colcon.colcon_core.verb:set package 'opcua_client' build argument 'catkin_cmake_args' from command line to 'None'
[0.743s] Level 5:colcon.colcon_core.verb:set package 'opcua_client' build argument 'catkin_skip_building_tests' from command line to 'False'
[0.743s] DEBUG:colcon.colcon_core.verb:Building package 'opcua_client' with the following arguments: {'ament_cmake_args': None, 'build_base': '/home/autopilot/ws/restackcell/ws_moveit2/build/opcua_client', 'catkin_cmake_args': None, 'catkin_skip_building_tests': False, 'cmake_args': None, 'cmake_clean_cache': False, 'cmake_clean_first': False, 'cmake_force_configure': False, 'cmake_target': None, 'cmake_target_skip_unavailable': False, 'install_base': '/home/autopilot/ws/restackcell/ws_moveit2/install/opcua_client', 'merge_install': False, 'path': '/home/autopilot/ws/restackcell/ws_moveit2/src/opcua_client', 'symlink_install': False, 'test_result_base': None}
[0.744s] Level 5:colcon.colcon_core.verb:set package 'robo_planner' build argument 'cmake_args' from command line to 'None'
[0.744s] Level 5:colcon.colcon_core.verb:set package 'robo_planner' build argument 'cmake_target' from command line to 'None'
[0.744s] Level 5:colcon.colcon_core.verb:set package 'robo_planner' build argument 'cmake_target_skip_unavailable' from command line to 'False'
[0.744s] Level 5:colcon.colcon_core.verb:set package 'robo_planner' build argument 'cmake_clean_cache' from command line to 'False'
[0.744s] Level 5:colcon.colcon_core.verb:set package 'robo_planner' build argument 'cmake_clean_first' from command line to 'False'
[0.744s] Level 5:colcon.colcon_core.verb:set package 'robo_planner' build argument 'cmake_force_configure' from command line to 'False'
[0.744s] Level 5:colcon.colcon_core.verb:set package 'robo_planner' build argument 'ament_cmake_args' from command line to 'None'
[0.744s] Level 5:colcon.colcon_core.verb:set package 'robo_planner' build argument 'catkin_cmake_args' from command line to 'None'
[0.744s] Level 5:colcon.colcon_core.verb:set package 'robo_planner' build argument 'catkin_skip_building_tests' from command line to 'False'
[0.744s] DEBUG:colcon.colcon_core.verb:Building package 'robo_planner' with the following arguments: {'ament_cmake_args': None, 'build_base': '/home/autopilot/ws/restackcell/ws_moveit2/build/robo_planner', 'catkin_cmake_args': None, 'catkin_skip_building_tests': False, 'cmake_args': None, 'cmake_clean_cache': False, 'cmake_clean_first': False, 'cmake_force_configure': False, 'cmake_target': None, 'cmake_target_skip_unavailable': False, 'install_base': '/home/autopilot/ws/restackcell/ws_moveit2/install/robo_planner', 'merge_install': False, 'path': '/home/autopilot/ws/restackcell/ws_moveit2/src/robo_planner', 'symlink_install': False, 'test_result_base': None}
[0.744s] Level 5:colcon.colcon_core.verb:set package 'robo_planner_py' build argument 'cmake_args' from command line to 'None'
[0.744s] Level 5:colcon.colcon_core.verb:set package 'robo_planner_py' build argument 'cmake_target' from command line to 'None'
[0.745s] Level 5:colcon.colcon_core.verb:set package 'robo_planner_py' build argument 'cmake_target_skip_unavailable' from command line to 'False'
[0.745s] Level 5:colcon.colcon_core.verb:set package 'robo_planner_py' build argument 'cmake_clean_cache' from command line to 'False'
[0.745s] Level 5:colcon.colcon_core.verb:set package 'robo_planner_py' build argument 'cmake_clean_first' from command line to 'False'
[0.745s] Level 5:colcon.colcon_core.verb:set package 'robo_planner_py' build argument 'cmake_force_configure' from command line to 'False'
[0.745s] Level 5:colcon.colcon_core.verb:set package 'robo_planner_py' build argument 'ament_cmake_args' from command line to 'None'
[0.745s] Level 5:colcon.colcon_core.verb:set package 'robo_planner_py' build argument 'catkin_cmake_args' from command line to 'None'
[0.745s] Level 5:colcon.colcon_core.verb:set package 'robo_planner_py' build argument 'catkin_skip_building_tests' from command line to 'False'
[0.745s] DEBUG:colcon.colcon_core.verb:Building package 'robo_planner_py' with the following arguments: {'ament_cmake_args': None, 'build_base': '/home/autopilot/ws/restackcell/ws_moveit2/build/robo_planner_py', 'catkin_cmake_args': None, 'catkin_skip_building_tests': False, 'cmake_args': None, 'cmake_clean_cache': False, 'cmake_clean_first': False, 'cmake_force_configure': False, 'cmake_target': None, 'cmake_target_skip_unavailable': False, 'install_base': '/home/autopilot/ws/restackcell/ws_moveit2/install/robo_planner_py', 'merge_install': False, 'path': '/home/autopilot/ws/restackcell/ws_moveit2/src/robo_planner_py', 'symlink_install': False, 'test_result_base': None}
[0.745s] INFO:colcon.colcon_core.executor:Executing jobs using 'parallel' executor
[0.747s] DEBUG:colcon.colcon_parallel_executor.executor.parallel:run_until_complete
[0.748s] INFO:colcon.colcon_ros.task.catkin.build:Building ROS package in '/home/autopilot/ws/restackcell/ws_moveit2/src/wzlscheduler_interfaces' with build type 'catkin'
[0.748s] INFO:colcon.colcon_cmake.task.cmake.build:Building CMake package in '/home/autopilot/ws/restackcell/ws_moveit2/src/wzlscheduler_interfaces'
[0.754s] INFO:colcon.colcon_core.plugin_system:Skipping extension 'colcon_core.shell.bat': Not used on non-Windows systems
[0.754s] INFO:colcon.colcon_core.shell:Skip shell extension 'powershell' for command environment: Not usable outside of PowerShell
[0.754s] DEBUG:colcon.colcon_core.shell:Skip shell extension 'dsv' for command environment
[0.762s] INFO:colcon.colcon_ros.task.ament_cmake.build:Building ROS package in '/home/autopilot/ws/restackcell/ws_moveit2/src/opcua_interfaces' with build type 'ament_cmake'
[0.762s] INFO:colcon.colcon_cmake.task.cmake.build:Building CMake package in '/home/autopilot/ws/restackcell/ws_moveit2/src/opcua_interfaces'
[0.763s] INFO:colcon.colcon_core.shell:Skip shell extension 'powershell' for command environment: Not usable outside of PowerShell
[0.763s] DEBUG:colcon.colcon_core.shell:Skip shell extension 'dsv' for command environment
[0.770s] INFO:colcon.colcon_ros.task.ament_python.build:Building ROS package in '/home/autopilot/ws/restackcell/ws_moveit2/src/interface_opcua' with build type 'ament_python'
[0.770s] Level 1:colcon.colcon_core.shell:create_environment_hook('interface_opcua', 'ament_prefix_path')
[0.771s] INFO:colcon.colcon_core.shell:Creating environment hook '/home/autopilot/ws/restackcell/ws_moveit2/install/interface_opcua/share/interface_opcua/hook/ament_prefix_path.ps1'
[0.772s] INFO:colcon.colcon_core.shell:Creating environment descriptor '/home/autopilot/ws/restackcell/ws_moveit2/install/interface_opcua/share/interface_opcua/hook/ament_prefix_path.dsv'
[0.773s] INFO:colcon.colcon_core.shell:Creating environment hook '/home/autopilot/ws/restackcell/ws_moveit2/install/interface_opcua/share/interface_opcua/hook/ament_prefix_path.sh'
[0.775s] INFO:colcon.colcon_core.shell:Skip shell extension 'powershell' for command environment: Not usable outside of PowerShell
[0.775s] DEBUG:colcon.colcon_core.shell:Skip shell extension 'dsv' for command environment
[0.781s] INFO:colcon.colcon_ros.task.catkin.build:Building ROS package in '/home/autopilot/ws/restackcell/ws_moveit2/src/robo_planner_msgs' with build type 'catkin'
[0.782s] INFO:colcon.colcon_cmake.task.cmake.build:Building CMake package in '/home/autopilot/ws/restackcell/ws_moveit2/src/robo_planner_msgs'
[0.782s] INFO:colcon.colcon_core.shell:Skip shell extension 'powershell' for command environment: Not usable outside of PowerShell
[0.782s] DEBUG:colcon.colcon_core.shell:Skip shell extension 'dsv' for command environment
[0.800s] DEBUG:colcon.colcon_core.event_handler.log_command:Invoking command in '/home/autopilot/ws/restackcell/ws_moveit2/build/wzlscheduler_interfaces': /usr/bin/cmake --build /home/autopilot/ws/restackcell/ws_moveit2/build/wzlscheduler_interfaces -- -j8 -l8
[0.807s] DEBUG:colcon.colcon_core.event_handler.log_command:Invoking command in '/home/autopilot/ws/restackcell/ws_moveit2/build/opcua_interfaces': CMAKE_PREFIX_PATH=/home/autopilot/ws/restackcell/ws_moveit2/install/robo_planner:/home/autopilot/ws/restackcell/ws_moveit2/install/pcl_segmentation:/home/autopilot/ws/restackcell/ws_moveit2/install/moveit_backend:/home/autopilot/ws/restackcell/ws_moveit2/install/mockup_robot:/home/autopilot/ws/restackcell/ws_moveit2/install/robo_planner_py:/home/autopilot/ws/restackcell/ws_moveit2/install/grid_snapper:/home/autopilot/ws/restackcell/ws_moveit2/install/opcua_client:/home/autopilot/ws/restackcell/ws_moveit2/install/interface_opcua:/opt/ros/humble:/home/autopilot/ws/restackcell/ws_moveit2/install/wzlscheduler_interfaces:/home/autopilot/ws/restackcell/ws_moveit2/install/ur_pilz:/home/autopilot/ws/restackcell/ws_moveit2/install/robo_planner_msgs:/home/autopilot/ws/restackcell/ws_moveit2/install/opcua_interfaces:/home/autopilot/ws/restackcell/ws_moveit2/install/custom_ur_moveit_config:/home/autopilot/ws/restackcell/ws_moveit2/install/custom_ur_description /usr/bin/cmake --build /home/autopilot/ws/restackcell/ws_moveit2/build/opcua_interfaces -- -j8 -l8
[1.561s] INFO:colcon.colcon_core.task.python.build:Building Python package in '/home/autopilot/ws/restackcell/ws_moveit2/src/interface_opcua'
[1.562s] INFO:colcon.colcon_core.shell:Skip shell extension 'powershell' for command environment: Not usable outside of PowerShell
[1.562s] DEBUG:colcon.colcon_core.shell:Skip shell extension 'dsv' for command environment
[1.595s] DEBUG:colcon.colcon_core.event_handler.log_command:Invoking command in '/home/autopilot/ws/restackcell/ws_moveit2/build/robo_planner_msgs': /usr/bin/cmake --build /home/autopilot/ws/restackcell/ws_moveit2/build/robo_planner_msgs -- -j8 -l8
[1.758s] DEBUG:colcon.colcon_core.event_handler.log_command:Invoked command in '/home/autopilot/ws/restackcell/ws_moveit2/build/wzlscheduler_interfaces' returned '0': /usr/bin/cmake --build /home/autopilot/ws/restackcell/ws_moveit2/build/wzlscheduler_interfaces -- -j8 -l8
[1.783s] DEBUG:colcon.colcon_core.event_handler.log_command:Invoked command in '/home/autopilot/ws/restackcell/ws_moveit2/build/opcua_interfaces' returned '0': CMAKE_PREFIX_PATH=/home/autopilot/ws/restackcell/ws_moveit2/install/robo_planner:/home/autopilot/ws/restackcell/ws_moveit2/install/pcl_segmentation:/home/autopilot/ws/restackcell/ws_moveit2/install/moveit_backend:/home/autopilot/ws/restackcell/ws_moveit2/install/mockup_robot:/home/autopilot/ws/restackcell/ws_moveit2/install/robo_planner_py:/home/autopilot/ws/restackcell/ws_moveit2/install/grid_snapper:/home/autopilot/ws/restackcell/ws_moveit2/install/opcua_client:/home/autopilot/ws/restackcell/ws_moveit2/install/interface_opcua:/opt/ros/humble:/home/autopilot/ws/restackcell/ws_moveit2/install/wzlscheduler_interfaces:/home/autopilot/ws/restackcell/ws_moveit2/install/ur_pilz:/home/autopilot/ws/restackcell/ws_moveit2/install/robo_planner_msgs:/home/autopilot/ws/restackcell/ws_moveit2/install/opcua_interfaces:/home/autopilot/ws/restackcell/ws_moveit2/install/custom_ur_moveit_config:/home/autopilot/ws/restackcell/ws_moveit2/install/custom_ur_description /usr/bin/cmake --build /home/autopilot/ws/restackcell/ws_moveit2/build/opcua_interfaces -- -j8 -l8
[2.240s] DEBUG:colcon.colcon_core.event_handler.log_command:Invoking command in '/home/autopilot/ws/restackcell/ws_moveit2/build/opcua_interfaces': CMAKE_PREFIX_PATH=/home/autopilot/ws/restackcell/ws_moveit2/install/robo_planner:/home/autopilot/ws/restackcell/ws_moveit2/install/pcl_segmentation:/home/autopilot/ws/restackcell/ws_moveit2/install/moveit_backend:/home/autopilot/ws/restackcell/ws_moveit2/install/mockup_robot:/home/autopilot/ws/restackcell/ws_moveit2/install/robo_planner_py:/home/autopilot/ws/restackcell/ws_moveit2/install/grid_snapper:/home/autopilot/ws/restackcell/ws_moveit2/install/opcua_client:/home/autopilot/ws/restackcell/ws_moveit2/install/interface_opcua:/opt/ros/humble:/home/autopilot/ws/restackcell/ws_moveit2/install/wzlscheduler_interfaces:/home/autopilot/ws/restackcell/ws_moveit2/install/ur_pilz:/home/autopilot/ws/restackcell/ws_moveit2/install/robo_planner_msgs:/home/autopilot/ws/restackcell/ws_moveit2/install/opcua_interfaces:/home/autopilot/ws/restackcell/ws_moveit2/install/custom_ur_moveit_config:/home/autopilot/ws/restackcell/ws_moveit2/install/custom_ur_description /usr/bin/cmake --install /home/autopilot/ws/restackcell/ws_moveit2/build/opcua_interfaces
[2.413s] Level 1:colcon.colcon_core.environment:create_environment_scripts_only(opcua_interfaces)
[2.419s] Level 1:colcon.colcon_core.environment:checking '/home/autopilot/ws/restackcell/ws_moveit2/install/opcua_interfaces' for CMake module files
[2.420s] Level 1:colcon.colcon_core.environment:checking '/home/autopilot/ws/restackcell/ws_moveit2/install/opcua_interfaces' for CMake config files
[2.420s] Level 1:colcon.colcon_core.shell:create_environment_hook('opcua_interfaces', 'cmake_prefix_path')
[2.421s] INFO:colcon.colcon_core.shell:Creating environment hook '/home/autopilot/ws/restackcell/ws_moveit2/install/opcua_interfaces/share/opcua_interfaces/hook/cmake_prefix_path.ps1'
[2.422s] DEBUG:colcon.colcon_core.event_handler.log_command:Invoked command in '/home/autopilot/ws/restackcell/ws_moveit2/build/opcua_interfaces' returned '0': CMAKE_PREFIX_PATH=/home/autopilot/ws/restackcell/ws_moveit2/install/robo_planner:/home/autopilot/ws/restackcell/ws_moveit2/install/pcl_segmentation:/home/autopilot/ws/restackcell/ws_moveit2/install/moveit_backend:/home/autopilot/ws/restackcell/ws_moveit2/install/mockup_robot:/home/autopilot/ws/restackcell/ws_moveit2/install/robo_planner_py:/home/autopilot/ws/restackcell/ws_moveit2/install/grid_snapper:/home/autopilot/ws/restackcell/ws_moveit2/install/opcua_client:/home/autopilot/ws/restackcell/ws_moveit2/install/interface_opcua:/opt/ros/humble:/home/autopilot/ws/restackcell/ws_moveit2/install/wzlscheduler_interfaces:/home/autopilot/ws/restackcell/ws_moveit2/install/ur_pilz:/home/autopilot/ws/restackcell/ws_moveit2/install/robo_planner_msgs:/home/autopilot/ws/restackcell/ws_moveit2/install/opcua_interfaces:/home/autopilot/ws/restackcell/ws_moveit2/install/custom_ur_moveit_config:/home/autopilot/ws/restackcell/ws_moveit2/install/custom_ur_description /usr/bin/cmake --install /home/autopilot/ws/restackcell/ws_moveit2/build/opcua_interfaces
[2.423s] INFO:colcon.colcon_core.shell:Creating environment descriptor '/home/autopilot/ws/restackcell/ws_moveit2/install/opcua_interfaces/share/opcua_interfaces/hook/cmake_prefix_path.dsv'
[2.424s] INFO:colcon.colcon_core.shell:Creating environment hook '/home/autopilot/ws/restackcell/ws_moveit2/install/opcua_interfaces/share/opcua_interfaces/hook/cmake_prefix_path.sh'
[2.425s] Level 1:colcon.colcon_core.environment:checking '/home/autopilot/ws/restackcell/ws_moveit2/install/opcua_interfaces/lib'
[2.425s] Level 1:colcon.colcon_core.shell:create_environment_hook('opcua_interfaces', 'ld_library_path_lib')
[2.426s] INFO:colcon.colcon_core.shell:Creating environment hook '/home/autopilot/ws/restackcell/ws_moveit2/install/opcua_interfaces/share/opcua_interfaces/hook/ld_library_path_lib.ps1'
[2.427s] INFO:colcon.colcon_core.shell:Creating environment descriptor '/home/autopilot/ws/restackcell/ws_moveit2/install/opcua_interfaces/share/opcua_interfaces/hook/ld_library_path_lib.dsv'
[2.428s] INFO:colcon.colcon_core.shell:Creating environment hook '/home/autopilot/ws/restackcell/ws_moveit2/install/opcua_interfaces/share/opcua_interfaces/hook/ld_library_path_lib.sh'
[2.430s] Level 1:colcon.colcon_core.environment:checking '/home/autopilot/ws/restackcell/ws_moveit2/install/opcua_interfaces/bin'
[2.430s] Level 1:colcon.colcon_core.environment:checking '/home/autopilot/ws/restackcell/ws_moveit2/install/opcua_interfaces/lib/pkgconfig/opcua_interfaces.pc'
[2.430s] Level 1:colcon.colcon_core.environment:checking '/home/autopilot/ws/restackcell/ws_moveit2/install/opcua_interfaces/lib/python3.10/site-packages'
[2.431s] Level 1:colcon.colcon_core.environment:checking '/home/autopilot/ws/restackcell/ws_moveit2/install/opcua_interfaces/bin'
[2.431s] INFO:colcon.colcon_core.shell:Creating package script '/home/autopilot/ws/restackcell/ws_moveit2/install/opcua_interfaces/share/opcua_interfaces/package.ps1'
[2.433s] INFO:colcon.colcon_core.shell:Creating package descriptor '/home/autopilot/ws/restackcell/ws_moveit2/install/opcua_interfaces/share/opcua_interfaces/package.dsv'
[2.434s] INFO:colcon.colcon_core.shell:Creating package script '/home/autopilot/ws/restackcell/ws_moveit2/install/opcua_interfaces/share/opcua_interfaces/package.sh'
[2.436s] INFO:colcon.colcon_core.shell:Creating package script '/home/autopilot/ws/restackcell/ws_moveit2/install/opcua_interfaces/share/opcua_interfaces/package.bash'
[2.438s] INFO:colcon.colcon_core.shell:Creating package script '/home/autopilot/ws/restackcell/ws_moveit2/install/opcua_interfaces/share/opcua_interfaces/package.zsh'
[2.441s] Level 1:colcon.colcon_core.environment:create_file_with_runtime_dependencies(/home/autopilot/ws/restackcell/ws_moveit2/install/opcua_interfaces/share/colcon-core/packages/opcua_interfaces)
[2.462s] DEBUG:colcon.colcon_core.event_handler.log_command:Invoking command in '/home/autopilot/ws/restackcell/ws_moveit2/src/interface_opcua': PYTHONPATH=/home/autopilot/ws/restackcell/ws_moveit2/build/interface_opcua/prefix_override:/usr/lib/python3/dist-packages/colcon_core/task/python/colcon_distutils_commands:/home/autopilot/ws/restackcell/ws_moveit2/install/interface_opcua/lib/python3.10/site-packages:${PYTHONPATH} /usr/bin/python3 -W ignore:setup.py install is deprecated setup.py egg_info --egg-base ../../build/interface_opcua build --build-base /home/autopilot/ws/restackcell/ws_moveit2/build/interface_opcua/build install --record /home/autopilot/ws/restackcell/ws_moveit2/build/interface_opcua/install.log --single-version-externally-managed install_data
[2.509s] DEBUG:colcon.colcon_core.event_handler.log_command:Invoked command in '/home/autopilot/ws/restackcell/ws_moveit2/build/robo_planner_msgs' returned '0': /usr/bin/cmake --build /home/autopilot/ws/restackcell/ws_moveit2/build/robo_planner_msgs -- -j8 -l8
[2.658s] Level 1:colcon.colcon_core.environment:create_environment_scripts_only(opcua_interfaces)
[2.659s] Level 1:colcon.colcon_core.environment:checking '/home/autopilot/ws/restackcell/ws_moveit2/install/opcua_interfaces' for CMake module files
[2.660s] Level 1:colcon.colcon_core.environment:checking '/home/autopilot/ws/restackcell/ws_moveit2/install/opcua_interfaces' for CMake config files
[2.661s] Level 1:colcon.colcon_core.shell:create_environment_hook('opcua_interfaces', 'cmake_prefix_path')
[2.661s] INFO:colcon.colcon_core.shell:Creating environment hook '/home/autopilot/ws/restackcell/ws_moveit2/install/opcua_interfaces/share/opcua_interfaces/hook/cmake_prefix_path.ps1'
[2.662s] INFO:colcon.colcon_core.shell:Creating environment descriptor '/home/autopilot/ws/restackcell/ws_moveit2/install/opcua_interfaces/share/opcua_interfaces/hook/cmake_prefix_path.dsv'
[2.663s] INFO:colcon.colcon_core.shell:Creating environment hook '/home/autopilot/ws/restackcell/ws_moveit2/install/opcua_interfaces/share/opcua_interfaces/hook/cmake_prefix_path.sh'
[2.664s] Level 1:colcon.colcon_core.environment:checking '/home/autopilot/ws/restackcell/ws_moveit2/install/opcua_interfaces/lib'
[2.664s] Level 1:colcon.colcon_core.shell:create_environment_hook('opcua_interfaces', 'ld_library_path_lib')
[2.665s] INFO:colcon.colcon_core.shell:Creating environment hook '/home/autopilot/ws/restackcell/ws_moveit2/install/opcua_interfaces/share/opcua_interfaces/hook/ld_library_path_lib.ps1'
[2.665s] INFO:colcon.colcon_core.shell:Creating environment descriptor '/home/autopilot/ws/restackcell/ws_moveit2/install/opcua_interfaces/share/opcua_interfaces/hook/ld_library_path_lib.dsv'
[2.666s] INFO:colcon.colcon_core.shell:Creating environment hook '/home/autopilot/ws/restackcell/ws_moveit2/install/opcua_interfaces/share/opcua_interfaces/hook/ld_library_path_lib.sh'
[2.667s] Level 1:colcon.colcon_core.environment:checking '/home/autopilot/ws/restackcell/ws_moveit2/install/opcua_interfaces/bin'
[2.667s] Level 1:colcon.colcon_core.environment:checking '/home/autopilot/ws/restackcell/ws_moveit2/install/opcua_interfaces/lib/pkgconfig/opcua_interfaces.pc'
[2.668s] Level 1:colcon.colcon_core.environment:checking '/home/autopilot/ws/restackcell/ws_moveit2/install/opcua_interfaces/lib/python3.10/site-packages'
[2.668s] Level 1:colcon.colcon_core.environment:checking '/home/autopilot/ws/restackcell/ws_moveit2/install/opcua_interfaces/bin'
[2.669s] INFO:colcon.colcon_core.shell:Creating package script '/home/autopilot/ws/restackcell/ws_moveit2/install/opcua_interfaces/share/opcua_interfaces/package.ps1'
[2.670s] INFO:colcon.colcon_core.shell:Creating package descriptor '/home/autopilot/ws/restackcell/ws_moveit2/install/opcua_interfaces/share/opcua_interfaces/package.dsv'
[2.671s] INFO:colcon.colcon_core.shell:Creating package script '/home/autopilot/ws/restackcell/ws_moveit2/install/opcua_interfaces/share/opcua_interfaces/package.sh'
[2.672s] INFO:colcon.colcon_core.shell:Creating package script '/home/autopilot/ws/restackcell/ws_moveit2/install/opcua_interfaces/share/opcua_interfaces/package.bash'
[2.672s] INFO:colcon.colcon_core.shell:Creating package script '/home/autopilot/ws/restackcell/ws_moveit2/install/opcua_interfaces/share/opcua_interfaces/package.zsh'
[2.673s] Level 1:colcon.colcon_core.environment:create_file_with_runtime_dependencies(/home/autopilot/ws/restackcell/ws_moveit2/install/opcua_interfaces/share/colcon-core/packages/opcua_interfaces)
[2.675s] INFO:colcon.colcon_ros.task.ament_python.build:Building ROS package in '/home/autopilot/ws/restackcell/ws_moveit2/src/opcua_client' with build type 'ament_python'
[2.676s] Level 1:colcon.colcon_core.shell:create_environment_hook('opcua_client', 'ament_prefix_path')
[2.676s] INFO:colcon.colcon_core.shell:Creating environment hook '/home/autopilot/ws/restackcell/ws_moveit2/install/opcua_client/share/opcua_client/hook/ament_prefix_path.ps1'
[2.677s] INFO:colcon.colcon_core.shell:Creating environment descriptor '/home/autopilot/ws/restackcell/ws_moveit2/install/opcua_client/share/opcua_client/hook/ament_prefix_path.dsv'
[2.678s] INFO:colcon.colcon_core.shell:Creating environment hook '/home/autopilot/ws/restackcell/ws_moveit2/install/opcua_client/share/opcua_client/hook/ament_prefix_path.sh'
[2.679s] INFO:colcon.colcon_core.shell:Skip shell extension 'powershell' for command environment: Not usable outside of PowerShell
[2.680s] DEBUG:colcon.colcon_core.shell:Skip shell extension 'dsv' for command environment
[3.287s] INFO:colcon.colcon_core.task.python.build:Building Python package in '/home/autopilot/ws/restackcell/ws_moveit2/src/opcua_client'
[3.288s] INFO:colcon.colcon_core.shell:Skip shell extension 'powershell' for command environment: Not usable outside of PowerShell
[3.288s] DEBUG:colcon.colcon_core.shell:Skip shell extension 'dsv' for command environment
[3.297s] Level 1:colcon.colcon_core.environment:checking '/home/autopilot/ws/restackcell/ws_moveit2/install/interface_opcua' for CMake module files
[3.298s] Level 1:colcon.colcon_core.environment:checking '/home/autopilot/ws/restackcell/ws_moveit2/install/interface_opcua' for CMake config files
[3.299s] Level 1:colcon.colcon_core.environment:checking '/home/autopilot/ws/restackcell/ws_moveit2/install/interface_opcua/lib'
[3.299s] Level 1:colcon.colcon_core.environment:checking '/home/autopilot/ws/restackcell/ws_moveit2/install/interface_opcua/bin'
[3.300s] Level 1:colcon.colcon_core.environment:checking '/home/autopilot/ws/restackcell/ws_moveit2/install/interface_opcua/lib/pkgconfig/interface_opcua.pc'
[3.300s] Level 1:colcon.colcon_core.environment:checking '/home/autopilot/ws/restackcell/ws_moveit2/install/interface_opcua/lib/python3.10/site-packages'
[3.300s] Level 1:colcon.colcon_core.shell:create_environment_hook('interface_opcua', 'pythonpath')
[3.301s] INFO:colcon.colcon_core.shell:Creating environment hook '/home/autopilot/ws/restackcell/ws_moveit2/install/interface_opcua/share/interface_opcua/hook/pythonpath.ps1'
[3.302s] INFO:colcon.colcon_core.shell:Creating environment descriptor '/home/autopilot/ws/restackcell/ws_moveit2/install/interface_opcua/share/interface_opcua/hook/pythonpath.dsv'
[3.302s] DEBUG:colcon.colcon_core.event_handler.log_command:Invoked command in '/home/autopilot/ws/restackcell/ws_moveit2/src/interface_opcua' returned '0': PYTHONPATH=/home/autopilot/ws/restackcell/ws_moveit2/build/interface_opcua/prefix_override:/usr/lib/python3/dist-packages/colcon_core/task/python/colcon_distutils_commands:/home/autopilot/ws/restackcell/ws_moveit2/install/interface_opcua/lib/python3.10/site-packages:${PYTHONPATH} /usr/bin/python3 -W ignore:setup.py install is deprecated setup.py egg_info --egg-base ../../build/interface_opcua build --build-base /home/autopilot/ws/restackcell/ws_moveit2/build/interface_opcua/build install --record /home/autopilot/ws/restackcell/ws_moveit2/build/interface_opcua/install.log --single-version-externally-managed install_data
[3.303s] INFO:colcon.colcon_core.shell:Creating environment hook '/home/autopilot/ws/restackcell/ws_moveit2/install/interface_opcua/share/interface_opcua/hook/pythonpath.sh'
[3.305s] Level 1:colcon.colcon_core.environment:checking '/home/autopilot/ws/restackcell/ws_moveit2/install/interface_opcua/bin'
[3.305s] Level 1:colcon.colcon_core.environment:create_environment_scripts_only(interface_opcua)
[3.305s] INFO:colcon.colcon_core.shell:Creating package script '/home/autopilot/ws/restackcell/ws_moveit2/install/interface_opcua/share/interface_opcua/package.ps1'
[3.306s] INFO:colcon.colcon_core.shell:Creating package descriptor '/home/autopilot/ws/restackcell/ws_moveit2/install/interface_opcua/share/interface_opcua/package.dsv'
[3.307s] INFO:colcon.colcon_core.shell:Creating package script '/home/autopilot/ws/restackcell/ws_moveit2/install/interface_opcua/share/interface_opcua/package.sh'
[3.308s] INFO:colcon.colcon_core.shell:Creating package script '/home/autopilot/ws/restackcell/ws_moveit2/install/interface_opcua/share/interface_opcua/package.bash'
[3.309s] INFO:colcon.colcon_core.shell:Creating package script '/home/autopilot/ws/restackcell/ws_moveit2/install/interface_opcua/share/interface_opcua/package.zsh'
[3.309s] Level 1:colcon.colcon_core.environment:create_file_with_runtime_dependencies(/home/autopilot/ws/restackcell/ws_moveit2/install/interface_opcua/share/colcon-core/packages/interface_opcua)
[4.226s] DEBUG:colcon.colcon_core.event_handler.log_command:Invoking command in '/home/autopilot/ws/restackcell/ws_moveit2/src/opcua_client': CMAKE_PREFIX_PATH=/home/autopilot/ws/restackcell/ws_moveit2/install/opcua_interfaces:/home/autopilot/ws/restackcell/ws_moveit2/install/robo_planner:/home/autopilot/ws/restackcell/ws_moveit2/install/pcl_segmentation:/home/autopilot/ws/restackcell/ws_moveit2/install/moveit_backend:/home/autopilot/ws/restackcell/ws_moveit2/install/mockup_robot:/home/autopilot/ws/restackcell/ws_moveit2/install/wzlscheduler_interfaces:/home/autopilot/ws/restackcell/ws_moveit2/install/ur_pilz:/home/autopilot/ws/restackcell/ws_moveit2/install/robo_planner_msgs:/home/autopilot/ws/restackcell/ws_moveit2/install/custom_ur_moveit_config:/home/autopilot/ws/restackcell/ws_moveit2/install/custom_ur_description LD_LIBRARY_PATH=/home/autopilot/ws/restackcell/ws_moveit2/install/opcua_interfaces/lib:/home/autopilot/ws/restackcell/ws_moveit2/install/wzlscheduler_interfaces/lib:/home/autopilot/ws/restackcell/ws_moveit2/install/robo_planner_msgs/lib:/opt/ros/humble/opt/rviz_ogre_vendor/lib:/opt/ros/humble/lib/aarch64-linux-gnu:/opt/ros/humble/lib PYTHONPATH=/home/autopilot/ws/restackcell/ws_moveit2/build/opcua_client/prefix_override:/usr/lib/python3/dist-packages/colcon_core/task/python/colcon_distutils_commands:/home/autopilot/ws/restackcell/ws_moveit2/install/opcua_client/lib/python3.10/site-packages:${PYTHONPATH} /usr/bin/python3 -W ignore:setup.py install is deprecated setup.py egg_info --egg-base ../../build/opcua_client build --build-base /home/autopilot/ws/restackcell/ws_moveit2/build/opcua_client/build install --record /home/autopilot/ws/restackcell/ws_moveit2/build/opcua_client/install.log --single-version-externally-managed install_data
[4.279s] DEBUG:colcon.colcon_core.event_handler.log_command:Invoking command in '/home/autopilot/ws/restackcell/ws_moveit2/build/wzlscheduler_interfaces': /usr/bin/cmake --install /home/autopilot/ws/restackcell/ws_moveit2/build/wzlscheduler_interfaces
[4.497s] DEBUG:colcon.colcon_core.event_handler.log_command:Invoked command in '/home/autopilot/ws/restackcell/ws_moveit2/build/wzlscheduler_interfaces' returned '0': /usr/bin/cmake --install /home/autopilot/ws/restackcell/ws_moveit2/build/wzlscheduler_interfaces
[4.572s] DEBUG:colcon.colcon_core.event_handler.log_command:Invoking command in '/home/autopilot/ws/restackcell/ws_moveit2/build/robo_planner_msgs': /usr/bin/cmake --install /home/autopilot/ws/restackcell/ws_moveit2/build/robo_planner_msgs
[4.780s] DEBUG:colcon.colcon_core.event_handler.log_command:Invoked command in '/home/autopilot/ws/restackcell/ws_moveit2/build/robo_planner_msgs' returned '0': /usr/bin/cmake --install /home/autopilot/ws/restackcell/ws_moveit2/build/robo_planner_msgs
[4.867s] Level 1:colcon.colcon_core.environment:checking '/home/autopilot/ws/restackcell/ws_moveit2/install/opcua_client' for CMake module files
[4.867s] Level 1:colcon.colcon_core.environment:checking '/home/autopilot/ws/restackcell/ws_moveit2/install/opcua_client' for CMake config files
[4.869s] Level 1:colcon.colcon_core.environment:checking '/home/autopilot/ws/restackcell/ws_moveit2/install/opcua_client/lib'
[4.869s] Level 1:colcon.colcon_core.environment:checking '/home/autopilot/ws/restackcell/ws_moveit2/install/opcua_client/bin'
[4.869s] Level 1:colcon.colcon_core.environment:checking '/home/autopilot/ws/restackcell/ws_moveit2/install/opcua_client/lib/pkgconfig/opcua_client.pc'
[4.869s] Level 1:colcon.colcon_core.environment:checking '/home/autopilot/ws/restackcell/ws_moveit2/install/opcua_client/lib/python3.10/site-packages'
[4.870s] Level 1:colcon.colcon_core.shell:create_environment_hook('opcua_client', 'pythonpath')
[4.870s] INFO:colcon.colcon_core.shell:Creating environment hook '/home/autopilot/ws/restackcell/ws_moveit2/install/opcua_client/share/opcua_client/hook/pythonpath.ps1'
[4.871s] INFO:colcon.colcon_core.shell:Creating environment descriptor '/home/autopilot/ws/restackcell/ws_moveit2/install/opcua_client/share/opcua_client/hook/pythonpath.dsv'
[4.872s] INFO:colcon.colcon_core.shell:Creating environment hook '/home/autopilot/ws/restackcell/ws_moveit2/install/opcua_client/share/opcua_client/hook/pythonpath.sh'
[4.873s] Level 1:colcon.colcon_core.environment:checking '/home/autopilot/ws/restackcell/ws_moveit2/install/opcua_client/bin'
[4.873s] Level 1:colcon.colcon_core.environment:create_environment_scripts_only(opcua_client)
[4.874s] INFO:colcon.colcon_core.shell:Creating package script '/home/autopilot/ws/restackcell/ws_moveit2/install/opcua_client/share/opcua_client/package.ps1'
[4.875s] DEBUG:colcon.colcon_core.event_handler.log_command:Invoked command in '/home/autopilot/ws/restackcell/ws_moveit2/src/opcua_client' returned '0': CMAKE_PREFIX_PATH=/home/autopilot/ws/restackcell/ws_moveit2/install/opcua_interfaces:/home/autopilot/ws/restackcell/ws_moveit2/install/robo_planner:/home/autopilot/ws/restackcell/ws_moveit2/install/pcl_segmentation:/home/autopilot/ws/restackcell/ws_moveit2/install/moveit_backend:/home/autopilot/ws/restackcell/ws_moveit2/install/mockup_robot:/home/autopilot/ws/restackcell/ws_moveit2/install/wzlscheduler_interfaces:/home/autopilot/ws/restackcell/ws_moveit2/install/ur_pilz:/home/autopilot/ws/restackcell/ws_moveit2/install/robo_planner_msgs:/home/autopilot/ws/restackcell/ws_moveit2/install/custom_ur_moveit_config:/home/autopilot/ws/restackcell/ws_moveit2/install/custom_ur_description LD_LIBRARY_PATH=/home/autopilot/ws/restackcell/ws_moveit2/install/opcua_interfaces/lib:/home/autopilot/ws/restackcell/ws_moveit2/install/wzlscheduler_interfaces/lib:/home/autopilot/ws/restackcell/ws_moveit2/install/robo_planner_msgs/lib:/opt/ros/humble/opt/rviz_ogre_vendor/lib:/opt/ros/humble/lib/aarch64-linux-gnu:/opt/ros/humble/lib PYTHONPATH=/home/autopilot/ws/restackcell/ws_moveit2/build/opcua_client/prefix_override:/usr/lib/python3/dist-packages/colcon_core/task/python/colcon_distutils_commands:/home/autopilot/ws/restackcell/ws_moveit2/install/opcua_client/lib/python3.10/site-packages:${PYTHONPATH} /usr/bin/python3 -W ignore:setup.py install is deprecated setup.py egg_info --egg-base ../../build/opcua_client build --build-base /home/autopilot/ws/restackcell/ws_moveit2/build/opcua_client/build install --record /home/autopilot/ws/restackcell/ws_moveit2/build/opcua_client/install.log --single-version-externally-managed install_data
[4.877s] INFO:colcon.colcon_core.shell:Creating package descriptor '/home/autopilot/ws/restackcell/ws_moveit2/install/opcua_client/share/opcua_client/package.dsv'
[4.879s] INFO:colcon.colcon_core.shell:Creating package script '/home/autopilot/ws/restackcell/ws_moveit2/install/opcua_client/share/opcua_client/package.sh'
[4.881s] INFO:colcon.colcon_core.shell:Creating package script '/home/autopilot/ws/restackcell/ws_moveit2/install/opcua_client/share/opcua_client/package.bash'
[4.885s] INFO:colcon.colcon_core.shell:Creating package script '/home/autopilot/ws/restackcell/ws_moveit2/install/opcua_client/share/opcua_client/package.zsh'
[4.888s] Level 1:colcon.colcon_core.environment:create_file_with_runtime_dependencies(/home/autopilot/ws/restackcell/ws_moveit2/install/opcua_client/share/colcon-core/packages/opcua_client)
[5.657s] Level 1:colcon.colcon_core.shell:create_environment_hook('wzlscheduler_interfaces', 'ros_package_path')
[5.658s] INFO:colcon.colcon_core.shell:Creating environment hook '/home/autopilot/ws/restackcell/ws_moveit2/install/wzlscheduler_interfaces/share/wzlscheduler_interfaces/hook/ros_package_path.ps1'
[5.659s] INFO:colcon.colcon_core.shell:Creating environment descriptor '/home/autopilot/ws/restackcell/ws_moveit2/install/wzlscheduler_interfaces/share/wzlscheduler_interfaces/hook/ros_package_path.dsv'
[5.660s] INFO:colcon.colcon_core.shell:Creating environment hook '/home/autopilot/ws/restackcell/ws_moveit2/install/wzlscheduler_interfaces/share/wzlscheduler_interfaces/hook/ros_package_path.sh'
[5.661s] Level 1:colcon.colcon_ros.task.catkin:checking '/home/autopilot/ws/restackcell/ws_moveit2/install/wzlscheduler_interfaces/local/lib/python3.10/dist-packages'
[5.661s] Level 1:colcon.colcon_core.shell:create_environment_hook('wzlscheduler_interfaces', 'catkin_pythonpath')
[5.662s] INFO:colcon.colcon_core.shell:Creating environment hook '/home/autopilot/ws/restackcell/ws_moveit2/install/wzlscheduler_interfaces/share/wzlscheduler_interfaces/hook/catkin_pythonpath.ps1'
[5.663s] INFO:colcon.colcon_core.shell:Creating environment descriptor '/home/autopilot/ws/restackcell/ws_moveit2/install/wzlscheduler_interfaces/share/wzlscheduler_interfaces/hook/catkin_pythonpath.dsv'
[5.663s] INFO:colcon.colcon_core.shell:Creating environment hook '/home/autopilot/ws/restackcell/ws_moveit2/install/wzlscheduler_interfaces/share/wzlscheduler_interfaces/hook/catkin_pythonpath.sh'
[5.664s] Level 1:colcon.colcon_core.shell:create_environment_hook('wzlscheduler_interfaces', 'pkg_config_path')
[5.665s] INFO:colcon.colcon_core.shell:Creating environment hook '/home/autopilot/ws/restackcell/ws_moveit2/install/wzlscheduler_interfaces/share/wzlscheduler_interfaces/hook/pkg_config_path.ps1'
[5.665s] INFO:colcon.colcon_core.shell:Creating environment descriptor '/home/autopilot/ws/restackcell/ws_moveit2/install/wzlscheduler_interfaces/share/wzlscheduler_interfaces/hook/pkg_config_path.dsv'
[5.667s] INFO:colcon.colcon_core.shell:Creating environment hook '/home/autopilot/ws/restackcell/ws_moveit2/install/wzlscheduler_interfaces/share/wzlscheduler_interfaces/hook/pkg_config_path.sh'
[5.673s] Level 1:colcon.colcon_core.shell:create_environment_hook('wzlscheduler_interfaces', 'pkg_config_path_multiarch')
[5.673s] INFO:colcon.colcon_core.shell:Creating environment hook '/home/autopilot/ws/restackcell/ws_moveit2/install/wzlscheduler_interfaces/share/wzlscheduler_interfaces/hook/pkg_config_path_multiarch.ps1'
[5.675s] INFO:colcon.colcon_core.shell:Creating environment descriptor '/home/autopilot/ws/restackcell/ws_moveit2/install/wzlscheduler_interfaces/share/wzlscheduler_interfaces/hook/pkg_config_path_multiarch.dsv'
[5.676s] INFO:colcon.colcon_core.shell:Creating environment hook '/home/autopilot/ws/restackcell/ws_moveit2/install/wzlscheduler_interfaces/share/wzlscheduler_interfaces/hook/pkg_config_path_multiarch.sh'
[5.679s] Level 1:colcon.colcon_core.environment:create_environment_scripts_only(wzlscheduler_interfaces)
[5.683s] Level 1:colcon.colcon_core.environment:checking '/home/autopilot/ws/restackcell/ws_moveit2/install/wzlscheduler_interfaces' for CMake module files
[5.686s] Level 1:colcon.colcon_core.environment:checking '/home/autopilot/ws/restackcell/ws_moveit2/install/wzlscheduler_interfaces' for CMake config files
[5.687s] Level 1:colcon.colcon_core.shell:create_environment_hook('wzlscheduler_interfaces', 'cmake_prefix_path')
[5.688s] INFO:colcon.colcon_core.shell:Creating environment hook '/home/autopilot/ws/restackcell/ws_moveit2/install/wzlscheduler_interfaces/share/wzlscheduler_interfaces/hook/cmake_prefix_path.ps1'
[5.690s] INFO:colcon.colcon_core.shell:Creating environment descriptor '/home/autopilot/ws/restackcell/ws_moveit2/install/wzlscheduler_interfaces/share/wzlscheduler_interfaces/hook/cmake_prefix_path.dsv'
[5.694s] INFO:colcon.colcon_core.shell:Creating environment hook '/home/autopilot/ws/restackcell/ws_moveit2/install/wzlscheduler_interfaces/share/wzlscheduler_interfaces/hook/cmake_prefix_path.sh'
[5.697s] Level 1:colcon.colcon_core.environment:checking '/home/autopilot/ws/restackcell/ws_moveit2/install/wzlscheduler_interfaces/lib'
[5.697s] Level 1:colcon.colcon_core.shell:create_environment_hook('wzlscheduler_interfaces', 'ld_library_path_lib')
[5.698s] INFO:colcon.colcon_core.shell:Creating environment hook '/home/autopilot/ws/restackcell/ws_moveit2/install/wzlscheduler_interfaces/share/wzlscheduler_interfaces/hook/ld_library_path_lib.ps1'
[5.700s] INFO:colcon.colcon_core.shell:Creating environment descriptor '/home/autopilot/ws/restackcell/ws_moveit2/install/wzlscheduler_interfaces/share/wzlscheduler_interfaces/hook/ld_library_path_lib.dsv'
[5.702s] INFO:colcon.colcon_core.shell:Creating environment hook '/home/autopilot/ws/restackcell/ws_moveit2/install/wzlscheduler_interfaces/share/wzlscheduler_interfaces/hook/ld_library_path_lib.sh'
[5.704s] Level 1:colcon.colcon_core.environment:checking '/home/autopilot/ws/restackcell/ws_moveit2/install/wzlscheduler_interfaces/bin'
[5.705s] Level 1:colcon.colcon_core.environment:checking '/home/autopilot/ws/restackcell/ws_moveit2/install/wzlscheduler_interfaces/lib/pkgconfig/wzlscheduler_interfaces.pc'
[5.705s] Level 1:colcon.colcon_core.environment:checking '/home/autopilot/ws/restackcell/ws_moveit2/install/wzlscheduler_interfaces/lib/python3.10/site-packages'
[5.706s] Level 1:colcon.colcon_core.environment:checking '/home/autopilot/ws/restackcell/ws_moveit2/install/wzlscheduler_interfaces/bin'
[5.708s] INFO:colcon.colcon_core.shell:Creating package script '/home/autopilot/ws/restackcell/ws_moveit2/install/wzlscheduler_interfaces/share/wzlscheduler_interfaces/package.ps1'
[5.710s] INFO:colcon.colcon_core.shell:Creating package descriptor '/home/autopilot/ws/restackcell/ws_moveit2/install/wzlscheduler_interfaces/share/wzlscheduler_interfaces/package.dsv'
[5.716s] INFO:colcon.colcon_core.shell:Creating package script '/home/autopilot/ws/restackcell/ws_moveit2/install/wzlscheduler_interfaces/share/wzlscheduler_interfaces/package.sh'
[5.718s] INFO:colcon.colcon_core.shell:Creating package script '/home/autopilot/ws/restackcell/ws_moveit2/install/wzlscheduler_interfaces/share/wzlscheduler_interfaces/package.bash'
[5.720s] INFO:colcon.colcon_core.shell:Creating package script '/home/autopilot/ws/restackcell/ws_moveit2/install/wzlscheduler_interfaces/share/wzlscheduler_interfaces/package.zsh'
[5.722s] Level 1:colcon.colcon_core.environment:create_file_with_runtime_dependencies(/home/autopilot/ws/restackcell/ws_moveit2/install/wzlscheduler_interfaces/share/colcon-core/packages/wzlscheduler_interfaces)
[5.725s] INFO:colcon.colcon_ros.task.ament_python.build:Building ROS package in '/home/autopilot/ws/restackcell/ws_moveit2/src/grid_snapper' with build type 'ament_python'
[5.726s] Level 1:colcon.colcon_core.shell:create_environment_hook('grid_snapper', 'ament_prefix_path')
[5.727s] INFO:colcon.colcon_core.shell:Creating environment hook '/home/autopilot/ws/restackcell/ws_moveit2/install/grid_snapper/share/grid_snapper/hook/ament_prefix_path.ps1'
[5.729s] INFO:colcon.colcon_core.shell:Creating environment descriptor '/home/autopilot/ws/restackcell/ws_moveit2/install/grid_snapper/share/grid_snapper/hook/ament_prefix_path.dsv'
[5.730s] INFO:colcon.colcon_core.shell:Creating environment hook '/home/autopilot/ws/restackcell/ws_moveit2/install/grid_snapper/share/grid_snapper/hook/ament_prefix_path.sh'
[5.733s] INFO:colcon.colcon_core.shell:Skip shell extension 'powershell' for command environment: Not usable outside of PowerShell
[5.733s] DEBUG:colcon.colcon_core.shell:Skip shell extension 'dsv' for command environment
[5.746s] INFO:colcon.colcon_ros.task.ament_cmake.build:Building ROS package in '/home/autopilot/ws/restackcell/ws_moveit2/src/mockup_robot' with build type 'ament_cmake'
[5.747s] INFO:colcon.colcon_cmake.task.cmake.build:Building CMake package in '/home/autopilot/ws/restackcell/ws_moveit2/src/mockup_robot'
[5.747s] INFO:colcon.colcon_core.shell:Skip shell extension 'powershell' for command environment: Not usable outside of PowerShell
[5.747s] DEBUG:colcon.colcon_core.shell:Skip shell extension 'dsv' for command environment
[5.762s] INFO:colcon.colcon_ros.task.ament_cmake.build:Building ROS package in '/home/autopilot/ws/restackcell/ws_moveit2/src/moveit_backend' with build type 'ament_cmake'
[5.763s] INFO:colcon.colcon_cmake.task.cmake.build:Building CMake package in '/home/autopilot/ws/restackcell/ws_moveit2/src/moveit_backend'
[5.763s] INFO:colcon.colcon_core.shell:Skip shell extension 'powershell' for command environment: Not usable outside of PowerShell
[5.763s] DEBUG:colcon.colcon_core.shell:Skip shell extension 'dsv' for command environment
[5.801s] INFO:colcon.colcon_ros.task.ament_cmake.build:Building ROS package in '/home/autopilot/ws/restackcell/ws_moveit2/src/robo_planner' with build type 'ament_cmake'
[5.801s] INFO:colcon.colcon_cmake.task.cmake.build:Building CMake package in '/home/autopilot/ws/restackcell/ws_moveit2/src/robo_planner'
[5.802s] INFO:colcon.colcon_core.shell:Skip shell extension 'powershell' for command environment: Not usable outside of PowerShell
[5.803s] DEBUG:colcon.colcon_core.shell:Skip shell extension 'dsv' for command environment
[5.831s] INFO:colcon.colcon_ros.task.ament_python.build:Building ROS package in '/home/autopilot/ws/restackcell/ws_moveit2/src/robo_planner_py' with build type 'ament_python'
[5.831s] Level 1:colcon.colcon_core.shell:create_environment_hook('robo_planner_py', 'ament_prefix_path')
[5.832s] INFO:colcon.colcon_core.shell:Creating environment hook '/home/autopilot/ws/restackcell/ws_moveit2/install/robo_planner_py/share/robo_planner_py/hook/ament_prefix_path.ps1'
[5.834s] INFO:colcon.colcon_core.shell:Creating environment descriptor '/home/autopilot/ws/restackcell/ws_moveit2/install/robo_planner_py/share/robo_planner_py/hook/ament_prefix_path.dsv'
[5.835s] INFO:colcon.colcon_core.shell:Creating environment hook '/home/autopilot/ws/restackcell/ws_moveit2/install/robo_planner_py/share/robo_planner_py/hook/ament_prefix_path.sh'
[5.837s] INFO:colcon.colcon_core.shell:Skip shell extension 'powershell' for command environment: Not usable outside of PowerShell
[5.837s] DEBUG:colcon.colcon_core.shell:Skip shell extension 'dsv' for command environment
[5.853s] Level 1:colcon.colcon_core.shell:create_environment_hook('robo_planner_msgs', 'ros_package_path')
[5.853s] INFO:colcon.colcon_core.shell:Creating environment hook '/home/autopilot/ws/restackcell/ws_moveit2/install/robo_planner_msgs/share/robo_planner_msgs/hook/ros_package_path.ps1'
[5.855s] INFO:colcon.colcon_core.shell:Creating environment descriptor '/home/autopilot/ws/restackcell/ws_moveit2/install/robo_planner_msgs/share/robo_planner_msgs/hook/ros_package_path.dsv'
[5.856s] INFO:colcon.colcon_core.shell:Creating environment hook '/home/autopilot/ws/restackcell/ws_moveit2/install/robo_planner_msgs/share/robo_planner_msgs/hook/ros_package_path.sh'
[5.858s] Level 1:colcon.colcon_ros.task.catkin:checking '/home/autopilot/ws/restackcell/ws_moveit2/install/robo_planner_msgs/local/lib/python3.10/dist-packages'
[5.858s] Level 1:colcon.colcon_core.shell:create_environment_hook('robo_planner_msgs', 'catkin_pythonpath')
[5.859s] INFO:colcon.colcon_core.shell:Creating environment hook '/home/autopilot/ws/restackcell/ws_moveit2/install/robo_planner_msgs/share/robo_planner_msgs/hook/catkin_pythonpath.ps1'
[5.860s] INFO:colcon.colcon_core.shell:Creating environment descriptor '/home/autopilot/ws/restackcell/ws_moveit2/install/robo_planner_msgs/share/robo_planner_msgs/hook/catkin_pythonpath.dsv'
[5.862s] INFO:colcon.colcon_core.shell:Creating environment hook '/home/autopilot/ws/restackcell/ws_moveit2/install/robo_planner_msgs/share/robo_planner_msgs/hook/catkin_pythonpath.sh'
[5.863s] Level 1:colcon.colcon_core.shell:create_environment_hook('robo_planner_msgs', 'pkg_config_path')
[5.864s] INFO:colcon.colcon_core.shell:Creating environment hook '/home/autopilot/ws/restackcell/ws_moveit2/install/robo_planner_msgs/share/robo_planner_msgs/hook/pkg_config_path.ps1'
[5.865s] INFO:colcon.colcon_core.shell:Creating environment descriptor '/home/autopilot/ws/restackcell/ws_moveit2/install/robo_planner_msgs/share/robo_planner_msgs/hook/pkg_config_path.dsv'
[5.866s] INFO:colcon.colcon_core.shell:Creating environment hook '/home/autopilot/ws/restackcell/ws_moveit2/install/robo_planner_msgs/share/robo_planner_msgs/hook/pkg_config_path.sh'
[5.868s] Level 1:colcon.colcon_core.shell:create_environment_hook('robo_planner_msgs', 'pkg_config_path_multiarch')
[5.868s] INFO:colcon.colcon_core.shell:Creating environment hook '/home/autopilot/ws/restackcell/ws_moveit2/install/robo_planner_msgs/share/robo_planner_msgs/hook/pkg_config_path_multiarch.ps1'
[5.870s] INFO:colcon.colcon_core.shell:Creating environment descriptor '/home/autopilot/ws/restackcell/ws_moveit2/install/robo_planner_msgs/share/robo_planner_msgs/hook/pkg_config_path_multiarch.dsv'
[5.871s] INFO:colcon.colcon_core.shell:Creating environment hook '/home/autopilot/ws/restackcell/ws_moveit2/install/robo_planner_msgs/share/robo_planner_msgs/hook/pkg_config_path_multiarch.sh'
[5.873s] Level 1:colcon.colcon_core.environment:create_environment_scripts_only(robo_planner_msgs)
[5.874s] Level 1:colcon.colcon_core.environment:checking '/home/autopilot/ws/restackcell/ws_moveit2/install/robo_planner_msgs' for CMake module files
[5.875s] Level 1:colcon.colcon_core.environment:checking '/home/autopilot/ws/restackcell/ws_moveit2/install/robo_planner_msgs' for CMake config files
[5.875s] Level 1:colcon.colcon_core.shell:create_environment_hook('robo_planner_msgs', 'cmake_prefix_path')
[5.876s] INFO:colcon.colcon_core.shell:Creating environment hook '/home/autopilot/ws/restackcell/ws_moveit2/install/robo_planner_msgs/share/robo_planner_msgs/hook/cmake_prefix_path.ps1'
[5.877s] INFO:colcon.colcon_core.shell:Creating environment descriptor '/home/autopilot/ws/restackcell/ws_moveit2/install/robo_planner_msgs/share/robo_planner_msgs/hook/cmake_prefix_path.dsv'
[5.879s] INFO:colcon.colcon_core.shell:Creating environment hook '/home/autopilot/ws/restackcell/ws_moveit2/install/robo_planner_msgs/share/robo_planner_msgs/hook/cmake_prefix_path.sh'
[5.880s] Level 1:colcon.colcon_core.environment:checking '/home/autopilot/ws/restackcell/ws_moveit2/install/robo_planner_msgs/lib'
[5.881s] Level 1:colcon.colcon_core.shell:create_environment_hook('robo_planner_msgs', 'ld_library_path_lib')
[5.881s] INFO:colcon.colcon_core.shell:Creating environment hook '/home/autopilot/ws/restackcell/ws_moveit2/install/robo_planner_msgs/share/robo_planner_msgs/hook/ld_library_path_lib.ps1'
[5.883s] INFO:colcon.colcon_core.shell:Creating environment descriptor '/home/autopilot/ws/restackcell/ws_moveit2/install/robo_planner_msgs/share/robo_planner_msgs/hook/ld_library_path_lib.dsv'
[5.884s] INFO:colcon.colcon_core.shell:Creating environment hook '/home/autopilot/ws/restackcell/ws_moveit2/install/robo_planner_msgs/share/robo_planner_msgs/hook/ld_library_path_lib.sh'
[5.885s] Level 1:colcon.colcon_core.environment:checking '/home/autopilot/ws/restackcell/ws_moveit2/install/robo_planner_msgs/bin'
[5.886s] Level 1:colcon.colcon_core.environment:checking '/home/autopilot/ws/restackcell/ws_moveit2/install/robo_planner_msgs/lib/pkgconfig/robo_planner_msgs.pc'
[5.886s] Level 1:colcon.colcon_core.environment:checking '/home/autopilot/ws/restackcell/ws_moveit2/install/robo_planner_msgs/lib/python3.10/site-packages'
[5.896s] Level 1:colcon.colcon_core.environment:checking '/home/autopilot/ws/restackcell/ws_moveit2/install/robo_planner_msgs/bin'
[5.898s] INFO:colcon.colcon_core.shell:Creating package script '/home/autopilot/ws/restackcell/ws_moveit2/install/robo_planner_msgs/share/robo_planner_msgs/package.ps1'
[5.899s] INFO:colcon.colcon_core.shell:Creating package descriptor '/home/autopilot/ws/restackcell/ws_moveit2/install/robo_planner_msgs/share/robo_planner_msgs/package.dsv'
[5.901s] INFO:colcon.colcon_core.shell:Creating package script '/home/autopilot/ws/restackcell/ws_moveit2/install/robo_planner_msgs/share/robo_planner_msgs/package.sh'
[5.902s] INFO:colcon.colcon_core.shell:Creating package script '/home/autopilot/ws/restackcell/ws_moveit2/install/robo_planner_msgs/share/robo_planner_msgs/package.bash'
[5.904s] INFO:colcon.colcon_core.shell:Creating package script '/home/autopilot/ws/restackcell/ws_moveit2/install/robo_planner_msgs/share/robo_planner_msgs/package.zsh'
[5.905s] Level 1:colcon.colcon_core.environment:create_file_with_runtime_dependencies(/home/autopilot/ws/restackcell/ws_moveit2/install/robo_planner_msgs/share/colcon-core/packages/robo_planner_msgs)
[6.510s] INFO:colcon.colcon_core.task.python.build:Building Python package in '/home/autopilot/ws/restackcell/ws_moveit2/src/grid_snapper'
[6.510s] INFO:colcon.colcon_core.shell:Skip shell extension 'powershell' for command environment: Not usable outside of PowerShell
[6.510s] DEBUG:colcon.colcon_core.shell:Skip shell extension 'dsv' for command environment
[6.537s] DEBUG:colcon.colcon_core.event_handler.log_command:Invoking command in '/home/autopilot/ws/restackcell/ws_moveit2/build/mockup_robot': CMAKE_PREFIX_PATH=/home/autopilot/ws/restackcell/ws_moveit2/install/robo_planner_py:/home/autopilot/ws/restackcell/ws_moveit2/install/grid_snapper:/home/autopilot/ws/restackcell/ws_moveit2/install/opcua_client:/home/autopilot/ws/restackcell/ws_moveit2/install/interface_opcua:/opt/ros/humble:/home/autopilot/ws/restackcell/ws_moveit2/install/wzlscheduler_interfaces:/home/autopilot/ws/restackcell/ws_moveit2/install/robo_planner:/home/autopilot/ws/restackcell/ws_moveit2/install/pcl_segmentation:/home/autopilot/ws/restackcell/ws_moveit2/install/moveit_backend:/home/autopilot/ws/restackcell/ws_moveit2/install/mockup_robot:/home/autopilot/ws/restackcell/ws_moveit2/install/ur_pilz:/home/autopilot/ws/restackcell/ws_moveit2/install/robo_planner_msgs:/home/autopilot/ws/restackcell/ws_moveit2/install/opcua_interfaces:/home/autopilot/ws/restackcell/ws_moveit2/install/custom_ur_moveit_config:/home/autopilot/ws/restackcell/ws_moveit2/install/custom_ur_description PYTHONPATH=/home/autopilot/ws/restackcell/ws_moveit2/install/wzlscheduler_interfaces/local/lib/python3.10/dist-packages:/home/autopilot/ws/restackcell/ws_moveit2/install/robo_planner_py/lib/python3.10/site-packages:/home/autopilot/ws/restackcell/ws_moveit2/install/grid_snapper/lib/python3.10/site-packages:/home/autopilot/ws/restackcell/ws_moveit2/install/robo_planner_msgs/local/lib/python3.10/dist-packages:/home/autopilot/ws/restackcell/ws_moveit2/install/opcua_client/lib/python3.10/site-packages:/home/autopilot/ws/restackcell/ws_moveit2/install/opcua_interfaces/local/lib/python3.10/dist-packages:/home/autopilot/ws/restackcell/ws_moveit2/install/interface_opcua/lib/python3.10/site-packages:/opt/ros/humble/lib/python3.10/site-packages:/opt/ros/humble/local/lib/python3.10/dist-packages /usr/bin/cmake --build /home/autopilot/ws/restackcell/ws_moveit2/build/mockup_robot -- -j8 -l8
[6.542s] DEBUG:colcon.colcon_core.event_handler.log_command:Invoking command in '/home/autopilot/ws/restackcell/ws_moveit2/build/moveit_backend': CMAKE_PREFIX_PATH=/home/autopilot/ws/restackcell/ws_moveit2/install/robo_planner_py:/home/autopilot/ws/restackcell/ws_moveit2/install/grid_snapper:/home/autopilot/ws/restackcell/ws_moveit2/install/opcua_client:/home/autopilot/ws/restackcell/ws_moveit2/install/interface_opcua:/opt/ros/humble:/home/autopilot/ws/restackcell/ws_moveit2/install/wzlscheduler_interfaces:/home/autopilot/ws/restackcell/ws_moveit2/install/robo_planner:/home/autopilot/ws/restackcell/ws_moveit2/install/pcl_segmentation:/home/autopilot/ws/restackcell/ws_moveit2/install/moveit_backend:/home/autopilot/ws/restackcell/ws_moveit2/install/mockup_robot:/home/autopilot/ws/restackcell/ws_moveit2/install/ur_pilz:/home/autopilot/ws/restackcell/ws_moveit2/install/robo_planner_msgs:/home/autopilot/ws/restackcell/ws_moveit2/install/opcua_interfaces:/home/autopilot/ws/restackcell/ws_moveit2/install/custom_ur_moveit_config:/home/autopilot/ws/restackcell/ws_moveit2/install/custom_ur_description PYTHONPATH=/home/autopilot/ws/restackcell/ws_moveit2/install/wzlscheduler_interfaces/local/lib/python3.10/dist-packages:/home/autopilot/ws/restackcell/ws_moveit2/install/robo_planner_py/lib/python3.10/site-packages:/home/autopilot/ws/restackcell/ws_moveit2/install/grid_snapper/lib/python3.10/site-packages:/home/autopilot/ws/restackcell/ws_moveit2/install/robo_planner_msgs/local/lib/python3.10/dist-packages:/home/autopilot/ws/restackcell/ws_moveit2/install/opcua_client/lib/python3.10/site-packages:/home/autopilot/ws/restackcell/ws_moveit2/install/opcua_interfaces/local/lib/python3.10/dist-packages:/home/autopilot/ws/restackcell/ws_moveit2/install/interface_opcua/lib/python3.10/site-packages:/opt/ros/humble/lib/python3.10/site-packages:/opt/ros/humble/local/lib/python3.10/dist-packages /usr/bin/cmake --build /home/autopilot/ws/restackcell/ws_moveit2/build/moveit_backend -- -j8 -l8
[6.556s] DEBUG:colcon.colcon_core.event_handler.log_command:Invoking command in '/home/autopilot/ws/restackcell/ws_moveit2/build/robo_planner': CMAKE_PREFIX_PATH=/home/autopilot/ws/restackcell/ws_moveit2/install/robo_planner_py:/home/autopilot/ws/restackcell/ws_moveit2/install/grid_snapper:/home/autopilot/ws/restackcell/ws_moveit2/install/opcua_client:/home/autopilot/ws/restackcell/ws_moveit2/install/interface_opcua:/opt/ros/humble:/home/autopilot/ws/restackcell/ws_moveit2/install/wzlscheduler_interfaces:/home/autopilot/ws/restackcell/ws_moveit2/install/opcua_interfaces:/home/autopilot/ws/restackcell/ws_moveit2/install/robo_planner:/home/autopilot/ws/restackcell/ws_moveit2/install/pcl_segmentation:/home/autopilot/ws/restackcell/ws_moveit2/install/moveit_backend:/home/autopilot/ws/restackcell/ws_moveit2/install/mockup_robot:/home/autopilot/ws/restackcell/ws_moveit2/install/ur_pilz:/home/autopilot/ws/restackcell/ws_moveit2/install/robo_planner_msgs:/home/autopilot/ws/restackcell/ws_moveit2/install/custom_ur_moveit_config:/home/autopilot/ws/restackcell/ws_moveit2/install/custom_ur_description LD_LIBRARY_PATH=/home/autopilot/ws/restackcell/ws_moveit2/install/wzlscheduler_interfaces/lib:/home/autopilot/ws/restackcell/ws_moveit2/install/opcua_interfaces/lib:/home/autopilot/ws/restackcell/ws_moveit2/install/robo_planner_msgs/lib:/opt/ros/humble/opt/rviz_ogre_vendor/lib:/opt/ros/humble/lib/aarch64-linux-gnu:/opt/ros/humble/lib PYTHONPATH=/home/autopilot/ws/restackcell/ws_moveit2/install/wzlscheduler_interfaces/local/lib/python3.10/dist-packages:/home/autopilot/ws/restackcell/ws_moveit2/install/robo_planner_py/lib/python3.10/site-packages:/home/autopilot/ws/restackcell/ws_moveit2/install/grid_snapper/lib/python3.10/site-packages:/home/autopilot/ws/restackcell/ws_moveit2/install/robo_planner_msgs/local/lib/python3.10/dist-packages:/home/autopilot/ws/restackcell/ws_moveit2/install/opcua_client/lib/python3.10/site-packages:/home/autopilot/ws/restackcell/ws_moveit2/install/opcua_interfaces/local/lib/python3.10/dist-packages:/home/autopilot/ws/restackcell/ws_moveit2/install/interface_opcua/lib/python3.10/site-packages:/opt/ros/humble/lib/python3.10/site-packages:/opt/ros/humble/local/lib/python3.10/dist-packages /usr/bin/cmake --build /home/autopilot/ws/restackcell/ws_moveit2/build/robo_planner -- -j8 -l8
[7.189s] INFO:colcon.colcon_core.task.python.build:Building Python package in '/home/autopilot/ws/restackcell/ws_moveit2/src/robo_planner_py'
[7.191s] INFO:colcon.colcon_core.shell:Skip shell extension 'powershell' for command environment: Not usable outside of PowerShell
[7.191s] DEBUG:colcon.colcon_core.shell:Skip shell extension 'dsv' for command environment
[7.225s] DEBUG:colcon.colcon_core.event_handler.log_command:Invoked command in '/home/autopilot/ws/restackcell/ws_moveit2/build/moveit_backend' returned '0': CMAKE_PREFIX_PATH=/home/autopilot/ws/restackcell/ws_moveit2/install/robo_planner_py:/home/autopilot/ws/restackcell/ws_moveit2/install/grid_snapper:/home/autopilot/ws/restackcell/ws_moveit2/install/opcua_client:/home/autopilot/ws/restackcell/ws_moveit2/install/interface_opcua:/opt/ros/humble:/home/autopilot/ws/restackcell/ws_moveit2/install/wzlscheduler_interfaces:/home/autopilot/ws/restackcell/ws_moveit2/install/robo_planner:/home/autopilot/ws/restackcell/ws_moveit2/install/pcl_segmentation:/home/autopilot/ws/restackcell/ws_moveit2/install/moveit_backend:/home/autopilot/ws/restackcell/ws_moveit2/install/mockup_robot:/home/autopilot/ws/restackcell/ws_moveit2/install/ur_pilz:/home/autopilot/ws/restackcell/ws_moveit2/install/robo_planner_msgs:/home/autopilot/ws/restackcell/ws_moveit2/install/opcua_interfaces:/home/autopilot/ws/restackcell/ws_moveit2/install/custom_ur_moveit_config:/home/autopilot/ws/restackcell/ws_moveit2/install/custom_ur_description PYTHONPATH=/home/autopilot/ws/restackcell/ws_moveit2/install/wzlscheduler_interfaces/local/lib/python3.10/dist-packages:/home/autopilot/ws/restackcell/ws_moveit2/install/robo_planner_py/lib/python3.10/site-packages:/home/autopilot/ws/restackcell/ws_moveit2/install/grid_snapper/lib/python3.10/site-packages:/home/autopilot/ws/restackcell/ws_moveit2/install/robo_planner_msgs/local/lib/python3.10/dist-packages:/home/autopilot/ws/restackcell/ws_moveit2/install/opcua_client/lib/python3.10/site-packages:/home/autopilot/ws/restackcell/ws_moveit2/install/opcua_interfaces/local/lib/python3.10/dist-packages:/home/autopilot/ws/restackcell/ws_moveit2/install/interface_opcua/lib/python3.10/site-packages:/opt/ros/humble/lib/python3.10/site-packages:/opt/ros/humble/local/lib/python3.10/dist-packages /usr/bin/cmake --build /home/autopilot/ws/restackcell/ws_moveit2/build/moveit_backend -- -j8 -l8
[7.245s] DEBUG:colcon.colcon_core.event_handler.log_command:Invoked command in '/home/autopilot/ws/restackcell/ws_moveit2/build/robo_planner' returned '0': CMAKE_PREFIX_PATH=/home/autopilot/ws/restackcell/ws_moveit2/install/robo_planner_py:/home/autopilot/ws/restackcell/ws_moveit2/install/grid_snapper:/home/autopilot/ws/restackcell/ws_moveit2/install/opcua_client:/home/autopilot/ws/restackcell/ws_moveit2/install/interface_opcua:/opt/ros/humble:/home/autopilot/ws/restackcell/ws_moveit2/install/wzlscheduler_interfaces:/home/autopilot/ws/restackcell/ws_moveit2/install/opcua_interfaces:/home/autopilot/ws/restackcell/ws_moveit2/install/robo_planner:/home/autopilot/ws/restackcell/ws_moveit2/install/pcl_segmentation:/home/autopilot/ws/restackcell/ws_moveit2/install/moveit_backend:/home/autopilot/ws/restackcell/ws_moveit2/install/mockup_robot:/home/autopilot/ws/restackcell/ws_moveit2/install/ur_pilz:/home/autopilot/ws/restackcell/ws_moveit2/install/robo_planner_msgs:/home/autopilot/ws/restackcell/ws_moveit2/install/custom_ur_moveit_config:/home/autopilot/ws/restackcell/ws_moveit2/install/custom_ur_description LD_LIBRARY_PATH=/home/autopilot/ws/restackcell/ws_moveit2/install/wzlscheduler_interfaces/lib:/home/autopilot/ws/restackcell/ws_moveit2/install/opcua_interfaces/lib:/home/autopilot/ws/restackcell/ws_moveit2/install/robo_planner_msgs/lib:/opt/ros/humble/opt/rviz_ogre_vendor/lib:/opt/ros/humble/lib/aarch64-linux-gnu:/opt/ros/humble/lib PYTHONPATH=/home/autopilot/ws/restackcell/ws_moveit2/install/wzlscheduler_interfaces/local/lib/python3.10/dist-packages:/home/autopilot/ws/restackcell/ws_moveit2/install/robo_planner_py/lib/python3.10/site-packages:/home/autopilot/ws/restackcell/ws_moveit2/install/grid_snapper/lib/python3.10/site-packages:/home/autopilot/ws/restackcell/ws_moveit2/install/robo_planner_msgs/local/lib/python3.10/dist-packages:/home/autopilot/ws/restackcell/ws_moveit2/install/opcua_client/lib/python3.10/site-packages:/home/autopilot/ws/restackcell/ws_moveit2/install/opcua_interfaces/local/lib/python3.10/dist-packages:/home/autopilot/ws/restackcell/ws_moveit2/install/interface_opcua/lib/python3.10/site-packages:/opt/ros/humble/lib/python3.10/site-packages:/opt/ros/humble/local/lib/python3.10/dist-packages /usr/bin/cmake --build /home/autopilot/ws/restackcell/ws_moveit2/build/robo_planner -- -j8 -l8
[7.263s] DEBUG:colcon.colcon_core.event_handler.log_command:Invoked command in '/home/autopilot/ws/restackcell/ws_moveit2/build/mockup_robot' returned '0': CMAKE_PREFIX_PATH=/home/autopilot/ws/restackcell/ws_moveit2/install/robo_planner_py:/home/autopilot/ws/restackcell/ws_moveit2/install/grid_snapper:/home/autopilot/ws/restackcell/ws_moveit2/install/opcua_client:/home/autopilot/ws/restackcell/ws_moveit2/install/interface_opcua:/opt/ros/humble:/home/autopilot/ws/restackcell/ws_moveit2/install/wzlscheduler_interfaces:/home/autopilot/ws/restackcell/ws_moveit2/install/robo_planner:/home/autopilot/ws/restackcell/ws_moveit2/install/pcl_segmentation:/home/autopilot/ws/restackcell/ws_moveit2/install/moveit_backend:/home/autopilot/ws/restackcell/ws_moveit2/install/mockup_robot:/home/autopilot/ws/restackcell/ws_moveit2/install/ur_pilz:/home/autopilot/ws/restackcell/ws_moveit2/install/robo_planner_msgs:/home/autopilot/ws/restackcell/ws_moveit2/install/opcua_interfaces:/home/autopilot/ws/restackcell/ws_moveit2/install/custom_ur_moveit_config:/home/autopilot/ws/restackcell/ws_moveit2/install/custom_ur_description PYTHONPATH=/home/autopilot/ws/restackcell/ws_moveit2/install/wzlscheduler_interfaces/local/lib/python3.10/dist-packages:/home/autopilot/ws/restackcell/ws_moveit2/install/robo_planner_py/lib/python3.10/site-packages:/home/autopilot/ws/restackcell/ws_moveit2/install/grid_snapper/lib/python3.10/site-packages:/home/autopilot/ws/restackcell/ws_moveit2/install/robo_planner_msgs/local/lib/python3.10/dist-packages:/home/autopilot/ws/restackcell/ws_moveit2/install/opcua_client/lib/python3.10/site-packages:/home/autopilot/ws/restackcell/ws_moveit2/install/opcua_interfaces/local/lib/python3.10/dist-packages:/home/autopilot/ws/restackcell/ws_moveit2/install/interface_opcua/lib/python3.10/site-packages:/opt/ros/humble/lib/python3.10/site-packages:/opt/ros/humble/local/lib/python3.10/dist-packages /usr/bin/cmake --build /home/autopilot/ws/restackcell/ws_moveit2/build/mockup_robot -- -j8 -l8
[7.373s] DEBUG:colcon.colcon_core.event_handler.log_command:Invoking command in '/home/autopilot/ws/restackcell/ws_moveit2/build/moveit_backend': CMAKE_PREFIX_PATH=/home/autopilot/ws/restackcell/ws_moveit2/install/robo_planner_py:/home/autopilot/ws/restackcell/ws_moveit2/install/grid_snapper:/home/autopilot/ws/restackcell/ws_moveit2/install/opcua_client:/home/autopilot/ws/restackcell/ws_moveit2/install/interface_opcua:/opt/ros/humble:/home/autopilot/ws/restackcell/ws_moveit2/install/wzlscheduler_interfaces:/home/autopilot/ws/restackcell/ws_moveit2/install/robo_planner:/home/autopilot/ws/restackcell/ws_moveit2/install/pcl_segmentation:/home/autopilot/ws/restackcell/ws_moveit2/install/moveit_backend:/home/autopilot/ws/restackcell/ws_moveit2/install/mockup_robot:/home/autopilot/ws/restackcell/ws_moveit2/install/ur_pilz:/home/autopilot/ws/restackcell/ws_moveit2/install/robo_planner_msgs:/home/autopilot/ws/restackcell/ws_moveit2/install/opcua_interfaces:/home/autopilot/ws/restackcell/ws_moveit2/install/custom_ur_moveit_config:/home/autopilot/ws/restackcell/ws_moveit2/install/custom_ur_description PYTHONPATH=/home/autopilot/ws/restackcell/ws_moveit2/install/wzlscheduler_interfaces/local/lib/python3.10/dist-packages:/home/autopilot/ws/restackcell/ws_moveit2/install/robo_planner_py/lib/python3.10/site-packages:/home/autopilot/ws/restackcell/ws_moveit2/install/grid_snapper/lib/python3.10/site-packages:/home/autopilot/ws/restackcell/ws_moveit2/install/robo_planner_msgs/local/lib/python3.10/dist-packages:/home/autopilot/ws/restackcell/ws_moveit2/install/opcua_client/lib/python3.10/site-packages:/home/autopilot/ws/restackcell/ws_moveit2/install/opcua_interfaces/local/lib/python3.10/dist-packages:/home/autopilot/ws/restackcell/ws_moveit2/install/interface_opcua/lib/python3.10/site-packages:/opt/ros/humble/lib/python3.10/site-packages:/opt/ros/humble/local/lib/python3.10/dist-packages /usr/bin/cmake --install /home/autopilot/ws/restackcell/ws_moveit2/build/moveit_backend
[7.385s] DEBUG:colcon.colcon_core.event_handler.log_command:Invoking command in '/home/autopilot/ws/restackcell/ws_moveit2/build/mockup_robot': CMAKE_PREFIX_PATH=/home/autopilot/ws/restackcell/ws_moveit2/install/robo_planner_py:/home/autopilot/ws/restackcell/ws_moveit2/install/grid_snapper:/home/autopilot/ws/restackcell/ws_moveit2/install/opcua_client:/home/autopilot/ws/restackcell/ws_moveit2/install/interface_opcua:/opt/ros/humble:/home/autopilot/ws/restackcell/ws_moveit2/install/wzlscheduler_interfaces:/home/autopilot/ws/restackcell/ws_moveit2/install/robo_planner:/home/autopilot/ws/restackcell/ws_moveit2/install/pcl_segmentation:/home/autopilot/ws/restackcell/ws_moveit2/install/moveit_backend:/home/autopilot/ws/restackcell/ws_moveit2/install/mockup_robot:/home/autopilot/ws/restackcell/ws_moveit2/install/ur_pilz:/home/autopilot/ws/restackcell/ws_moveit2/install/robo_planner_msgs:/home/autopilot/ws/restackcell/ws_moveit2/install/opcua_interfaces:/home/autopilot/ws/restackcell/ws_moveit2/install/custom_ur_moveit_config:/home/autopilot/ws/restackcell/ws_moveit2/install/custom_ur_description PYTHONPATH=/home/autopilot/ws/restackcell/ws_moveit2/install/wzlscheduler_interfaces/local/lib/python3.10/dist-packages:/home/autopilot/ws/restackcell/ws_moveit2/install/robo_planner_py/lib/python3.10/site-packages:/home/autopilot/ws/restackcell/ws_moveit2/install/grid_snapper/lib/python3.10/site-packages:/home/autopilot/ws/restackcell/ws_moveit2/install/robo_planner_msgs/local/lib/python3.10/dist-packages:/home/autopilot/ws/restackcell/ws_moveit2/install/opcua_client/lib/python3.10/site-packages:/home/autopilot/ws/restackcell/ws_moveit2/install/opcua_interfaces/local/lib/python3.10/dist-packages:/home/autopilot/ws/restackcell/ws_moveit2/install/interface_opcua/lib/python3.10/site-packages:/opt/ros/humble/lib/python3.10/site-packages:/opt/ros/humble/local/lib/python3.10/dist-packages /usr/bin/cmake --install /home/autopilot/ws/restackcell/ws_moveit2/build/mockup_robot
[7.420s] Level 1:colcon.colcon_core.environment:create_environment_scripts_only(moveit_backend)
[7.421s] Level 1:colcon.colcon_core.environment:checking '/home/autopilot/ws/restackcell/ws_moveit2/install/moveit_backend' for CMake module files
[7.422s] Level 1:colcon.colcon_core.environment:checking '/home/autopilot/ws/restackcell/ws_moveit2/install/moveit_backend' for CMake config files
[7.424s] Level 1:colcon.colcon_core.shell:create_environment_hook('moveit_backend', 'cmake_prefix_path')
[7.424s] INFO:colcon.colcon_core.shell:Creating environment hook '/home/autopilot/ws/restackcell/ws_moveit2/install/moveit_backend/share/moveit_backend/hook/cmake_prefix_path.ps1'
[7.425s] INFO:colcon.colcon_core.shell:Creating environment descriptor '/home/autopilot/ws/restackcell/ws_moveit2/install/moveit_backend/share/moveit_backend/hook/cmake_prefix_path.dsv'
[7.429s] INFO:colcon.colcon_core.shell:Creating environment hook '/home/autopilot/ws/restackcell/ws_moveit2/install/moveit_backend/share/moveit_backend/hook/cmake_prefix_path.sh'
[7.431s] Level 1:colcon.colcon_core.environment:checking '/home/autopilot/ws/restackcell/ws_moveit2/install/moveit_backend/lib'
[7.431s] Level 1:colcon.colcon_core.environment:checking '/home/autopilot/ws/restackcell/ws_moveit2/install/moveit_backend/bin'
[7.431s] Level 1:colcon.colcon_core.environment:checking '/home/autopilot/ws/restackcell/ws_moveit2/install/moveit_backend/lib/pkgconfig/moveit_backend.pc'
[7.432s] Level 1:colcon.colcon_core.environment:checking '/home/autopilot/ws/restackcell/ws_moveit2/install/moveit_backend/lib/python3.10/site-packages'
[7.432s] Level 1:colcon.colcon_core.environment:checking '/home/autopilot/ws/restackcell/ws_moveit2/install/moveit_backend/bin'
[7.433s] INFO:colcon.colcon_core.shell:Creating package script '/home/autopilot/ws/restackcell/ws_moveit2/install/moveit_backend/share/moveit_backend/package.ps1'
[7.435s] INFO:colcon.colcon_core.shell:Creating package descriptor '/home/autopilot/ws/restackcell/ws_moveit2/install/moveit_backend/share/moveit_backend/package.dsv'
[7.436s] INFO:colcon.colcon_core.shell:Creating package script '/home/autopilot/ws/restackcell/ws_moveit2/install/moveit_backend/share/moveit_backend/package.sh'
[7.437s] INFO:colcon.colcon_core.shell:Creating package script '/home/autopilot/ws/restackcell/ws_moveit2/install/moveit_backend/share/moveit_backend/package.bash'
[7.460s] INFO:colcon.colcon_core.shell:Creating package script '/home/autopilot/ws/restackcell/ws_moveit2/install/moveit_backend/share/moveit_backend/package.zsh'
[7.461s] Level 1:colcon.colcon_core.environment:create_file_with_runtime_dependencies(/home/autopilot/ws/restackcell/ws_moveit2/install/moveit_backend/share/colcon-core/packages/moveit_backend)
[7.485s] Level 1:colcon.colcon_core.environment:create_environment_scripts_only(mockup_robot)
[7.485s] Level 1:colcon.colcon_core.environment:checking '/home/autopilot/ws/restackcell/ws_moveit2/install/mockup_robot' for CMake module files
[7.486s] Level 1:colcon.colcon_core.environment:checking '/home/autopilot/ws/restackcell/ws_moveit2/install/mockup_robot' for CMake config files
[7.486s] Level 1:colcon.colcon_core.shell:create_environment_hook('mockup_robot', 'cmake_prefix_path')
[7.487s] INFO:colcon.colcon_core.shell:Creating environment hook '/home/autopilot/ws/restackcell/ws_moveit2/install/mockup_robot/share/mockup_robot/hook/cmake_prefix_path.ps1'
[7.488s] INFO:colcon.colcon_core.shell:Creating environment descriptor '/home/autopilot/ws/restackcell/ws_moveit2/install/mockup_robot/share/mockup_robot/hook/cmake_prefix_path.dsv'
[7.488s] INFO:colcon.colcon_core.shell:Creating environment hook '/home/autopilot/ws/restackcell/ws_moveit2/install/mockup_robot/share/mockup_robot/hook/cmake_prefix_path.sh'
[7.489s] Level 1:colcon.colcon_core.environment:checking '/home/autopilot/ws/restackcell/ws_moveit2/install/mockup_robot/lib'
[7.490s] Level 1:colcon.colcon_core.environment:checking '/home/autopilot/ws/restackcell/ws_moveit2/install/mockup_robot/bin'
[7.490s] Level 1:colcon.colcon_core.environment:checking '/home/autopilot/ws/restackcell/ws_moveit2/install/mockup_robot/lib/pkgconfig/mockup_robot.pc'
[7.495s] Level 1:colcon.colcon_core.environment:checking '/home/autopilot/ws/restackcell/ws_moveit2/install/mockup_robot/lib/python3.10/site-packages'
[7.496s] Level 1:colcon.colcon_core.environment:checking '/home/autopilot/ws/restackcell/ws_moveit2/install/mockup_robot/bin'
[7.496s] INFO:colcon.colcon_core.shell:Creating package script '/home/autopilot/ws/restackcell/ws_moveit2/install/mockup_robot/share/mockup_robot/package.ps1'
[7.498s] INFO:colcon.colcon_core.shell:Creating package descriptor '/home/autopilot/ws/restackcell/ws_moveit2/install/mockup_robot/share/mockup_robot/package.dsv'
[7.499s] INFO:colcon.colcon_core.shell:Creating package script '/home/autopilot/ws/restackcell/ws_moveit2/install/mockup_robot/share/mockup_robot/package.sh'
[7.499s] INFO:colcon.colcon_core.shell:Creating package script '/home/autopilot/ws/restackcell/ws_moveit2/install/mockup_robot/share/mockup_robot/package.bash'
[7.500s] INFO:colcon.colcon_core.shell:Creating package script '/home/autopilot/ws/restackcell/ws_moveit2/install/mockup_robot/share/mockup_robot/package.zsh'
[7.501s] Level 1:colcon.colcon_core.environment:create_file_with_runtime_dependencies(/home/autopilot/ws/restackcell/ws_moveit2/install/mockup_robot/share/colcon-core/packages/mockup_robot)
[7.505s] DEBUG:colcon.colcon_core.event_handler.log_command:Invoked command in '/home/autopilot/ws/restackcell/ws_moveit2/build/moveit_backend' returned '0': CMAKE_PREFIX_PATH=/home/autopilot/ws/restackcell/ws_moveit2/install/robo_planner_py:/home/autopilot/ws/restackcell/ws_moveit2/install/grid_snapper:/home/autopilot/ws/restackcell/ws_moveit2/install/opcua_client:/home/autopilot/ws/restackcell/ws_moveit2/install/interface_opcua:/opt/ros/humble:/home/autopilot/ws/restackcell/ws_moveit2/install/wzlscheduler_interfaces:/home/autopilot/ws/restackcell/ws_moveit2/install/robo_planner:/home/autopilot/ws/restackcell/ws_moveit2/install/pcl_segmentation:/home/autopilot/ws/restackcell/ws_moveit2/install/moveit_backend:/home/autopilot/ws/restackcell/ws_moveit2/install/mockup_robot:/home/autopilot/ws/restackcell/ws_moveit2/install/ur_pilz:/home/autopilot/ws/restackcell/ws_moveit2/install/robo_planner_msgs:/home/autopilot/ws/restackcell/ws_moveit2/install/opcua_interfaces:/home/autopilot/ws/restackcell/ws_moveit2/install/custom_ur_moveit_config:/home/autopilot/ws/restackcell/ws_moveit2/install/custom_ur_description PYTHONPATH=/home/autopilot/ws/restackcell/ws_moveit2/install/wzlscheduler_interfaces/local/lib/python3.10/dist-packages:/home/autopilot/ws/restackcell/ws_moveit2/install/robo_planner_py/lib/python3.10/site-packages:/home/autopilot/ws/restackcell/ws_moveit2/install/grid_snapper/lib/python3.10/site-packages:/home/autopilot/ws/restackcell/ws_moveit2/install/robo_planner_msgs/local/lib/python3.10/dist-packages:/home/autopilot/ws/restackcell/ws_moveit2/install/opcua_client/lib/python3.10/site-packages:/home/autopilot/ws/restackcell/ws_moveit2/install/opcua_interfaces/local/lib/python3.10/dist-packages:/home/autopilot/ws/restackcell/ws_moveit2/install/interface_opcua/lib/python3.10/site-packages:/opt/ros/humble/lib/python3.10/site-packages:/opt/ros/humble/local/lib/python3.10/dist-packages /usr/bin/cmake --install /home/autopilot/ws/restackcell/ws_moveit2/build/moveit_backend
[7.508s] DEBUG:colcon.colcon_core.event_handler.log_command:Invoked command in '/home/autopilot/ws/restackcell/ws_moveit2/build/mockup_robot' returned '0': CMAKE_PREFIX_PATH=/home/autopilot/ws/restackcell/ws_moveit2/install/robo_planner_py:/home/autopilot/ws/restackcell/ws_moveit2/install/grid_snapper:/home/autopilot/ws/restackcell/ws_moveit2/install/opcua_client:/home/autopilot/ws/restackcell/ws_moveit2/install/interface_opcua:/opt/ros/humble:/home/autopilot/ws/restackcell/ws_moveit2/install/wzlscheduler_interfaces:/home/autopilot/ws/restackcell/ws_moveit2/install/robo_planner:/home/autopilot/ws/restackcell/ws_moveit2/install/pcl_segmentation:/home/autopilot/ws/restackcell/ws_moveit2/install/moveit_backend:/home/autopilot/ws/restackcell/ws_moveit2/install/mockup_robot:/home/autopilot/ws/restackcell/ws_moveit2/install/ur_pilz:/home/autopilot/ws/restackcell/ws_moveit2/install/robo_planner_msgs:/home/autopilot/ws/restackcell/ws_moveit2/install/opcua_interfaces:/home/autopilot/ws/restackcell/ws_moveit2/install/custom_ur_moveit_config:/home/autopilot/ws/restackcell/ws_moveit2/install/custom_ur_description PYTHONPATH=/home/autopilot/ws/restackcell/ws_moveit2/install/wzlscheduler_interfaces/local/lib/python3.10/dist-packages:/home/autopilot/ws/restackcell/ws_moveit2/install/robo_planner_py/lib/python3.10/site-packages:/home/autopilot/ws/restackcell/ws_moveit2/install/grid_snapper/lib/python3.10/site-packages:/home/autopilot/ws/restackcell/ws_moveit2/install/robo_planner_msgs/local/lib/python3.10/dist-packages:/home/autopilot/ws/restackcell/ws_moveit2/install/opcua_client/lib/python3.10/site-packages:/home/autopilot/ws/restackcell/ws_moveit2/install/opcua_interfaces/local/lib/python3.10/dist-packages:/home/autopilot/ws/restackcell/ws_moveit2/install/interface_opcua/lib/python3.10/site-packages:/opt/ros/humble/lib/python3.10/site-packages:/opt/ros/humble/local/lib/python3.10/dist-packages /usr/bin/cmake --install /home/autopilot/ws/restackcell/ws_moveit2/build/mockup_robot
[7.634s] Level 1:colcon.colcon_core.environment:create_environment_scripts_only(moveit_backend)
[7.638s] Level 1:colcon.colcon_core.environment:checking '/home/autopilot/ws/restackcell/ws_moveit2/install/moveit_backend' for CMake module files
[7.639s] Level 1:colcon.colcon_core.environment:checking '/home/autopilot/ws/restackcell/ws_moveit2/install/moveit_backend' for CMake config files
[7.640s] Level 1:colcon.colcon_core.shell:create_environment_hook('moveit_backend', 'cmake_prefix_path')
[7.641s] INFO:colcon.colcon_core.shell:Creating environment hook '/home/autopilot/ws/restackcell/ws_moveit2/install/moveit_backend/share/moveit_backend/hook/cmake_prefix_path.ps1'
[7.642s] INFO:colcon.colcon_core.shell:Creating environment descriptor '/home/autopilot/ws/restackcell/ws_moveit2/install/moveit_backend/share/moveit_backend/hook/cmake_prefix_path.dsv'
[7.643s] INFO:colcon.colcon_core.shell:Creating environment hook '/home/autopilot/ws/restackcell/ws_moveit2/install/moveit_backend/share/moveit_backend/hook/cmake_prefix_path.sh'
[7.644s] Level 1:colcon.colcon_core.environment:checking '/home/autopilot/ws/restackcell/ws_moveit2/install/moveit_backend/lib'
[7.645s] Level 1:colcon.colcon_core.environment:checking '/home/autopilot/ws/restackcell/ws_moveit2/install/moveit_backend/bin'
[7.645s] Level 1:colcon.colcon_core.environment:checking '/home/autopilot/ws/restackcell/ws_moveit2/install/moveit_backend/lib/pkgconfig/moveit_backend.pc'
[7.646s] Level 1:colcon.colcon_core.environment:checking '/home/autopilot/ws/restackcell/ws_moveit2/install/moveit_backend/lib/python3.10/site-packages'
[7.646s] Level 1:colcon.colcon_core.environment:checking '/home/autopilot/ws/restackcell/ws_moveit2/install/moveit_backend/bin'
[7.647s] INFO:colcon.colcon_core.shell:Creating package script '/home/autopilot/ws/restackcell/ws_moveit2/install/moveit_backend/share/moveit_backend/package.ps1'
[7.648s] INFO:colcon.colcon_core.shell:Creating package descriptor '/home/autopilot/ws/restackcell/ws_moveit2/install/moveit_backend/share/moveit_backend/package.dsv'
[7.650s] INFO:colcon.colcon_core.shell:Creating package script '/home/autopilot/ws/restackcell/ws_moveit2/install/moveit_backend/share/moveit_backend/package.sh'
[7.652s] INFO:colcon.colcon_core.shell:Creating package script '/home/autopilot/ws/restackcell/ws_moveit2/install/moveit_backend/share/moveit_backend/package.bash'
[7.654s] INFO:colcon.colcon_core.shell:Creating package script '/home/autopilot/ws/restackcell/ws_moveit2/install/moveit_backend/share/moveit_backend/package.zsh'
[7.656s] Level 1:colcon.colcon_core.environment:create_file_with_runtime_dependencies(/home/autopilot/ws/restackcell/ws_moveit2/install/moveit_backend/share/colcon-core/packages/moveit_backend)
[7.683s] Level 1:colcon.colcon_core.environment:create_environment_scripts_only(mockup_robot)
[7.683s] Level 1:colcon.colcon_core.environment:checking '/home/autopilot/ws/restackcell/ws_moveit2/install/mockup_robot' for CMake module files
[7.684s] Level 1:colcon.colcon_core.environment:checking '/home/autopilot/ws/restackcell/ws_moveit2/install/mockup_robot' for CMake config files
[7.684s] Level 1:colcon.colcon_core.shell:create_environment_hook('mockup_robot', 'cmake_prefix_path')
[7.685s] INFO:colcon.colcon_core.shell:Creating environment hook '/home/autopilot/ws/restackcell/ws_moveit2/install/mockup_robot/share/mockup_robot/hook/cmake_prefix_path.ps1'
[7.687s] INFO:colcon.colcon_core.shell:Creating environment descriptor '/home/autopilot/ws/restackcell/ws_moveit2/install/mockup_robot/share/mockup_robot/hook/cmake_prefix_path.dsv'
[7.689s] INFO:colcon.colcon_core.shell:Creating environment hook '/home/autopilot/ws/restackcell/ws_moveit2/install/mockup_robot/share/mockup_robot/hook/cmake_prefix_path.sh'
[7.691s] Level 1:colcon.colcon_core.environment:checking '/home/autopilot/ws/restackcell/ws_moveit2/install/mockup_robot/lib'
[7.691s] Level 1:colcon.colcon_core.environment:checking '/home/autopilot/ws/restackcell/ws_moveit2/install/mockup_robot/bin'
[7.692s] Level 1:colcon.colcon_core.environment:checking '/home/autopilot/ws/restackcell/ws_moveit2/install/mockup_robot/lib/pkgconfig/mockup_robot.pc'
[7.694s] Level 1:colcon.colcon_core.environment:checking '/home/autopilot/ws/restackcell/ws_moveit2/install/mockup_robot/lib/python3.10/site-packages'
[7.695s] Level 1:colcon.colcon_core.environment:checking '/home/autopilot/ws/restackcell/ws_moveit2/install/mockup_robot/bin'
[7.695s] INFO:colcon.colcon_core.shell:Creating package script '/home/autopilot/ws/restackcell/ws_moveit2/install/mockup_robot/share/mockup_robot/package.ps1'
[7.696s] INFO:colcon.colcon_core.shell:Creating package descriptor '/home/autopilot/ws/restackcell/ws_moveit2/install/mockup_robot/share/mockup_robot/package.dsv'
[7.697s] INFO:colcon.colcon_core.shell:Creating package script '/home/autopilot/ws/restackcell/ws_moveit2/install/mockup_robot/share/mockup_robot/package.sh'
[7.698s] INFO:colcon.colcon_core.shell:Creating package script '/home/autopilot/ws/restackcell/ws_moveit2/install/mockup_robot/share/mockup_robot/package.bash'
[7.699s] INFO:colcon.colcon_core.shell:Creating package script '/home/autopilot/ws/restackcell/ws_moveit2/install/mockup_robot/share/mockup_robot/package.zsh'
[7.700s] Level 1:colcon.colcon_core.environment:create_file_with_runtime_dependencies(/home/autopilot/ws/restackcell/ws_moveit2/install/mockup_robot/share/colcon-core/packages/mockup_robot)
[7.783s] DEBUG:colcon.colcon_core.event_handler.log_command:Invoking command in '/home/autopilot/ws/restackcell/ws_moveit2/build/robo_planner': CMAKE_PREFIX_PATH=/home/autopilot/ws/restackcell/ws_moveit2/install/robo_planner_py:/home/autopilot/ws/restackcell/ws_moveit2/install/grid_snapper:/home/autopilot/ws/restackcell/ws_moveit2/install/opcua_client:/home/autopilot/ws/restackcell/ws_moveit2/install/interface_opcua:/opt/ros/humble:/home/autopilot/ws/restackcell/ws_moveit2/install/wzlscheduler_interfaces:/home/autopilot/ws/restackcell/ws_moveit2/install/opcua_interfaces:/home/autopilot/ws/restackcell/ws_moveit2/install/robo_planner:/home/autopilot/ws/restackcell/ws_moveit2/install/pcl_segmentation:/home/autopilot/ws/restackcell/ws_moveit2/install/moveit_backend:/home/autopilot/ws/restackcell/ws_moveit2/install/mockup_robot:/home/autopilot/ws/restackcell/ws_moveit2/install/ur_pilz:/home/autopilot/ws/restackcell/ws_moveit2/install/robo_planner_msgs:/home/autopilot/ws/restackcell/ws_moveit2/install/custom_ur_moveit_config:/home/autopilot/ws/restackcell/ws_moveit2/install/custom_ur_description LD_LIBRARY_PATH=/home/autopilot/ws/restackcell/ws_moveit2/install/wzlscheduler_interfaces/lib:/home/autopilot/ws/restackcell/ws_moveit2/install/opcua_interfaces/lib:/home/autopilot/ws/restackcell/ws_moveit2/install/robo_planner_msgs/lib:/opt/ros/humble/opt/rviz_ogre_vendor/lib:/opt/ros/humble/lib/aarch64-linux-gnu:/opt/ros/humble/lib PYTHONPATH=/home/autopilot/ws/restackcell/ws_moveit2/install/wzlscheduler_interfaces/local/lib/python3.10/dist-packages:/home/autopilot/ws/restackcell/ws_moveit2/install/robo_planner_py/lib/python3.10/site-packages:/home/autopilot/ws/restackcell/ws_moveit2/install/grid_snapper/lib/python3.10/site-packages:/home/autopilot/ws/restackcell/ws_moveit2/install/robo_planner_msgs/local/lib/python3.10/dist-packages:/home/autopilot/ws/restackcell/ws_moveit2/install/opcua_client/lib/python3.10/site-packages:/home/autopilot/ws/restackcell/ws_moveit2/install/opcua_interfaces/local/lib/python3.10/dist-packages:/home/autopilot/ws/restackcell/ws_moveit2/install/interface_opcua/lib/python3.10/site-packages:/opt/ros/humble/lib/python3.10/site-packages:/opt/ros/humble/local/lib/python3.10/dist-packages /usr/bin/cmake --install /home/autopilot/ws/restackcell/ws_moveit2/build/robo_planner
[7.824s] Level 1:colcon.colcon_core.environment:create_environment_scripts_only(robo_planner)
[7.825s] Level 1:colcon.colcon_core.environment:checking '/home/autopilot/ws/restackcell/ws_moveit2/install/robo_planner' for CMake module files
[7.826s] Level 1:colcon.colcon_core.environment:checking '/home/autopilot/ws/restackcell/ws_moveit2/install/robo_planner' for CMake config files
[7.826s] Level 1:colcon.colcon_core.shell:create_environment_hook('robo_planner', 'cmake_prefix_path')
[7.827s] INFO:colcon.colcon_core.shell:Creating environment hook '/home/autopilot/ws/restackcell/ws_moveit2/install/robo_planner/share/robo_planner/hook/cmake_prefix_path.ps1'
[7.828s] INFO:colcon.colcon_core.shell:Creating environment descriptor '/home/autopilot/ws/restackcell/ws_moveit2/install/robo_planner/share/robo_planner/hook/cmake_prefix_path.dsv'
[7.828s] INFO:colcon.colcon_core.shell:Creating environment hook '/home/autopilot/ws/restackcell/ws_moveit2/install/robo_planner/share/robo_planner/hook/cmake_prefix_path.sh'
[7.830s] Level 1:colcon.colcon_core.environment:checking '/home/autopilot/ws/restackcell/ws_moveit2/install/robo_planner/lib'
[7.830s] Level 1:colcon.colcon_core.environment:checking '/home/autopilot/ws/restackcell/ws_moveit2/install/robo_planner/bin'
[7.830s] Level 1:colcon.colcon_core.environment:checking '/home/autopilot/ws/restackcell/ws_moveit2/install/robo_planner/lib/pkgconfig/robo_planner.pc'
[7.830s] Level 1:colcon.colcon_core.environment:checking '/home/autopilot/ws/restackcell/ws_moveit2/install/robo_planner/lib/python3.10/site-packages'
[7.831s] Level 1:colcon.colcon_core.environment:checking '/home/autopilot/ws/restackcell/ws_moveit2/install/robo_planner/bin'
[7.833s] INFO:colcon.colcon_core.shell:Creating package script '/home/autopilot/ws/restackcell/ws_moveit2/install/robo_planner/share/robo_planner/package.ps1'
[7.835s] INFO:colcon.colcon_core.shell:Creating package descriptor '/home/autopilot/ws/restackcell/ws_moveit2/install/robo_planner/share/robo_planner/package.dsv'
[7.836s] INFO:colcon.colcon_core.shell:Creating package script '/home/autopilot/ws/restackcell/ws_moveit2/install/robo_planner/share/robo_planner/package.sh'
[7.842s] INFO:colcon.colcon_core.shell:Creating package script '/home/autopilot/ws/restackcell/ws_moveit2/install/robo_planner/share/robo_planner/package.bash'
[7.843s] INFO:colcon.colcon_core.shell:Creating package script '/home/autopilot/ws/restackcell/ws_moveit2/install/robo_planner/share/robo_planner/package.zsh'
[7.844s] Level 1:colcon.colcon_core.environment:create_file_with_runtime_dependencies(/home/autopilot/ws/restackcell/ws_moveit2/install/robo_planner/share/colcon-core/packages/robo_planner)
[7.891s] DEBUG:colcon.colcon_core.event_handler.log_command:Invoked command in '/home/autopilot/ws/restackcell/ws_moveit2/build/robo_planner' returned '0': CMAKE_PREFIX_PATH=/home/autopilot/ws/restackcell/ws_moveit2/install/robo_planner_py:/home/autopilot/ws/restackcell/ws_moveit2/install/grid_snapper:/home/autopilot/ws/restackcell/ws_moveit2/install/opcua_client:/home/autopilot/ws/restackcell/ws_moveit2/install/interface_opcua:/opt/ros/humble:/home/autopilot/ws/restackcell/ws_moveit2/install/wzlscheduler_interfaces:/home/autopilot/ws/restackcell/ws_moveit2/install/opcua_interfaces:/home/autopilot/ws/restackcell/ws_moveit2/install/robo_planner:/home/autopilot/ws/restackcell/ws_moveit2/install/pcl_segmentation:/home/autopilot/ws/restackcell/ws_moveit2/install/moveit_backend:/home/autopilot/ws/restackcell/ws_moveit2/install/mockup_robot:/home/autopilot/ws/restackcell/ws_moveit2/install/ur_pilz:/home/autopilot/ws/restackcell/ws_moveit2/install/robo_planner_msgs:/home/autopilot/ws/restackcell/ws_moveit2/install/custom_ur_moveit_config:/home/autopilot/ws/restackcell/ws_moveit2/install/custom_ur_description LD_LIBRARY_PATH=/home/autopilot/ws/restackcell/ws_moveit2/install/wzlscheduler_interfaces/lib:/home/autopilot/ws/restackcell/ws_moveit2/install/opcua_interfaces/lib:/home/autopilot/ws/restackcell/ws_moveit2/install/robo_planner_msgs/lib:/opt/ros/humble/opt/rviz_ogre_vendor/lib:/opt/ros/humble/lib/aarch64-linux-gnu:/opt/ros/humble/lib PYTHONPATH=/home/autopilot/ws/restackcell/ws_moveit2/install/wzlscheduler_interfaces/local/lib/python3.10/dist-packages:/home/autopilot/ws/restackcell/ws_moveit2/install/robo_planner_py/lib/python3.10/site-packages:/home/autopilot/ws/restackcell/ws_moveit2/install/grid_snapper/lib/python3.10/site-packages:/home/autopilot/ws/restackcell/ws_moveit2/install/robo_planner_msgs/local/lib/python3.10/dist-packages:/home/autopilot/ws/restackcell/ws_moveit2/install/opcua_client/lib/python3.10/site-packages:/home/autopilot/ws/restackcell/ws_moveit2/install/opcua_interfaces/local/lib/python3.10/dist-packages:/home/autopilot/ws/restackcell/ws_moveit2/install/interface_opcua/lib/python3.10/site-packages:/opt/ros/humble/lib/python3.10/site-packages:/opt/ros/humble/local/lib/python3.10/dist-packages /usr/bin/cmake --install /home/autopilot/ws/restackcell/ws_moveit2/build/robo_planner
[8.019s] Level 1:colcon.colcon_core.environment:create_environment_scripts_only(robo_planner)
[8.019s] Level 1:colcon.colcon_core.environment:checking '/home/autopilot/ws/restackcell/ws_moveit2/install/robo_planner' for CMake module files
[8.020s] Level 1:colcon.colcon_core.environment:checking '/home/autopilot/ws/restackcell/ws_moveit2/install/robo_planner' for CMake config files
[8.020s] Level 1:colcon.colcon_core.shell:create_environment_hook('robo_planner', 'cmake_prefix_path')
[8.021s] INFO:colcon.colcon_core.shell:Creating environment hook '/home/autopilot/ws/restackcell/ws_moveit2/install/robo_planner/share/robo_planner/hook/cmake_prefix_path.ps1'
[8.022s] INFO:colcon.colcon_core.shell:Creating environment descriptor '/home/autopilot/ws/restackcell/ws_moveit2/install/robo_planner/share/robo_planner/hook/cmake_prefix_path.dsv'
[8.023s] INFO:colcon.colcon_core.shell:Creating environment hook '/home/autopilot/ws/restackcell/ws_moveit2/install/robo_planner/share/robo_planner/hook/cmake_prefix_path.sh'
[8.024s] Level 1:colcon.colcon_core.environment:checking '/home/autopilot/ws/restackcell/ws_moveit2/install/robo_planner/lib'
[8.025s] Level 1:colcon.colcon_core.environment:checking '/home/autopilot/ws/restackcell/ws_moveit2/install/robo_planner/bin'
[8.025s] Level 1:colcon.colcon_core.environment:checking '/home/autopilot/ws/restackcell/ws_moveit2/install/robo_planner/lib/pkgconfig/robo_planner.pc'
[8.025s] Level 1:colcon.colcon_core.environment:checking '/home/autopilot/ws/restackcell/ws_moveit2/install/robo_planner/lib/python3.10/site-packages'
[8.025s] Level 1:colcon.colcon_core.environment:checking '/home/autopilot/ws/restackcell/ws_moveit2/install/robo_planner/bin'
[8.026s] INFO:colcon.colcon_core.shell:Creating package script '/home/autopilot/ws/restackcell/ws_moveit2/install/robo_planner/share/robo_planner/package.ps1'
[8.027s] INFO:colcon.colcon_core.shell:Creating package descriptor '/home/autopilot/ws/restackcell/ws_moveit2/install/robo_planner/share/robo_planner/package.dsv'
[8.028s] INFO:colcon.colcon_core.shell:Creating package script '/home/autopilot/ws/restackcell/ws_moveit2/install/robo_planner/share/robo_planner/package.sh'
[8.029s] INFO:colcon.colcon_core.shell:Creating package script '/home/autopilot/ws/restackcell/ws_moveit2/install/robo_planner/share/robo_planner/package.bash'
[8.029s] INFO:colcon.colcon_core.shell:Creating package script '/home/autopilot/ws/restackcell/ws_moveit2/install/robo_planner/share/robo_planner/package.zsh'
[8.030s] Level 1:colcon.colcon_core.environment:create_file_with_runtime_dependencies(/home/autopilot/ws/restackcell/ws_moveit2/install/robo_planner/share/colcon-core/packages/robo_planner)
[8.136s] DEBUG:colcon.colcon_core.event_handler.log_command:Invoking command in '/home/autopilot/ws/restackcell/ws_moveit2/src/grid_snapper': CMAKE_PREFIX_PATH=/home/autopilot/ws/restackcell/ws_moveit2/install/wzlscheduler_interfaces:/home/autopilot/ws/restackcell/ws_moveit2/install/robo_planner:/home/autopilot/ws/restackcell/ws_moveit2/install/pcl_segmentation:/home/autopilot/ws/restackcell/ws_moveit2/install/moveit_backend:/home/autopilot/ws/restackcell/ws_moveit2/install/mockup_robot:/home/autopilot/ws/restackcell/ws_moveit2/install/ur_pilz:/home/autopilot/ws/restackcell/ws_moveit2/install/robo_planner_msgs:/home/autopilot/ws/restackcell/ws_moveit2/install/opcua_interfaces:/home/autopilot/ws/restackcell/ws_moveit2/install/custom_ur_moveit_config:/home/autopilot/ws/restackcell/ws_moveit2/install/custom_ur_description PYTHONPATH=/home/autopilot/ws/restackcell/ws_moveit2/build/grid_snapper/prefix_override:/usr/lib/python3/dist-packages/colcon_core/task/python/colcon_distutils_commands:/home/autopilot/ws/restackcell/ws_moveit2/install/grid_snapper/lib/python3.10/site-packages:/home/autopilot/ws/restackcell/ws_moveit2/install/wzlscheduler_interfaces/local/lib/python3.10/dist-packages:/home/autopilot/ws/restackcell/ws_moveit2/install/robo_planner_py/lib/python3.10/site-packages:/home/autopilot/ws/restackcell/ws_moveit2/install/grid_snapper/lib/python3.10/site-packages:/home/autopilot/ws/restackcell/ws_moveit2/install/robo_planner_msgs/local/lib/python3.10/dist-packages:/home/autopilot/ws/restackcell/ws_moveit2/install/opcua_client/lib/python3.10/site-packages:/home/autopilot/ws/restackcell/ws_moveit2/install/opcua_interfaces/local/lib/python3.10/dist-packages:/home/autopilot/ws/restackcell/ws_moveit2/install/interface_opcua/lib/python3.10/site-packages:/opt/ros/humble/lib/python3.10/site-packages:/opt/ros/humble/local/lib/python3.10/dist-packages /usr/bin/python3 -W ignore:setup.py install is deprecated setup.py egg_info --egg-base ../../build/grid_snapper build --build-base /home/autopilot/ws/restackcell/ws_moveit2/build/grid_snapper/build install --record /home/autopilot/ws/restackcell/ws_moveit2/build/grid_snapper/install.log --single-version-externally-managed install_data
[8.209s] DEBUG:colcon.colcon_core.event_handler.log_command:Invoking command in '/home/autopilot/ws/restackcell/ws_moveit2/src/robo_planner_py': CMAKE_PREFIX_PATH=/home/autopilot/ws/restackcell/ws_moveit2/install/wzlscheduler_interfaces:/home/autopilot/ws/restackcell/ws_moveit2/install/opcua_interfaces:/home/autopilot/ws/restackcell/ws_moveit2/install/robo_planner:/home/autopilot/ws/restackcell/ws_moveit2/install/pcl_segmentation:/home/autopilot/ws/restackcell/ws_moveit2/install/moveit_backend:/home/autopilot/ws/restackcell/ws_moveit2/install/mockup_robot:/home/autopilot/ws/restackcell/ws_moveit2/install/ur_pilz:/home/autopilot/ws/restackcell/ws_moveit2/install/robo_planner_msgs:/home/autopilot/ws/restackcell/ws_moveit2/install/custom_ur_moveit_config:/home/autopilot/ws/restackcell/ws_moveit2/install/custom_ur_description LD_LIBRARY_PATH=/home/autopilot/ws/restackcell/ws_moveit2/install/wzlscheduler_interfaces/lib:/home/autopilot/ws/restackcell/ws_moveit2/install/opcua_interfaces/lib:/home/autopilot/ws/restackcell/ws_moveit2/install/robo_planner_msgs/lib:/opt/ros/humble/opt/rviz_ogre_vendor/lib:/opt/ros/humble/lib/aarch64-linux-gnu:/opt/ros/humble/lib PYTHONPATH=/home/autopilot/ws/restackcell/ws_moveit2/build/robo_planner_py/prefix_override:/usr/lib/python3/dist-packages/colcon_core/task/python/colcon_distutils_commands:/home/autopilot/ws/restackcell/ws_moveit2/install/robo_planner_py/lib/python3.10/site-packages:/home/autopilot/ws/restackcell/ws_moveit2/install/wzlscheduler_interfaces/local/lib/python3.10/dist-packages:/home/autopilot/ws/restackcell/ws_moveit2/install/robo_planner_py/lib/python3.10/site-packages:/home/autopilot/ws/restackcell/ws_moveit2/install/grid_snapper/lib/python3.10/site-packages:/home/autopilot/ws/restackcell/ws_moveit2/install/robo_planner_msgs/local/lib/python3.10/dist-packages:/home/autopilot/ws/restackcell/ws_moveit2/install/opcua_client/lib/python3.10/site-packages:/home/autopilot/ws/restackcell/ws_moveit2/install/opcua_interfaces/local/lib/python3.10/dist-packages:/home/autopilot/ws/restackcell/ws_moveit2/install/interface_opcua/lib/python3.10/site-packages:/opt/ros/humble/lib/python3.10/site-packages:/opt/ros/humble/local/lib/python3.10/dist-packages /usr/bin/python3 -W ignore:setup.py install is deprecated setup.py egg_info --egg-base ../../build/robo_planner_py build --build-base /home/autopilot/ws/restackcell/ws_moveit2/build/robo_planner_py/build install --record /home/autopilot/ws/restackcell/ws_moveit2/build/robo_planner_py/install.log --single-version-externally-managed install_data
[8.876s] Level 1:colcon.colcon_core.environment:checking '/home/autopilot/ws/restackcell/ws_moveit2/install/grid_snapper' for CMake module files
[8.878s] DEBUG:colcon.colcon_core.event_handler.log_command:Invoked command in '/home/autopilot/ws/restackcell/ws_moveit2/src/grid_snapper' returned '0': CMAKE_PREFIX_PATH=/home/autopilot/ws/restackcell/ws_moveit2/install/wzlscheduler_interfaces:/home/autopilot/ws/restackcell/ws_moveit2/install/robo_planner:/home/autopilot/ws/restackcell/ws_moveit2/install/pcl_segmentation:/home/autopilot/ws/restackcell/ws_moveit2/install/moveit_backend:/home/autopilot/ws/restackcell/ws_moveit2/install/mockup_robot:/home/autopilot/ws/restackcell/ws_moveit2/install/ur_pilz:/home/autopilot/ws/restackcell/ws_moveit2/install/robo_planner_msgs:/home/autopilot/ws/restackcell/ws_moveit2/install/opcua_interfaces:/home/autopilot/ws/restackcell/ws_moveit2/install/custom_ur_moveit_config:/home/autopilot/ws/restackcell/ws_moveit2/install/custom_ur_description PYTHONPATH=/home/autopilot/ws/restackcell/ws_moveit2/build/grid_snapper/prefix_override:/usr/lib/python3/dist-packages/colcon_core/task/python/colcon_distutils_commands:/home/autopilot/ws/restackcell/ws_moveit2/install/grid_snapper/lib/python3.10/site-packages:/home/autopilot/ws/restackcell/ws_moveit2/install/wzlscheduler_interfaces/local/lib/python3.10/dist-packages:/home/autopilot/ws/restackcell/ws_moveit2/install/robo_planner_py/lib/python3.10/site-packages:/home/autopilot/ws/restackcell/ws_moveit2/install/grid_snapper/lib/python3.10/site-packages:/home/autopilot/ws/restackcell/ws_moveit2/install/robo_planner_msgs/local/lib/python3.10/dist-packages:/home/autopilot/ws/restackcell/ws_moveit2/install/opcua_client/lib/python3.10/site-packages:/home/autopilot/ws/restackcell/ws_moveit2/install/opcua_interfaces/local/lib/python3.10/dist-packages:/home/autopilot/ws/restackcell/ws_moveit2/install/interface_opcua/lib/python3.10/site-packages:/opt/ros/humble/lib/python3.10/site-packages:/opt/ros/humble/local/lib/python3.10/dist-packages /usr/bin/python3 -W ignore:setup.py install is deprecated setup.py egg_info --egg-base ../../build/grid_snapper build --build-base /home/autopilot/ws/restackcell/ws_moveit2/build/grid_snapper/build install --record /home/autopilot/ws/restackcell/ws_moveit2/build/grid_snapper/install.log --single-version-externally-managed install_data
[8.879s] Level 1:colcon.colcon_core.environment:checking '/home/autopilot/ws/restackcell/ws_moveit2/install/grid_snapper' for CMake config files
[8.881s] Level 1:colcon.colcon_core.environment:checking '/home/autopilot/ws/restackcell/ws_moveit2/install/grid_snapper/lib'
[8.881s] Level 1:colcon.colcon_core.environment:checking '/home/autopilot/ws/restackcell/ws_moveit2/install/grid_snapper/bin'
[8.881s] Level 1:colcon.colcon_core.environment:checking '/home/autopilot/ws/restackcell/ws_moveit2/install/grid_snapper/lib/pkgconfig/grid_snapper.pc'
[8.882s] Level 1:colcon.colcon_core.environment:checking '/home/autopilot/ws/restackcell/ws_moveit2/install/grid_snapper/lib/python3.10/site-packages'
[8.882s] Level 1:colcon.colcon_core.shell:create_environment_hook('grid_snapper', 'pythonpath')
[8.885s] INFO:colcon.colcon_core.shell:Creating environment hook '/home/autopilot/ws/restackcell/ws_moveit2/install/grid_snapper/share/grid_snapper/hook/pythonpath.ps1'
[8.888s] INFO:colcon.colcon_core.shell:Creating environment descriptor '/home/autopilot/ws/restackcell/ws_moveit2/install/grid_snapper/share/grid_snapper/hook/pythonpath.dsv'
[8.890s] INFO:colcon.colcon_core.shell:Creating environment hook '/home/autopilot/ws/restackcell/ws_moveit2/install/grid_snapper/share/grid_snapper/hook/pythonpath.sh'
[8.893s] Level 1:colcon.colcon_core.environment:checking '/home/autopilot/ws/restackcell/ws_moveit2/install/grid_snapper/bin'
[8.893s] Level 1:colcon.colcon_core.environment:create_environment_scripts_only(grid_snapper)
[8.894s] INFO:colcon.colcon_core.shell:Creating package script '/home/autopilot/ws/restackcell/ws_moveit2/install/grid_snapper/share/grid_snapper/package.ps1'
[8.896s] INFO:colcon.colcon_core.shell:Creating package descriptor '/home/autopilot/ws/restackcell/ws_moveit2/install/grid_snapper/share/grid_snapper/package.dsv'
[8.899s] INFO:colcon.colcon_core.shell:Creating package script '/home/autopilot/ws/restackcell/ws_moveit2/install/grid_snapper/share/grid_snapper/package.sh'
[8.901s] INFO:colcon.colcon_core.shell:Creating package script '/home/autopilot/ws/restackcell/ws_moveit2/install/grid_snapper/share/grid_snapper/package.bash'
[8.904s] INFO:colcon.colcon_core.shell:Creating package script '/home/autopilot/ws/restackcell/ws_moveit2/install/grid_snapper/share/grid_snapper/package.zsh'
[8.907s] Level 1:colcon.colcon_core.environment:create_file_with_runtime_dependencies(/home/autopilot/ws/restackcell/ws_moveit2/install/grid_snapper/share/colcon-core/packages/grid_snapper)
[8.916s] Level 1:colcon.colcon_core.environment:checking '/home/autopilot/ws/restackcell/ws_moveit2/install/robo_planner_py' for CMake module files
[8.917s] DEBUG:colcon.colcon_core.event_handler.log_command:Invoked command in '/home/autopilot/ws/restackcell/ws_moveit2/src/robo_planner_py' returned '0': CMAKE_PREFIX_PATH=/home/autopilot/ws/restackcell/ws_moveit2/install/wzlscheduler_interfaces:/home/autopilot/ws/restackcell/ws_moveit2/install/opcua_interfaces:/home/autopilot/ws/restackcell/ws_moveit2/install/robo_planner:/home/autopilot/ws/restackcell/ws_moveit2/install/pcl_segmentation:/home/autopilot/ws/restackcell/ws_moveit2/install/moveit_backend:/home/autopilot/ws/restackcell/ws_moveit2/install/mockup_robot:/home/autopilot/ws/restackcell/ws_moveit2/install/ur_pilz:/home/autopilot/ws/restackcell/ws_moveit2/install/robo_planner_msgs:/home/autopilot/ws/restackcell/ws_moveit2/install/custom_ur_moveit_config:/home/autopilot/ws/restackcell/ws_moveit2/install/custom_ur_description LD_LIBRARY_PATH=/home/autopilot/ws/restackcell/ws_moveit2/install/wzlscheduler_interfaces/lib:/home/autopilot/ws/restackcell/ws_moveit2/install/opcua_interfaces/lib:/home/autopilot/ws/restackcell/ws_moveit2/install/robo_planner_msgs/lib:/opt/ros/humble/opt/rviz_ogre_vendor/lib:/opt/ros/humble/lib/aarch64-linux-gnu:/opt/ros/humble/lib PYTHONPATH=/home/autopilot/ws/restackcell/ws_moveit2/build/robo_planner_py/prefix_override:/usr/lib/python3/dist-packages/colcon_core/task/python/colcon_distutils_commands:/home/autopilot/ws/restackcell/ws_moveit2/install/robo_planner_py/lib/python3.10/site-packages:/home/autopilot/ws/restackcell/ws_moveit2/install/wzlscheduler_interfaces/local/lib/python3.10/dist-packages:/home/autopilot/ws/restackcell/ws_moveit2/install/robo_planner_py/lib/python3.10/site-packages:/home/autopilot/ws/restackcell/ws_moveit2/install/grid_snapper/lib/python3.10/site-packages:/home/autopilot/ws/restackcell/ws_moveit2/install/robo_planner_msgs/local/lib/python3.10/dist-packages:/home/autopilot/ws/restackcell/ws_moveit2/install/opcua_client/lib/python3.10/site-packages:/home/autopilot/ws/restackcell/ws_moveit2/install/opcua_interfaces/local/lib/python3.10/dist-packages:/home/autopilot/ws/restackcell/ws_moveit2/install/interface_opcua/lib/python3.10/site-packages:/opt/ros/humble/lib/python3.10/site-packages:/opt/ros/humble/local/lib/python3.10/dist-packages /usr/bin/python3 -W ignore:setup.py install is deprecated setup.py egg_info --egg-base ../../build/robo_planner_py build --build-base /home/autopilot/ws/restackcell/ws_moveit2/build/robo_planner_py/build install --record /home/autopilot/ws/restackcell/ws_moveit2/build/robo_planner_py/install.log --single-version-externally-managed install_data
[8.918s] Level 1:colcon.colcon_core.environment:checking '/home/autopilot/ws/restackcell/ws_moveit2/install/robo_planner_py' for CMake config files
[8.919s] Level 1:colcon.colcon_core.environment:checking '/home/autopilot/ws/restackcell/ws_moveit2/install/robo_planner_py/lib'
[8.920s] Level 1:colcon.colcon_core.environment:checking '/home/autopilot/ws/restackcell/ws_moveit2/install/robo_planner_py/bin'
[8.920s] Level 1:colcon.colcon_core.environment:checking '/home/autopilot/ws/restackcell/ws_moveit2/install/robo_planner_py/lib/pkgconfig/robo_planner_py.pc'
[8.921s] Level 1:colcon.colcon_core.environment:checking '/home/autopilot/ws/restackcell/ws_moveit2/install/robo_planner_py/lib/python3.10/site-packages'
[8.921s] Level 1:colcon.colcon_core.shell:create_environment_hook('robo_planner_py', 'pythonpath')
[8.922s] INFO:colcon.colcon_core.shell:Creating environment hook '/home/autopilot/ws/restackcell/ws_moveit2/install/robo_planner_py/share/robo_planner_py/hook/pythonpath.ps1'
[8.923s] INFO:colcon.colcon_core.shell:Creating environment descriptor '/home/autopilot/ws/restackcell/ws_moveit2/install/robo_planner_py/share/robo_planner_py/hook/pythonpath.dsv'
[8.925s] INFO:colcon.colcon_core.shell:Creating environment hook '/home/autopilot/ws/restackcell/ws_moveit2/install/robo_planner_py/share/robo_planner_py/hook/pythonpath.sh'
[8.927s] Level 1:colcon.colcon_core.environment:checking '/home/autopilot/ws/restackcell/ws_moveit2/install/robo_planner_py/bin'
[8.927s] Level 1:colcon.colcon_core.environment:create_environment_scripts_only(robo_planner_py)
[8.928s] INFO:colcon.colcon_core.shell:Creating package script '/home/autopilot/ws/restackcell/ws_moveit2/install/robo_planner_py/share/robo_planner_py/package.ps1'
[8.930s] INFO:colcon.colcon_core.shell:Creating package descriptor '/home/autopilot/ws/restackcell/ws_moveit2/install/robo_planner_py/share/robo_planner_py/package.dsv'
[8.931s] INFO:colcon.colcon_core.shell:Creating package script '/home/autopilot/ws/restackcell/ws_moveit2/install/robo_planner_py/share/robo_planner_py/package.sh'
[8.934s] INFO:colcon.colcon_core.shell:Creating package script '/home/autopilot/ws/restackcell/ws_moveit2/install/robo_planner_py/share/robo_planner_py/package.bash'
[8.936s] INFO:colcon.colcon_core.shell:Creating package script '/home/autopilot/ws/restackcell/ws_moveit2/install/robo_planner_py/share/robo_planner_py/package.zsh'
[8.938s] Level 1:colcon.colcon_core.environment:create_file_with_runtime_dependencies(/home/autopilot/ws/restackcell/ws_moveit2/install/robo_planner_py/share/colcon-core/packages/robo_planner_py)
[8.939s] DEBUG:colcon.colcon_parallel_executor.executor.parallel:closing loop
[8.939s] DEBUG:colcon.colcon_parallel_executor.executor.parallel:loop closed
[8.940s] DEBUG:colcon.colcon_parallel_executor.executor.parallel:run_until_complete finished with '0'
[8.940s] DEBUG:colcon.colcon_core.event_reactor:joining thread
[8.962s] INFO:colcon.colcon_core.plugin_system:Skipping extension 'colcon_notification.desktop_notification.terminal_notifier': Not used on non-Darwin systems
[8.962s] INFO:colcon.colcon_core.plugin_system:Skipping extension 'colcon_notification.desktop_notification.win32': Not used on non-Windows systems
[8.963s] INFO:colcon.colcon_notification.desktop_notification:Sending desktop notification using 'notify2'
[9.012s] DEBUG:colcon.colcon_core.event_reactor:joined thread
[9.012s] INFO:colcon.colcon_core.shell:Creating prefix script '/home/autopilot/ws/restackcell/ws_moveit2/install/local_setup.ps1'
[9.014s] INFO:colcon.colcon_core.shell:Creating prefix util module '/home/autopilot/ws/restackcell/ws_moveit2/install/_local_setup_util_ps1.py'
[9.017s] INFO:colcon.colcon_core.shell:Creating prefix chain script '/home/autopilot/ws/restackcell/ws_moveit2/install/setup.ps1'
[9.021s] INFO:colcon.colcon_core.shell:Creating prefix script '/home/autopilot/ws/restackcell/ws_moveit2/install/local_setup.sh'
[9.023s] INFO:colcon.colcon_core.shell:Creating prefix util module '/home/autopilot/ws/restackcell/ws_moveit2/install/_local_setup_util_sh.py'
[9.025s] INFO:colcon.colcon_core.shell:Creating prefix chain script '/home/autopilot/ws/restackcell/ws_moveit2/install/setup.sh'
[9.029s] INFO:colcon.colcon_core.shell:Creating prefix script '/home/autopilot/ws/restackcell/ws_moveit2/install/local_setup.bash'
[9.030s] INFO:colcon.colcon_core.shell:Creating prefix chain script '/home/autopilot/ws/restackcell/ws_moveit2/install/setup.bash'
[9.034s] INFO:colcon.colcon_core.shell:Creating prefix script '/home/autopilot/ws/restackcell/ws_moveit2/install/local_setup.zsh'
[9.035s] INFO:colcon.colcon_core.shell:Creating prefix chain script '/home/autopilot/ws/restackcell/ws_moveit2/install/setup.zsh'
