<?xml version="1.0" encoding="utf-8"?>
<COLLADA xmlns="http://www.collada.org/2005/11/COLLADASchema" version="1.4.1" xmlns:xsi="http://www.w3.org/2001/XMLSchema-instance">
  <asset>
    <contributor>
      <author>Blender User</author>
      <authoring_tool>Blender 4.4.3 commit date:2025-04-29, commit time:14:09, hash:802179c51ccc</authoring_tool>
    </contributor>
    <created>2025-08-26T11:02:10</created>
    <modified>2025-08-26T11:02:10</modified>
    <unit name="meter" meter="1"/>
    <up_axis>Z_UP</up_axis>
  </asset>
  <library_cameras>
    <camera id="Camera_007-camera" name="Camera.007">
      <optics>
        <technique_common>
          <perspective>
            <xfov sid="xfov">39.59775</xfov>
            <aspect_ratio>1.777778</aspect_ratio>
            <znear sid="znear">0.1</znear>
            <zfar sid="zfar">100</zfar>
          </perspective>
        </technique_common>
      </optics>
      <extra>
        <technique profile="blender">
          <shiftx sid="shiftx" type="float">0</shiftx>
          <shifty sid="shifty" type="float">0</shifty>
          <dof_distance sid="dof_distance" type="float">10</dof_distance>
        </technique>
      </extra>
    </camera>
    <camera id="Camera_006-camera" name="Camera.006">
      <optics>
        <technique_common>
          <perspective>
            <xfov sid="xfov">39.59775</xfov>
            <aspect_ratio>1.777778</aspect_ratio>
            <znear sid="znear">0.1</znear>
            <zfar sid="zfar">100</zfar>
          </perspective>
        </technique_common>
      </optics>
      <extra>
        <technique profile="blender">
          <shiftx sid="shiftx" type="float">0</shiftx>
          <shifty sid="shifty" type="float">0</shifty>
          <dof_distance sid="dof_distance" type="float">10</dof_distance>
        </technique>
      </extra>
    </camera>
    <camera id="Camera_005-camera" name="Camera.005">
      <optics>
        <technique_common>
          <perspective>
            <xfov sid="xfov">39.59775</xfov>
            <aspect_ratio>1.777778</aspect_ratio>
            <znear sid="znear">0.1</znear>
            <zfar sid="zfar">100</zfar>
          </perspective>
        </technique_common>
      </optics>
      <extra>
        <technique profile="blender">
          <shiftx sid="shiftx" type="float">0</shiftx>
          <shifty sid="shifty" type="float">0</shifty>
          <dof_distance sid="dof_distance" type="float">10</dof_distance>
        </technique>
      </extra>
    </camera>
    <camera id="Camera_004-camera" name="Camera.004">
      <optics>
        <technique_common>
          <perspective>
            <xfov sid="xfov">39.59775</xfov>
            <aspect_ratio>1.777778</aspect_ratio>
            <znear sid="znear">0.1</znear>
            <zfar sid="zfar">100</zfar>
          </perspective>
        </technique_common>
      </optics>
      <extra>
        <technique profile="blender">
          <shiftx sid="shiftx" type="float">0</shiftx>
          <shifty sid="shifty" type="float">0</shifty>
          <dof_distance sid="dof_distance" type="float">10</dof_distance>
        </technique>
      </extra>
    </camera>
    <camera id="Camera_003-camera" name="Camera.003">
      <optics>
        <technique_common>
          <perspective>
            <xfov sid="xfov">39.59775</xfov>
            <aspect_ratio>1.777778</aspect_ratio>
            <znear sid="znear">0.1</znear>
            <zfar sid="zfar">100</zfar>
          </perspective>
        </technique_common>
      </optics>
      <extra>
        <technique profile="blender">
          <shiftx sid="shiftx" type="float">0</shiftx>
          <shifty sid="shifty" type="float">0</shifty>
          <dof_distance sid="dof_distance" type="float">10</dof_distance>
        </technique>
      </extra>
    </camera>
    <camera id="Camera_002-camera" name="Camera.002">
      <optics>
        <technique_common>
          <perspective>
            <xfov sid="xfov">39.59775</xfov>
            <aspect_ratio>1.777778</aspect_ratio>
            <znear sid="znear">0.1</znear>
            <zfar sid="zfar">100</zfar>
          </perspective>
        </technique_common>
      </optics>
      <extra>
        <technique profile="blender">
          <shiftx sid="shiftx" type="float">0</shiftx>
          <shifty sid="shifty" type="float">0</shifty>
          <dof_distance sid="dof_distance" type="float">10</dof_distance>
        </technique>
      </extra>
    </camera>
    <camera id="Camera_001-camera" name="Camera.001">
      <optics>
        <technique_common>
          <perspective>
            <xfov sid="xfov">39.59775</xfov>
            <aspect_ratio>1.777778</aspect_ratio>
            <znear sid="znear">0.1</znear>
            <zfar sid="zfar">100</zfar>
          </perspective>
        </technique_common>
      </optics>
      <extra>
        <technique profile="blender">
          <shiftx sid="shiftx" type="float">0</shiftx>
          <shifty sid="shifty" type="float">0</shifty>
          <dof_distance sid="dof_distance" type="float">10</dof_distance>
        </technique>
      </extra>
    </camera>
    <camera id="Camera-camera" name="Camera">
      <optics>
        <technique_common>
          <perspective>
            <xfov sid="xfov">39.59775</xfov>
            <aspect_ratio>1.777778</aspect_ratio>
            <znear sid="znear">0.1</znear>
            <zfar sid="zfar">100</zfar>
          </perspective>
        </technique_common>
      </optics>
      <extra>
        <technique profile="blender">
          <shiftx sid="shiftx" type="float">0</shiftx>
          <shifty sid="shifty" type="float">0</shifty>
          <dof_distance sid="dof_distance" type="float">10</dof_distance>
        </technique>
      </extra>
    </camera>
  </library_cameras>
  <library_lights>
    <light id="Light_005-light" name="Light.006">
      <technique_common>
        <point>
          <color sid="color">1000 1000 1000</color>
          <constant_attenuation>1</constant_attenuation>
          <linear_attenuation>0</linear_attenuation>
          <quadratic_attenuation>0</quadratic_attenuation>
        </point>
      </technique_common>
      <extra>
        <technique profile="blender">
          <type sid="type" type="int">0</type>
          <flag sid="flag" type="int">0</flag>
          <mode sid="mode" type="int">2097153</mode>
          <red sid="red" type="float">1</red>
          <green sid="green" type="float">1</green>
          <blue sid="blue" type="float">1</blue>
          <energy sid="blender_energy" type="float">1000</energy>
          <spotsize sid="spotsize" type="float">75</spotsize>
          <spotblend sid="spotblend" type="float">0.15</spotblend>
          <clipsta sid="clipsta" type="float">0.04999995</clipsta>
          <clipend sid="clipend" type="float">40</clipend>
          <radius sid="radius" type="float">0.1</radius>
          <area_shape sid="area_shape" type="int">1</area_shape>
          <area_size sid="area_size" type="float">0.1</area_size>
          <area_sizey sid="area_sizey" type="float">0.1</area_sizey>
          <area_sizez sid="area_sizez" type="float">1</area_sizez>
        </technique>
      </extra>
    </light>
    <light id="Light_004-light" name="Light.005">
      <technique_common>
        <point>
          <color sid="color">1000 1000 1000</color>
          <constant_attenuation>1</constant_attenuation>
          <linear_attenuation>0</linear_attenuation>
          <quadratic_attenuation>0</quadratic_attenuation>
        </point>
      </technique_common>
      <extra>
        <technique profile="blender">
          <type sid="type" type="int">0</type>
          <flag sid="flag" type="int">0</flag>
          <mode sid="mode" type="int">2097153</mode>
          <red sid="red" type="float">1</red>
          <green sid="green" type="float">1</green>
          <blue sid="blue" type="float">1</blue>
          <energy sid="blender_energy" type="float">1000</energy>
          <spotsize sid="spotsize" type="float">75</spotsize>
          <spotblend sid="spotblend" type="float">0.15</spotblend>
          <clipsta sid="clipsta" type="float">0.04999995</clipsta>
          <clipend sid="clipend" type="float">40</clipend>
          <radius sid="radius" type="float">0.1</radius>
          <area_shape sid="area_shape" type="int">1</area_shape>
          <area_size sid="area_size" type="float">0.1</area_size>
          <area_sizey sid="area_sizey" type="float">0.1</area_sizey>
          <area_sizez sid="area_sizez" type="float">1</area_sizez>
        </technique>
      </extra>
    </light>
    <light id="Light_003-light" name="Light.004">
      <technique_common>
        <point>
          <color sid="color">1000 1000 1000</color>
          <constant_attenuation>1</constant_attenuation>
          <linear_attenuation>0</linear_attenuation>
          <quadratic_attenuation>0</quadratic_attenuation>
        </point>
      </technique_common>
      <extra>
        <technique profile="blender">
          <type sid="type" type="int">0</type>
          <flag sid="flag" type="int">0</flag>
          <mode sid="mode" type="int">2097153</mode>
          <red sid="red" type="float">1</red>
          <green sid="green" type="float">1</green>
          <blue sid="blue" type="float">1</blue>
          <energy sid="blender_energy" type="float">1000</energy>
          <spotsize sid="spotsize" type="float">75</spotsize>
          <spotblend sid="spotblend" type="float">0.15</spotblend>
          <clipsta sid="clipsta" type="float">0.04999995</clipsta>
          <clipend sid="clipend" type="float">40</clipend>
          <radius sid="radius" type="float">0.1</radius>
          <area_shape sid="area_shape" type="int">1</area_shape>
          <area_size sid="area_size" type="float">0.1</area_size>
          <area_sizey sid="area_sizey" type="float">0.1</area_sizey>
          <area_sizez sid="area_sizez" type="float">1</area_sizez>
        </technique>
      </extra>
    </light>
    <light id="Light-light" name="Light.003">
      <technique_common>
        <point>
          <color sid="color">1000 1000 1000</color>
          <constant_attenuation>1</constant_attenuation>
          <linear_attenuation>0</linear_attenuation>
          <quadratic_attenuation>0</quadratic_attenuation>
        </point>
      </technique_common>
      <extra>
        <technique profile="blender">
          <type sid="type" type="int">0</type>
          <flag sid="flag" type="int">0</flag>
          <mode sid="mode" type="int">2097153</mode>
          <red sid="red" type="float">1</red>
          <green sid="green" type="float">1</green>
          <blue sid="blue" type="float">1</blue>
          <energy sid="blender_energy" type="float">1000</energy>
          <spotsize sid="spotsize" type="float">75</spotsize>
          <spotblend sid="spotblend" type="float">0.15</spotblend>
          <clipsta sid="clipsta" type="float">0.04999995</clipsta>
          <clipend sid="clipend" type="float">40</clipend>
          <radius sid="radius" type="float">0.1</radius>
          <area_shape sid="area_shape" type="int">1</area_shape>
          <area_size sid="area_size" type="float">0.1</area_size>
          <area_sizey sid="area_sizey" type="float">0.1</area_sizey>
          <area_sizez sid="area_sizez" type="float">1</area_sizez>
        </technique>
      </extra>
    </light>
    <light id="Light_002-light" name="Light.002">
      <technique_common>
        <point>
          <color sid="color">1000 1000 1000</color>
          <constant_attenuation>1</constant_attenuation>
          <linear_attenuation>0</linear_attenuation>
          <quadratic_attenuation>0</quadratic_attenuation>
        </point>
      </technique_common>
      <extra>
        <technique profile="blender">
          <type sid="type" type="int">0</type>
          <flag sid="flag" type="int">0</flag>
          <mode sid="mode" type="int">2097153</mode>
          <red sid="red" type="float">1</red>
          <green sid="green" type="float">1</green>
          <blue sid="blue" type="float">1</blue>
          <energy sid="blender_energy" type="float">1000</energy>
          <spotsize sid="spotsize" type="float">75</spotsize>
          <spotblend sid="spotblend" type="float">0.15</spotblend>
          <clipsta sid="clipsta" type="float">0.04999995</clipsta>
          <clipend sid="clipend" type="float">40</clipend>
          <radius sid="radius" type="float">0.1</radius>
          <area_shape sid="area_shape" type="int">1</area_shape>
          <area_size sid="area_size" type="float">0.1</area_size>
          <area_sizey sid="area_sizey" type="float">0.1</area_sizey>
          <area_sizez sid="area_sizez" type="float">1</area_sizez>
        </technique>
      </extra>
    </light>
    <light id="Light_001-light" name="Light.001">
      <technique_common>
        <point>
          <color sid="color">1000 1000 1000</color>
          <constant_attenuation>1</constant_attenuation>
          <linear_attenuation>0</linear_attenuation>
          <quadratic_attenuation>0</quadratic_attenuation>
        </point>
      </technique_common>
      <extra>
        <technique profile="blender">
          <type sid="type" type="int">0</type>
          <flag sid="flag" type="int">0</flag>
          <mode sid="mode" type="int">2097153</mode>
          <red sid="red" type="float">1</red>
          <green sid="green" type="float">1</green>
          <blue sid="blue" type="float">1</blue>
          <energy sid="blender_energy" type="float">1000</energy>
          <spotsize sid="spotsize" type="float">75</spotsize>
          <spotblend sid="spotblend" type="float">0.15</spotblend>
          <clipsta sid="clipsta" type="float">0.04999995</clipsta>
          <clipend sid="clipend" type="float">40</clipend>
          <radius sid="radius" type="float">0.1</radius>
          <area_shape sid="area_shape" type="int">1</area_shape>
          <area_size sid="area_size" type="float">0.1</area_size>
          <area_sizey sid="area_sizey" type="float">0.1</area_sizey>
          <area_sizez sid="area_sizez" type="float">1</area_sizez>
        </technique>
      </extra>
    </light>
  </library_lights>
  <library_effects>
    <effect id="Mesh_002-effect">
      <profile_COMMON>
        <technique sid="common">
          <lambert>
            <emission>
              <color sid="emission">0 0 0 1</color>
            </emission>
            <diffuse>
              <color sid="diffuse">0.6784314 0.709804 0.7411765 1</color>
            </diffuse>
            <index_of_refraction>
              <float sid="ior">1.5</float>
            </index_of_refraction>
          </lambert>
        </technique>
      </profile_COMMON>
    </effect>
  </library_effects>
  <library_images/>
  <library_materials>
    <material id="Mesh_002-material" name="Mesh.002">
      <instance_effect url="#Mesh_002-effect"/>
    </material>
  </library_materials>
  <library_geometries>
    <geometry id="Mesh_002-mesh" name="Mesh.002">
      <mesh>
        <source id="Mesh_002-mesh-positions">
          <float_array id="Mesh_002-mesh-positions-array" count="4446">0.006635665 0.06713879 0.1342353 0.006750404 0.06750816 0.1446896 0.02196347 0.06616061 0.1336846 0.02147108 0.06488823 0.156587 0.006726145 0.06658005 0.1565393 0.021761 0.0653575 0.1451689 0.00790435 0.07942557 0.1079558 0.00718224 0.07132512 0.1079691 0.008789598 0.07903414 0.1564654 0.02356946 0.07647329 0.1564208 0.0231387 0.07403159 0.1096215 0.009850382 0.07268482 0.0766229 -0.001480996 0.0405184 0.07665264 -0.005517959 0.04454064 0.07665264 -0.001989841 0.05334967 0.07836693 -0.002073526 0.04634612 0.07891416 -8.15402e-4 0.05819815 0.07905262 0.002025008 0.05461984 0.07868081 -0.003633916 0.08145999 0.07714802 0.002028346 0.05657839 0.08651709 -5.03481e-4 0.04162198 0.08665263 -0.00378406 0.04171377 0.08665263 -0.003838539 0.04144477 0.07965266 -2.4582e-4 0.04338502 0.07965266 -0.003227412 0.04563933 0.08665263 -0.002884864 0.05758208 0.08654612 -6.23028e-5 0.05339676 0.08665263 -0.03883367 -0.004764318 -0.03834742 -0.03745096 -0.00639379 -0.02849203 -0.03703564 -0.004334688 -0.02984744 -0.04091364 -0.00415951 -0.02873122 -0.0385521 -0.002755582 -0.02654743 -0.03924661 -0.006694853 -0.02654743 -0.0417267 -0.00118041 -0.02654743 -0.04276859 -0.007089257 -0.02654743 -0.03197711 -0.002899587 -0.02654743 -0.03123033 -0.003135085 -0.02654743 -0.03056985 -0.003555834 -0.02654743 -0.029679 -0.004827976 -0.02654743 -0.0295096 -0.005592525 -0.02654743 -0.03223669 -0.008842587 -0.02654743 -0.02977925 -0.007121801 -0.02654743 -0.03147202 -0.008673131 -0.02654743 -0.04224747 -0.004134833 -0.03814786 -0.033019 -0.008808434 -0.03854727 -0.03223669 -0.008842587 -0.03854727 -0.03004074 -0.004133284 -0.03854727 -0.03266566 0.03844207 -0.02984744 -0.0310195 0.03955179 -0.03834742 -0.02909332 0.03913301 -0.02882176 -0.03282493 0.04092079 -0.02862322 -0.03143244 0.0376212 -0.02654743 -0.03391253 0.04313576 -0.02654743 -0.03495442 0.03722691 -0.02654743 -0.02172946 0.03794115 -0.02654743 -0.02520483 0.03550767 -0.02654743 -0.02238589 0.03653383 -0.02654743 -0.02196496 0.03719437 -0.02654743 -0.02365785 0.0356431 -0.02654743 -0.03443366 0.04018133 -0.03814685 -0.02365785 0.0356431 -0.03854727 -0.02296328 0.03600472 -0.03854727 -0.02238589 0.03653383 -0.03854727 -0.02172946 0.03794115 -0.03854727 -0.02186495 0.03948813 -0.03854727 -0.02222657 0.04018282 -0.03854727 -0.03351873 0.04306626 -0.03854727 -0.041749 -0.001764655 -0.02063858 -0.03502094 -0.005511641 -0.02073001 -0.04007703 -0.007298827 -0.02071058 -0.04172801 -0.003894507 -0.02374732 -0.0368092 -0.002174079 -0.02374726 -0.03861814 -0.007711648 -0.02374726 -0.03685313 -0.003992855 -0.02974772 -0.03937333 -0.006500601 -0.02974742 -0.04080277 -0.004107773 -0.02974754 -0.03893995 -0.00472939 -0.03737372 0.02402549 0.01320451 -0.02714145 0.02661877 0.01970893 -0.02090257 0.03358888 0.01859086 -0.02714145 0.03362232 0.01536643 -0.02031797 0.02509349 0.01288837 -0.02017217 0.02070283 -0.005638539 -0.02714145 0.02209544 9.62938e-4 -0.02033406 0.03026634 -2.52387e-4 -0.02714145 0.02972859 -0.001571297 -0.0205543 0.02498316 -0.007701575 -0.02036082 -0.02068197 0.006640195 -0.02020388 -0.01787072 0.006236851 -0.02547883 -0.0223965 0.003866672 -0.02517306 -0.01917523 0.002903878 -0.02016288 0.0105108 0.04466193 -0.04158979 0.007408201 0.04200088 -0.03790032 0.02105927 0.05153024 -0.03804737 0.0119906 0.05354392 -0.03790766 0.01290303 0.04898673 -0.03792965 0.002532243 0.05439478 -0.03804737 0.01445233 0.03951698 -0.03944391 0.009665846 0.05029624 -0.03791195 -1.32925e-4 0.04082244 -0.03941255 -0.001807808 0.03082633 -0.03208321 -0.001812815 0.02982103 -0.04354745 0.01901757 0.03733944 -0.0391314 0.01680576 0.02644282 -0.04354733 0.01977437 0.04240012 -0.04210168 0.004005253 0.05402773 -0.0310294 0.007895231 0.04524511 -0.04220503 0.01279062 0.04392641 -0.04360502 0.009452641 0.0391426 -0.04354745 6.22454e-4 0.0450176 -0.04343026 0.01039266 0.02890849 -0.04354745 0.005435943 0.02875858 -0.04354745 0.01674002 0.02652829 -0.03208321 0.01972597 0.05187308 -0.03083205 0.009452641 0.0391426 -0.03204745 0.005007982 0.02684348 -0.03191864 0.009196341 0.02771502 -0.03204745 0.008891344 0.041507 -0.04052603 -0.00171101 -0.02368819 -0.04158979 0.001390933 -0.02102726 -0.03790038 -0.01240509 -0.02997672 -0.03804737 -0.003216385 -0.0327273 -0.03792178 -0.004107058 -0.02813184 -0.03792566 -0.005652725 -0.01854342 -0.03944385 -9.29898e-4 -0.0289461 -0.03791689 0.006384015 -0.03322815 -0.03804737 0.008932769 -0.01984882 -0.03941255 0.01048457 -0.00872302 -0.03208804 -0.01048588 -0.01518738 -0.04065078 -0.01097518 -0.02142632 -0.04210132 0.004794239 -0.03305417 -0.03102934 9.04578e-4 -0.0242716 -0.04220509 -0.003990769 -0.02295261 -0.04360508 -6.529e-4 -0.01816874 -0.04354745 0.008177161 -0.02404391 -0.04343026 -5.00438e-4 -0.005266964 -0.04354745 0.007737874 -0.008308827 -0.04354763 -0.007940351 -0.005554616 -0.03208321 -0.01092612 -0.03089928 -0.03083199 -6.52894e-4 -0.0181688 -0.03204745 0.003193795 -0.007597148 -0.03204745 -0.001585721 -0.007993459 -0.03204745 -9.22236e-5 -0.02053338 -0.04052597 -0.03493297 0.04069024 -0.02059668 -0.02749681 0.04126846 -0.02076506 -0.03045898 0.03669869 -0.02071833 -0.03391391 0.0404216 -0.02374732 -0.02853631 0.04153722 -0.02374726 -0.03136205 0.03672766 -0.02374726 -0.03091162 0.04167032 -0.02974754 -0.02907794 0.03904426 -0.02974754 -0.0324974 0.03806543 -0.02974748 -0.03112578 0.03958678 -0.03737372 0.003211259 -0.01505941 -0.031502 0.002392709 -0.02087056 -0.03164279 -0.006666362 -0.01834261 -0.03040689 -0.004933774 -0.01285713 -0.03120577 0.00364083 -0.01447993 -0.02454727 -0.004616498 -0.01288622 -0.02556896 -0.004643261 -0.01622945 -0.02945625 0.002352178 -0.02132743 -0.02454727 0.006543159 -0.01870989 -0.02454727 -0.00269562 -0.01874989 -0.02837866 -0.00654757 -0.01839381 -0.02588295 -0.003855705 -0.01720011 -0.0272929 -0.005619645 -0.01688903 -0.02746516 0.00327003 -0.01929879 -0.02454727 0.003748059 -0.01891177 -0.02454727 0.002976894 -0.0194242 -0.02454727 0.004057288 -0.01838016 -0.02454727 0.004134893 -0.01808112 -0.02454727 0.004157066 -0.01777321 -0.02454727 0.004123151 -0.0174663 -0.02454727 0.001439154 -0.01916676 -0.02454727 0.004034221 -0.01717042 -0.02454727 0.003212571 -0.01628243 -0.02454727 0.001937866 -0.01618689 -0.02454727 0.001644611 -0.01631242 -0.02454727 0.001388013 -0.01648408 -0.02454727 7.91636e-4 -0.0181449 -0.02454727 8.80506e-4 -0.01844066 -0.02454727 8.57454e-4 -0.01723092 -0.02454727 0.002492129 -0.01780927 -0.02175831 -0.00363332 -0.01074492 -0.02813726 -0.0290836 6.37067e-4 -0.03866261 -0.03008645 0.01608806 -0.03871273 -0.02440047 0.03005522 -0.03862893 -0.02790933 -0.001129686 -0.04337507 -0.03014957 0.01487612 -0.04287791 -0.02489942 0.02845185 -0.04324865 -0.01214492 0.04103255 -0.04281204 -0.0179094 -0.01464945 -0.04350382 -0.001572132 0.03680503 -0.03854739 -0.002163052 0.03439795 -0.04354673 0.02081227 -0.01884764 -0.04349309 0.02476614 -0.01550143 -0.04398679 0.01058501 -0.01653301 -0.04147434 0.0292927 -0.003812015 -0.04376727 0.03772407 9.60747e-4 -0.04296594 0.01735621 -0.002323269 -0.04338258 0.03860855 0.01184332 -0.0432114 0.01327174 -0.006671547 -0.04354602 0.03309303 0.01412242 -0.04371523 0.03002369 0.007791996 -0.04409903 0.02144414 0.005034446 -0.04385459 0.03661853 0.02249413 -0.04324156 0.0178669 0.02105593 -0.04329472 -0.01042723 -0.007801413 -0.04354524 0.02540445 0.01839184 -0.04374235 0.03081774 0.02487045 -0.04355096 -0.02201795 -0.003896713 -0.04355061 -0.00941646 -4.53212e-4 -0.0433458 0.01922708 0.02877521 -0.04354524 0.02664697 0.03564149 -0.04353129 -0.01495623 0.007029771 -0.0438205 -0.02419245 0.008234918 -0.04372322 -0.01849478 0.01184815 -0.04376929 -0.002212166 0.02411979 -0.04337024 -0.01253736 0.01957792 -0.04379296 -0.006889879 0.02492868 -0.04339241 -0.01958501 0.01766788 -0.04386126 -0.01457744 0.0337944 -0.04354792 -0.01920038 0.02592569 -0.04412567 -0.002515494 0.02513092 -0.03204745 0.001782178 0.04784941 -0.03120177 -0.00711435 -9.32392e-4 -0.03204745 0.01131528 -0.004157185 -0.03204745 0.01591402 0.02190595 -0.03204745 0.0120359 0.03211605 -0.03204739 0.006032645 0.02875643 -0.03204739 0.01900804 0.04502671 -0.03147912 0.00453782 0.03346431 -0.03204733 1.87922e-4 0.04781812 -0.03850746 0.006301105 -0.02689856 -0.03151839 -0.01083678 -0.02372944 -0.03120267 0.004450201 -0.01285761 -0.03204739 -5.01747e-4 -0.006887197 -0.03204745 -0.002928674 -0.01229226 -0.03204739 0.01323628 0.03482067 -0.02454733 0.02092111 0.04407089 -0.0385003 -5.18568e-4 0.04748183 -0.02465718 0.00575453 0.03565996 -0.02454757 -0.01160287 0.04176872 -0.0386973 0.004768252 -0.01457983 -0.02454727 0.006287157 -0.01652377 -0.02454727 -0.006747543 -0.01304239 -0.02454727 -0.0128746 -0.02259498 -0.02465718 -0.01214176 -0.02310138 -0.03852099 0.008440434 -0.02672159 -0.03850108 0.01470023 0.04056626 -0.02454769 0.03250199 0.03586292 -0.02973997 0.01801991 0.03996348 -0.0297473 0.03044915 -0.01745289 -0.03846687 0.04316043 0.01160138 -0.03837078 0.03253728 0.0319314 -0.03873503 0.02084642 -0.02030456 -0.03882676 0.02041935 0.03514051 -0.03854662 0.02214032 -0.02295607 -0.02974897 0.007116794 -0.02187049 -0.0297473 0.00914973 -0.02412784 -0.02507185 0.02928441 -0.02029991 -0.02004057 0.003526747 -0.01912713 -0.02454727 0.003926992 -0.01866 -0.02454727 0.002572894 -0.01950168 -0.02454727 0.002162218 -0.01947975 -0.02454727 0.00192672 -0.01942068 -0.02454727 0.001702189 -0.01932865 -0.02454727 0.001209676 -0.01896011 -0.02454727 0.003893375 -0.01689571 -0.02454727 0.001021385 -0.01871544 -0.02454727 0.003705084 -0.01665097 -0.02454727 0.003475666 -0.01644432 -0.02454727 0.002752602 -0.01613146 -0.02454727 0.002341866 -0.01610952 -0.02454727 0.002987921 -0.0161904 -0.02454727 7.57736e-4 -0.017838 -0.02454727 7.79924e-4 -0.01752996 -0.02454727 0.001166582 -0.01669931 -0.02454727 9.87795e-4 -0.01695108 -0.02454727 -0.02127033 -0.01342576 -0.03882747 0.0378744 0.0200833 -0.03864192 0.03886908 0.005189418 -0.03867155 0.03171759 -0.01187455 -0.03864592 -0.01411414 0.04364114 -0.01964199 -0.03380811 0.0447005 -0.03862261 -0.02416294 0.04141664 -0.02654743 -0.03382956 0.04560697 -0.0222581 -0.04321014 -0.008416354 -0.03865629 -0.033019 -0.008808434 -0.02654743 -0.03197711 -0.002899587 -0.03854727 -0.03123033 -0.003135085 -0.03854727 -0.03004074 -0.004133284 -0.02654743 -0.02954363 -0.006374955 -0.02654743 -0.03020006 -0.00778234 -0.03854727 -0.03020006 -0.00778234 -0.02654743 -0.03077745 -0.00831151 -0.02654743 -0.04177904 -0.001171231 -0.0384767 -0.04039132 0.006178796 -0.0268023 -0.03502792 0.03723984 -0.03846085 -0.02520483 0.03550767 -0.03854727 -0.02341616 0.04118102 -0.03854727 -0.02341616 0.04118102 -0.02654743 -0.02275568 0.04076021 -0.03854727 -0.02275568 0.04076021 -0.02654743 -0.02222657 0.04018282 -0.02654743 -0.02186495 0.03948813 -0.02654743 -0.02169543 0.03872352 -0.03854727 -0.02169543 0.03872352 -0.02654743 -0.02296328 0.03600472 -0.02654743 -0.02442258 0.03547364 -0.02654743 -0.02869451 0.03835737 -0.02480453 -0.03073799 0.04156053 -0.02654743 -0.03360646 0.03972417 -0.02654743 -0.03602272 -0.004279434 -0.02489852 -0.04142063 -0.004591882 -0.02654743 -0.03424942 -0.007493615 -0.01960909 -0.04427111 -0.009318053 -0.02315783 0.02709066 -0.008584916 -0.0193479 0.03055882 -0.005266904 -0.01938116 0.01953953 -0.01302653 -0.01998871 0.0222007 -0.007825493 -0.0194351 0.04251438 0.0176264 -0.01960605 0.02947539 0.001999139 -0.01965719 0.01539927 -0.00555998 -0.01866853 0.002462625 -0.01784306 -0.01954722 -0.003760397 -0.02688789 -0.01966559 0.003583073 -0.01881027 -0.02012014 0.002424597 -0.01778465 -0.01954501 0.0242514 0.003135561 -0.01945316 0.03017377 0.01042598 -0.01946115 0.02181297 0.0107122 -0.01971954 0.03382754 0.01305133 -0.0193957 0.01985538 -0.0028162 -0.01944512 0.02576559 0.01113027 -0.01940256 -0.003595769 -0.003714799 -0.02030217 0.03360974 0.01890206 -0.01940536 -0.01391768 -0.005911648 -0.01974284 0.02771693 0.02167993 -0.01940256 0.0230751 0.01720279 -0.01941066 -0.0190472 -0.004818439 -0.01979732 0.02590823 0.02771753 -0.01979166 0.004994392 0.02713215 -0.02052217 0.03433632 0.03485131 -0.02037686 0.02191704 0.02386236 -0.01980811 -0.01504689 -9.54936e-4 -0.01978158 -0.01687842 0.003206789 -0.0193578 -0.02030813 0.001555085 -0.01949703 -0.01232415 0.01342028 -0.02053219 -0.01712143 0.007580339 -0.01936602 -0.02382296 0.004876494 -0.01930934 -0.02054339 0.008750081 -0.01949214 0.01334279 0.03659015 -0.0202068 0.01301878 0.03928488 -0.02015316 -0.01348328 0.02191013 -0.01934069 0.01663333 0.04786795 -0.02225673 -0.01340413 0.0262767 -0.01938945 -0.01867991 0.02083033 -0.01947385 -0.008092045 0.02862125 -0.01976108 0.01076036 0.03730696 -0.02002829 -0.009284317 0.03405618 -0.01988893 -0.01687622 0.02762895 -0.01942479 -0.02020722 0.02480971 -0.019252 -0.02770632 0.03664863 -0.01954734 0.03215903 0.005612015 -0.02604788 0.01549243 -0.00208193 -0.02274721 0.01969981 0.01734501 -0.02274751 0.02618455 0.006586611 -0.02626568 -0.007199585 0.02940094 -0.03154736 -0.01054489 0.03386533 -0.03154736 -0.01250523 0.02970153 -0.03154736 0.02082216 -0.01212489 -0.03154736 0.01879304 -0.006838977 -0.03154742 0.01619076 -0.01127612 -0.03154742 -0.0132094 -0.005233705 -0.03154736 -0.01712536 -0.001051366 -0.03154736 -0.01844346 -0.005343198 -0.03154736 0.0276184 0.02326154 -0.03154736 0.02427309 0.02772593 -0.03154736 0.02231276 0.02356213 -0.03154742 0.03024548 -1.50581e-4 -0.01930725 -0.01210153 0.03430539 -0.03844732 -0.0116803 0.02649754 -0.03844851 -0.005800485 0.03235107 -0.03844803 0.01843148 -0.005544543 -0.03844791 0.01440066 -0.01027983 -0.03844743 0.022758 -0.01029318 -0.03844749 -0.01717472 8.41613e-4 -0.03844833 -0.01889389 -0.006813645 -0.03844755 -0.01198559 -0.005441129 -0.03844761 0.02378267 0.02952027 -0.03844833 0.02206349 0.02186489 -0.03844755 0.02897179 0.02323758 -0.03844761 -0.01668483 0.02391916 -0.0277692 -0.02000737 0.005075812 -0.02776926 0.02558052 0.001615881 -0.02851176 0.02517342 -0.006364941 -0.02921223 0.02572995 0.01779139 -0.02877426 0.0319125 0.01405602 -0.02873384 -0.03799545 0.02055686 -0.03077286 -0.03116738 0.01193511 -0.03414779 -0.04013639 0.00804001 -0.03486812 -0.03929167 0.01320552 -0.02964091 -0.03860765 0.01708465 -0.02345412 -0.04013848 0.007614016 -0.02487909 -0.0311675 0.01193547 -0.02494651 -0.02951782 0.02129089 -0.03414785 -0.03742361 0.02379953 -0.03650069 -0.02951759 0.02129077 -0.0249468 -0.03657364 0.02802032 -0.0261563 -0.03635519 0.02901691 -0.03498542 0.003067553 -0.00840348 -0.05285108 0.00270462 -0.01197594 -0.05305927 -9.16769e-4 -0.01247769 -0.05307322 0.01019215 0.03009939 -0.0532177 0.0072847 0.0333631 -0.05317223 0.005966722 0.02956539 -0.05259072 0.02511191 0.01011723 -0.0372473 0.02996826 0.01550579 -0.03724747 -0.01947474 0.007537782 -0.03724747 -0.01696574 0.02144831 -0.03724765 0.02214747 -0.001642704 -0.03724735 0.02856612 0.002329885 -0.03724735 0.03118944 0.01307278 -0.04731315 0.02349424 0.0111978 -0.04696452 0.02747148 0.009169638 -0.04743027 -0.01751315 0.009346485 -0.04735034 -0.01909983 0.004562973 -0.04729413 -0.017165 0.01884663 -0.04745155 -0.01431602 0.02232283 -0.04727607 -0.01947486 0.02253752 -0.0473746 0.02725088 -0.00288695 -0.04732924 0.02304315 0.003057539 -0.04739046 0.02211225 -0.001931667 -0.04731005 0.02720093 0.01644861 -0.04745256 -0.001245319 -0.008064329 -0.05312561 -0.02216267 0.008198559 -0.04736155 0.02871876 0.002757251 -0.04716342 0.009642601 0.02878952 -0.04320561 0.009811222 0.03319895 -0.04321628 0.00529325 0.03118443 -0.04421478 -0.02939897 0.04213142 -0.02374744 -0.03397536 0.03847879 -0.0230357 -0.03921484 -0.007618963 -0.02374744 -0.04035389 -0.001520097 -0.02236616 0.003274798 -0.01602268 -0.0204584 6.00825e-4 -0.01841425 -0.02045536 0.0195685 -0.01543563 -0.03844761 -0.01162248 -0.01416975 -0.03854662 -0.01548099 0.02509802 -0.0203557 -0.01769775 0.02272254 -0.02008062 -0.01673346 0.02176773 -0.02568238 -0.01665049 0.02661645 -0.02503627 -0.04289799 -0.004431426 -0.05648338 -0.03610914 -0.007529854 -0.05634135 -0.03732174 -0.002221584 -0.05637633 -0.04174929 -0.005380392 -0.05334734 -0.03695791 -0.007051765 -0.05334752 -0.03896462 -0.001318275 -0.05334746 -0.03722703 -0.006113409 -0.04734694 -0.03873747 -0.002894818 -0.04734718 -0.04089915 -0.004654526 -0.04734712 -0.03893619 -0.004707515 -0.03972077 -0.03152531 0.01970291 -0.03871333 -0.03461545 0.01805037 -0.03866058 -0.03489124 0.02260541 -0.03885656 -0.03324007 0.02209311 -0.04549729 -0.03504502 0.01735711 -0.04570037 -0.0386995 0.01656329 -0.04779744 -0.03817874 0.01951766 -0.04549729 -0.03398656 0.0201174 -0.04359841 -0.0337851 0.02170944 -0.03997588 -0.03279483 0.01989263 -0.04003834 -0.03381133 0.02053493 -0.0503931 0.02748548 -0.007739126 -0.05502998 0.03354859 -0.01063817 -0.04814869 0.03172683 -3.929e-4 -0.04806476 0.0377658 -0.003662467 -0.0503081 0.03585183 -0.0069018 -0.0561251 0.03958123 0.0217778 -0.05626922 0.02596932 0.01830607 -0.05186069 0.0262016 0.0113703 -0.05422699 0.0416308 0.01005709 -0.05121827 0.03063082 0.009993016 -0.05218064 0.04113727 0.01620042 -0.04407238 0.02745568 0.01832741 -0.04754734 0.04225742 0.01332837 -0.05924487 0.03927791 0.0237751 -0.04861724 0.02156901 0.01306802 -0.04737228 0.02798467 0.006925642 -0.04730445 0.03340178 0.0124076 -0.04745125 0.02237224 0.01480567 -0.04444646 0.02683961 0.0185427 -0.04436069 0.02799868 0.00639677 -0.04465764 0.02477335 0.006922483 -0.0443108 0.03352677 0.01391994 -0.04435265 0.02317416 0.03150367 -0.04379743 0.03260678 0.03136575 -0.04379743 0.03797209 -0.004617333 -0.04379743 0.01173943 0.03234559 -0.04409295 0.01182878 0.02822679 -0.04365551 0.006133139 0.03443688 -0.04401344 0.0198971 0.01940637 -0.04458713 0.0305767 -0.001415669 -0.04437369 -0.002077817 0.04476922 -0.04281097 0.007036983 0.02742713 -0.04403847 -0.0130034 0.03896224 -0.04379743 0.0217911 -0.004152894 -0.04425168 -0.005466699 0.0251432 -0.04423284 0.004317045 0.03060185 -0.0440061 0.02298432 -0.01513856 -0.04379743 0.01578146 -0.004436135 -0.04514575 0.02000892 0.001815438 -0.04437357 0.01150387 -0.02395278 -0.04365569 0.01269805 -0.01199364 -0.04379743 -0.01592952 0.02628898 -0.04434198 0.001571357 -0.005535602 -0.04400849 0.004881262 -0.01170659 -0.04395061 -0.02182209 0.02234971 -0.04432547 -0.01730364 0.01672083 -0.04436433 0.00112164 -0.01452076 -0.04397559 -0.02757549 0.02364158 -0.04531753 -0.01519161 0.005900382 -0.04437035 -0.01141732 5.93775e-4 -0.04508477 -0.01457446 -0.01061487 -0.04379743 -0.003577351 -0.01137363 -0.04409939 -0.02198582 0.002958714 -0.04440188 -0.02174365 -6.55143e-4 -0.04379743 -0.03127598 0.01509636 -0.04379737 -0.02523684 -0.009821891 -0.04379743 -0.03341966 0.01911598 -0.04580402 -0.01168686 0.01043742 -0.04750621 0.0168845 0.002737104 -0.04706263 -0.0337665 0.01589798 -0.03761112 -0.01314938 -0.01934969 -0.04370635 0.009052515 -0.02071523 -0.03937691 0.001345992 -0.02449178 -0.04285538 -0.004517316 -0.02351623 -0.04180115 0.003713011 0.002349913 -0.04779744 0.003188431 4.81585e-4 -0.04779738 0.001620948 0.001621663 -0.04779744 -0.03343343 0.02318376 -0.04632967 -0.03817874 0.01951766 -0.04779744 0.001499891 -0.02024179 -0.0395745 0.006246984 0.03347241 -0.05431717 0.01000422 0.02879035 -0.05442315 -0.001964628 -0.007707715 -0.05439174 0.003482043 -0.01221203 -0.05419123 -0.001488149 0.0478782 -0.05953848 -0.01949292 0.04337567 -0.05836045 2.37546e-5 0.04772955 -0.04609435 0.003469645 0.04799216 -0.04517304 0.001527786 0.04788213 -0.04808658 0.0078184 -0.02686154 -0.04476433 0.006666541 -0.0219323 -0.04634737 0.005065023 -0.02702295 -0.04697751 0.008592665 -0.02678066 -0.04715317 0.03955298 -0.001778304 -0.05230861 0.03689473 -0.007853806 -0.05945003 0.03256028 -0.01391118 -0.05233287 0.03665184 -0.008214294 -0.04369062 0.03673231 -0.008246541 -0.04135942 0.002132713 0.04290622 -0.04634726 -0.02233058 0.04400849 -0.04971855 -0.02431046 0.04448872 -0.05579048 -0.02391159 0.03708362 -0.05379736 0.01921308 0.03749042 -0.03951734 0.01225656 0.04048025 -0.03918027 -0.01064097 -0.01662778 -0.03947108 -0.012573 -0.01889568 -0.03996562 -0.04177278 -0.001172363 -0.03858733 -0.0417602 -7.93842e-4 -0.05166739 -0.033019 -0.008808434 -0.05054742 -0.03147202 -0.008673131 -0.03854727 -0.03077745 -0.00831151 -0.03854727 -0.03077745 -0.00831151 -0.05054742 -0.02954363 -0.006374955 -0.03854727 -0.0295096 -0.005592525 -0.03854727 -0.0295096 -0.005592525 -0.05054742 -0.029679 -0.004827976 -0.03854727 -0.03056985 -0.003555834 -0.05054742 -0.04329586 -0.008777797 -0.03839308 -0.04293227 -0.007441222 -0.05180734 -0.03375923 0.04510039 -0.0384373 -0.02416294 0.04141664 -0.03854727 -0.03394591 0.04352229 -0.05166739 -0.02442258 0.03547364 -0.03854727 -0.02442258 0.03547364 -0.05054742 -0.02365785 0.0356431 -0.05054742 -0.02296328 0.03600472 -0.05054742 -0.02238589 0.03653383 -0.05054742 -0.02196496 0.03719437 -0.03854727 -0.02196496 0.03719437 -0.05054742 -0.02222657 0.04018282 -0.05054742 -0.02275568 0.04076021 -0.05054742 -0.0369904 0.03758645 -0.04727363 -0.03634804 -0.006248176 -0.05230087 -0.0413143 -0.003988444 -0.05054742 -0.02853375 0.03806799 -0.05230087 -0.03073799 0.04156053 -0.05054742 -0.03350013 0.04032778 -0.05054742 -0.03727829 -0.001607537 -0.05974847 -0.03780454 -0.002018511 -0.05334728 -0.02942293 0.04438006 -0.06011378 -0.03019171 0.04238039 -0.05334728 -0.03704988 0.02591896 -0.04549729 -0.03473317 0.02112084 -0.04549729 -0.03212606 0.01225614 -0.05504775 -0.03959995 0.0114572 -0.05637443 -0.03840154 0.01825344 -0.05614453 -0.03052848 0.02131706 -0.05504798 -0.03754442 0.02238214 -0.05077815 -0.03723651 0.02486121 -0.05494868 -0.03907346 0.01362782 -0.05018371 0.03002047 0.0405488 -0.05941087 0.02796155 0.02736496 -0.05896627 0.03200989 0.007774412 -0.05954742 0.02518844 0.02124631 -0.05940181 0.03079473 0.002303242 -0.05643421 0.02104097 0.0246129 -0.05934351 0.01294416 0.02465552 -0.06123572 0.02153831 0.01093536 -0.06071269 -0.002515196 0.02630865 -0.06090492 0.02528631 0.006714046 -0.05954718 0.02182644 -0.007449746 -0.0589739 -0.006860911 0.03350085 -0.05895841 0.02552819 -0.02186369 -0.05944561 0.009815514 -0.006254196 -0.06130409 -0.01378279 0.03075248 -0.05935239 -0.00962913 0.02739256 -0.05939024 0.01490461 -0.0102052 -0.0593388 0.01904958 -0.01356482 -0.05939024 -0.01239323 0.01220792 -0.06070053 -0.03453618 0.03534996 -0.05960202 -0.002509534 -0.0271995 -0.05947107 -0.01268506 -0.005975902 -0.05901622 -0.007504522 -7.01865e-4 -0.0612657 -0.01777541 -3.57781e-4 -0.05935168 -0.01929801 -0.005395412 -0.05939763 -0.04258686 -0.00955224 -0.05971187 0.03205138 0.007646262 -0.05345183 0.02622324 0.006734967 -0.05283772 0.02149718 -0.005288958 -0.05154728 0.01710605 -0.01509845 -0.05154728 0.0142945 -0.007658958 -0.05154728 -0.01427733 0.001149058 -0.05154728 -0.01104348 -0.007300138 -0.05154728 -0.02169936 -0.003953456 -0.05154728 0.02973848 0.02638423 -0.05154728 0.02531594 0.01938873 -0.05154728 0.02081203 0.02922409 -0.05154728 -0.008072197 0.03585988 -0.05154728 -0.005871117 0.02689605 -0.05154728 -0.01562231 0.03068989 -0.05154728 0.01283985 0.04447931 -0.04294937 0.01105827 0.04764622 -0.03871417 0.009019374 0.04603075 -0.04239803 0.007150113 0.04114788 -0.03957539 -2.81366e-4 0.04111564 -0.03915703 -0.02964413 -0.01183116 -0.05830103 -0.03184384 -0.01198709 -0.04994201 -0.03484249 -0.01153314 -0.05283528 -0.02249294 -0.01417118 -0.03824859 0.02006763 0.002324283 -0.04732036 0.02526223 0.006620109 -0.04717284 0.02933526 0.003431558 -0.0481618 0.02150481 -0.003289282 -0.04771554 0.03029406 -0.001650691 -0.0474466 0.02576887 -0.006161987 -0.04637414 -0.01838529 0.02487933 -0.05129736 -0.01566481 0.01815474 -0.05129688 -0.02085107 0.01089507 -0.05129736 -0.0181306 0.004170477 -0.05129688 -0.01243859 0.02019357 -0.04729264 -0.0185818 0.01660156 -0.04741567 -0.02111095 0.02371692 -0.04730206 -0.02123945 0.002797245 -0.04736185 -0.02368545 0.009812235 -0.04730772 -0.01548945 0.02667671 -0.04731953 -0.01463317 0.005593955 -0.04715794 -0.01727247 0.01221495 -0.04728358 0.02212566 -0.004007816 -0.05313783 -0.03130108 -0.004824399 -0.05379736 -0.0122925 0.02068501 -0.04439657 -0.0168249 0.0117979 -0.04426616 -0.02338695 0.009897291 -0.04439717 0.02468782 0.002341032 -0.05410581 -0.03383719 0.02052909 -0.05059278 -0.00344628 -0.01957613 -0.03915506 0.002819478 0.001524627 -0.05279278 -0.03364664 0.03893798 -0.05334728 -0.04094499 -0.005614876 -0.05334728 -0.030043 0.02458596 -0.03781455 -0.002369761 -0.02677851 -0.0386517 0.02395349 -0.01313483 -0.05154728 -0.01229006 0.04290515 -0.03824979 -0.02107357 0.0349605 -0.0385937 -0.00297451 0.04622042 -0.03823018 0.003070175 0.04544138 -0.04233413 0.02609205 0.04082441 -0.03815484 0.02109682 0.04088944 -0.04269057 0.027175 -0.01931947 -0.03814351 0.0409286 0.001564264 -0.03803235 0.03862035 0.02538806 -0.03829932 0.0118913 -0.02521234 -0.03832894 -0.02818453 -0.003469586 -0.03854727 -0.03693747 -0.00363928 -0.04867941 -0.03882431 -0.004711031 -0.03874737 -0.03717273 -0.00564152 -0.04724735 -0.04098564 -0.00456804 -0.0483635 -0.03924661 -0.006694853 -0.05054742 -0.0385521 -0.002755582 -0.05054742 -0.04276859 -0.007089257 -0.05054742 -0.0417267 -0.00118041 -0.05054742 -0.03223669 -0.008842587 -0.05054742 -0.02954363 -0.006374955 -0.05054742 -0.03147202 -0.008673131 -0.05054742 -0.03020006 -0.00778234 -0.05054742 -0.02977925 -0.007121801 -0.05054742 -0.03197711 -0.002899587 -0.05054742 -0.03123033 -0.003135085 -0.05054742 -0.029679 -0.004827976 -0.05054742 -0.03004074 -0.004133284 -0.05054742 -0.04224747 -0.004134833 -0.0389468 -0.04133296 -0.001249969 -0.03854727 -0.03056985 -0.003555834 -0.03854727 -0.02977925 -0.007121801 -0.03854727 -0.04237473 -0.007158756 -0.03854727 5.07401e-4 0.04787373 -0.04565626 0.003324449 0.04799145 -0.04723691 0.002146184 0.04315996 -0.04636895 -0.03134876 0.04134988 -0.04724735 -0.03101015 0.03960508 -0.03874737 -0.0291078 0.03889709 -0.0481618 -0.03330838 0.03961867 -0.04839736 -0.03143244 0.0376212 -0.05054742 -0.03495442 0.03722691 -0.05054742 -0.03391253 0.04313576 -0.05054742 -0.02520483 0.03550767 -0.05054742 -0.02172946 0.03794115 -0.05054742 -0.02416294 0.04141664 -0.05054742 -0.02341616 0.04118102 -0.05054742 -0.02186495 0.03948813 -0.05054742 -0.02169543 0.03872352 -0.05054742 -0.03443366 0.04018133 -0.03894788 -0.03456062 0.03715729 -0.03854727 0.03380012 0.01136386 -0.05502998 0.0403307 0.01304656 -0.04819071 0.03232699 0.01971787 -0.04806476 0.03903657 0.0216391 -0.05164641 0.03969436 0.01515215 -0.05564165 -0.03436446 0.03896862 -0.0564087 -0.02828723 0.03678721 -0.05632984 -0.0299223 0.04324525 -0.05637824 -0.03166055 0.03633135 -0.05334746 -0.02829188 0.03987234 -0.05334734 -0.03220415 0.0425778 -0.05334746 -0.02941292 0.0382027 -0.04734694 -0.03092348 0.04142129 -0.04734718 -0.03308498 0.03966164 -0.04734712 -0.0311219 0.03960865 -0.03972077 0.006715238 -0.02218192 -0.04632562 0.007355332 -0.02701288 -0.04767328 0.006756305 -0.02694571 -0.04466187 0.008455574 0.07706129 0.1445831 0.008376359 0.07781445 0.1338816 0.02369999 0.07600873 0.1336845 0.02320754 0.07473629 0.156587 0.008461117 0.07643228 0.1565411 0.02350026 0.07521003 0.1451671 0.009640812 0.08927369 0.1079557 0.008918762 0.08117318 0.1079692 0.01052606 0.08888226 0.1564654 0.02530598 0.08632147 0.1564208 0.0248754 0.08387964 0.1096221 0.01158672 0.08253282 0.0766229 -0.004138827 0.05280536 0.07665264 0.001402318 0.05128711 0.07665264 -5.27692e-4 0.06317865 0.07665264 -1.69499e-4 0.05607604 0.07870978 7.24486e-5 0.06798833 0.07665264 0.003753006 0.06445449 0.07841128 -0.001897573 0.09130805 0.07714807 0.004945755 0.06641334 0.08653956 0.001487255 0.05090004 0.08665263 -0.001985549 0.05145192 0.08665263 0.002992749 0.06720811 0.07965266 -0.001277446 0.06478685 0.07965266 -0.003029286 0.05307406 0.07965266 0.001015841 0.0516377 0.07965266 -0.001217663 0.05550366 0.08665263 -2.54459e-4 0.06405138 0.08665263 -0.003381431 0.07135045 0.08680462 0.001774191 0.067492 0.08665263 -0.007452368 -0.0556069 0.1340185 -0.01489269 -0.05464148 0.1337699 -0.01445561 -0.05361694 0.1434766 -0.01429438 -0.05356878 0.1467419 -0.002195775 -0.05623567 0.1552016 2.56942e-4 -0.05778861 0.1454231 -0.01449453 -0.05375814 0.1565588 2.73351e-4 -0.06849646 0.1074735 -2.76609e-4 -0.0601716 0.1079692 -3.81167e-5 -0.058191 0.1336621 -0.001883924 -0.06788074 0.1564654 -0.01665896 -0.06529301 0.1564726 -0.01623338 -0.06287801 0.1096238 -0.002944588 -0.0615313 0.0766229 0.01189708 -0.03033012 0.07665264 0.006608903 -0.032494 0.07815265 0.007409572 -0.04178744 0.07832568 0.01102328 -0.03482216 0.07665264 0.00964117 -0.04559582 0.0785911 0.004806339 -0.04529976 0.07908594 0.007923781 -0.06984543 0.07665264 0.005193829 -0.0465641 0.08656591 0.005368888 -0.02674692 0.08665263 0.01169496 -0.03245931 0.08665263 0.01118832 -0.03429865 0.07965266 0.009488344 -0.02995598 0.07965266 0.009169936 -0.03058475 0.08665263 0.01050126 -0.04645407 0.08653157 0.007764279 -0.03381234 0.08665263 0.005516946 -0.04319494 0.08665263 0.009194135 -0.07083123 0.02808523 0.003850221 -0.06975197 0.02343553 0.005981266 -0.06950384 0.03170859 -0.00102967 -0.0688185 0.02637004 0.001512408 -0.06871664 0.03299242 0.002679109 -0.06892126 0.03069812 0.004778563 -0.06502628 0.02927762 0.008978307 -0.06303519 0.02625113 0.006197988 -0.06249678 0.02575081 0.004308402 -0.06218624 0.02473127 0.004999399 -0.06242531 0.02809989 0.001610934 -0.06172275 0.02657651 0.005052566 -0.06243485 0.02953058 0.005951106 -0.06259322 0.0314067 0.004124581 -0.06227099 0.03103256 0.001071929 -0.06163734 0.02800333 0.002821862 -0.06468152 0.03278374 1.19658e-4 -0.06420445 0.02708733 0.004055678 -0.06489908 0.02841299 0.004854798 -0.06503999 0.02411174 0.00912404 -0.06579232 0.0292927 0.001801967 -0.06981003 0.0343123 0.001124322 -0.05916953 0.0241484 0.009781122 -0.06056499 0.0244919 0.009646236 -0.06069302 0.03312093 0.001233458 -0.05906075 0.03279322 0.001362502 -0.05298882 0.03562617 0.01000607 -0.05508321 0.03607034 -1.18219e-4 -0.05337113 0.02076083 2.93843e-4 -0.05337053 0.0250405 -2.09571e-4 -0.05098581 0.02684503 -0.002679109 -0.05164295 0.02122604 0.0210238 -0.0551052 0.009140312 0.02114444 -0.05345016 0.004990756 0.01676875 -0.05467933 0.006554603 0.01405829 -0.05288404 0.01609963 0.009976267 -0.05215293 0.01638817 -0.005113244 -0.04847109 0.002072632 0.005164086 -0.05070734 0.002028822 0.01261913 -0.05517894 0.02213424 -0.004469573 -0.04865318 0.004186093 -0.007493019 -0.05066496 0.007775545 -0.00748372 -0.0480858 0.004508733 -0.01724582 -0.04674434 0.002028822 8.58764e-4 -0.05164229 0.01420336 -0.01338356 -0.04914867 0.01543891 0.02091902 -0.05374348 0.05250024 0.01463884 -0.05489516 0.03283309 0.02062815 -0.05551105 0.04840749 0.006391525 -0.05317783 0.03937882 -0.01060932 -0.0494405 0.02146035 0.006543874 -0.05167299 0.04385936 0.01648926 -0.05423641 0.04932075 -0.03320693 -0.04400676 0.004913568 -0.0293343 -0.04661917 0.006851136 -0.02021586 -0.04949826 0.01964747 0.006383061 -0.05154949 0.04698288 0.001549899 -0.05091702 0.0405451 -0.03352504 -0.04573869 0.008920788 7.48735e-4 -0.05064839 0.0436719 -0.02601742 -0.045852 0.01635205 9.93632e-4 -0.05057847 0.04628336 0.006898403 -0.05160701 0.04939955 -0.01083093 -0.05033016 0.03286278 -0.004134476 -0.04976946 0.04370462 9.29163e-4 -0.05056017 0.04893505 -0.006696283 -0.04949605 0.0411545 -0.004380941 -0.04962462 0.04689371 -0.02679717 -0.0470069 0.02390938 -0.009677588 -0.04886174 0.04354363 -0.01621967 -0.04776781 0.04199957 -0.01446634 -0.04793941 0.04557889 -0.009840965 -0.04869091 0.04895156 -0.009772777 -0.04866623 0.04590851 -0.0207206 -0.047037 0.04215234 -0.01547527 -0.04767733 0.04867416 -0.02806645 -0.04793852 0.03204154 -0.02088838 -0.04675143 0.04644328 -0.02950245 -0.04642671 0.04823207 -0.03379476 -0.04505825 0.05146133 -0.03392273 -0.04324501 0.0519762 0.02639901 -0.05459237 -0.006345093 0.02603548 -0.05427056 0.06110364 -0.03691172 -0.04319083 -0.006347239 -0.03829687 -0.04273593 0.06080293 -0.03406256 -0.004426062 0.05874902 0.04286241 0.0253998 0.05874896 0.03537875 -0.01609563 0.05848217 -0.02658027 0.03706967 0.05848217 0.04791337 0.05722945 0.07110911 0.04288417 0.02357727 0.06866961 0.03585857 -0.01623392 0.06810599 0.02941203 -0.04883283 0.07099509 0.02337521 -0.05416053 0.07402539 0.02185726 -0.04485857 0.07574903 0.03862643 0.05841916 0.07646763 0.04639393 0.06369549 0.07268387 0.0114448 -0.05299156 0.07292342 0.03356212 0.06794559 0.06887078 -0.01457548 0.07513427 0.07402539 -0.01718759 0.07525438 0.06110733 -0.002645015 0.07396525 0.07292336 0.01927435 0.06980496 0.0685997 0.008504629 0.07170403 0.07065463 0.007604539 0.07144969 0.0761016 0.01956266 0.06730705 0.07622665 0.04718291 0.06373041 0.06079906 -0.002174437 0.009995698 0.0708546 0.01097416 0.01097786 0.0708546 0.008740186 0.01781737 0.06227529 -0.02468329 -0.04693347 0.06936854 -0.0106315 -0.04591798 0.07624608 -0.003909826 -0.04659485 0.07615274 0.001178383 -0.05057007 0.07608574 -0.001243591 -0.01225817 0.07615244 -0.003612577 -0.03931033 0.07615244 0.005156934 0.006538391 0.0763207 0.004148066 -0.008063197 0.07615274 0.001420438 -0.00647962 0.07408791 0.00687021 0.0275824 0.07397741 0.007212221 0.01363861 0.07623314 0.005152583 0.03147798 0.07414197 0.01004338 0.03323197 0.07615244 0.0124123 0.06028413 0.07615244 0.01270961 0.06756865 0.07615274 2.94971e-4 -0.05073028 0.07065469 -0.03859221 -0.04259371 0.07229292 -0.03007239 -0.03718876 0.07632762 -0.03962993 -0.0356608 0.0707556 -0.02061229 0.06980663 0.07099497 -0.01305723 0.06583237 0.07574725 -0.01047545 -0.04883098 0.0685991 0.01182097 0.006370127 0.06170612 0.005115449 0.004879057 0.07068842 -0.034074 -0.002605199 0.06866967 -0.02706539 0.03720873 0.06810599 0.02907365 -0.04089617 -0.004471242 0.02510631 -0.04478061 -0.004941344 0.03300005 -0.03521859 -0.00614047 0.01939702 -0.04824602 -0.00553143 0.01220786 -0.05045235 -0.006348431 0.02347075 -0.03809338 -0.004394769 0.01601517 -0.04436546 -0.004987001 -0.021761 -0.03977292 -0.005030274 -0.02718418 -0.04350644 -0.00634849 -0.03329515 -0.03470766 -0.006347119 -0.02611565 -0.03707307 -0.004917919 -0.03118669 -0.02768874 -0.004757523 -0.03637534 -0.03522169 -0.006346762 -0.03810435 -0.02265828 -0.006137669 0.04690414 0.04363203 -0.006137669 -0.02420026 0.05619233 -0.00614047 0.03976809 0.0482614 -0.00634855 0.04261994 0.05478447 -0.005084156 0.04517507 0.05619537 -0.006346762 0.04559653 0.06405991 -0.006347239 0.03130918 0.05787622 -0.006348431 0.0360096 0.06342899 -0.004889965 0.03149819 0.0636937 -0.00481677 -0.005429387 0.0644657 -0.003695785 -0.003752708 0.07061487 -0.005089163 -0.01059722 0.06921982 -0.00553143 -0.01445627 0.05869984 -0.006348133 -0.01630651 0.06575435 -0.004941344 -0.01973038 0.06462329 -0.004077613 -0.01611995 0.07508593 -0.005001068 0.03160655 0.001975357 -0.005848944 0.03695315 0.006649315 -0.004599869 0.03252232 0.008340597 -0.004679501 -0.02752995 0.01327878 -0.004784524 -0.02244162 0.01750296 -0.004778563 -0.0268256 0.01857775 -0.004635214 -0.006664037 0.0741558 0.0237385 -0.006726861 0.07415676 0.04770427 0.036632 0.06651133 0.02380055 0.03657066 0.06652057 0.04776632 -0.00302118 0.01460337 0.06170612 5.95731e-5 0.003156125 0.06227529 -0.01131701 -0.05136054 0.02377766 -0.02119708 -0.05030405 0.03799307 -0.0115084 -0.0526508 0.02790212 -0.01764261 -0.04929089 0.03559172 -0.0206288 -0.05390733 0.0208733 -0.02815604 -0.05287903 0.02758544 -0.01665985 -0.06119775 0.03317183 -0.01620125 -0.06131243 0.02423316 -0.02499765 -0.05873149 0.02326482 -0.02817815 -0.05938136 0.02823901 -0.03447258 -0.03552824 -0.001346766 -0.033037 -0.04052799 -0.001347243 -0.0367664 -0.04019206 -0.001347064 0.04556626 0.06116575 -0.001347064 0.04327237 0.05650198 -0.001346766 0.04183673 0.06150168 -0.001347243 0.02681297 -0.05087494 -0.002546966 0.02262735 -0.05163949 -0.002553582 0.02461558 -0.04594713 -0.00134617 -0.01914888 0.07006955 -0.002458393 -0.01537132 0.07280045 -0.00134617 -0.01393568 0.06780076 -0.001347184 0.03428763 0.001616954 -0.002845764 -0.02366763 0.01272064 -0.00464344 0.01216906 -0.04456698 -0.004386603 0.01488888 -0.05081081 -0.002845942 -0.01594346 0.0650773 -0.004984915 -0.01663911 0.05832177 -0.002845942 -0.00813055 0.07072448 -0.004347085 0.0339902 0.05751782 -0.002845942 0.0261262 -0.04466885 -0.002845942 -0.02450317 -0.0438649 -0.002845942 -0.03638976 -0.02914595 -0.004881203 -0.03296208 -0.0342499 -0.002845942 0.03986078 0.05422747 -0.002847611 0.04244911 0.04790288 -0.002845942 0.02414625 -0.04600858 0.06181436 0.02684032 -0.05044549 0.06076753 0.02156096 -0.04951453 0.06083738 0.04634255 0.06005996 0.06084197 0.04379284 0.05641704 0.06187862 0.04104775 0.06100034 0.06076753 -0.01285487 0.07079964 0.06081491 -0.01420676 0.06742131 0.06204694 -0.01852762 0.070378 0.0608024 -0.0342226 -0.03578943 0.06080245 -0.03224796 -0.0400266 0.06076753 -0.03752726 -0.03909569 0.06083738 0.04565858 0.06286811 0.06385111 0.04014319 0.06045186 0.06385195 -0.03330326 -0.03498727 0.06415134 -0.03287857 -0.0411126 0.0641517 -0.03744924 -0.04070574 0.06415164 -0.01420187 0.07334136 0.06415134 -0.01834797 0.06762301 0.06415164 0.02714771 -0.04664909 0.06415164 0.02300167 -0.05236756 0.06415134 0.003684103 0.01609444 0.07068842 0.01679736 0.06540232 0.05965268 0.01220196 0.06034427 0.05965149 0.01217555 0.06641942 0.06185972 -0.003402173 -0.03937047 0.05965149 -0.003048479 -0.04533445 0.06188219 -0.007949113 -0.04445433 0.06116861 0.01085633 0.03025215 0.07325166 0.00787276 0.03018295 0.06125193 0.001689374 -0.01203328 0.07325226 -0.001061022 -0.007229626 0.07325202 9.26883e-4 -0.009209215 0.06125193 0.03351277 0.002616345 -0.005754292 0.0259031 -0.04381066 -0.005339801 0.02833509 -0.03966552 -0.00550276 0.02302372 -0.04007732 -0.005454897 0.0165708 -0.04928886 -0.005401015 0.01219415 -0.04848432 -0.005341708 -0.02626341 -0.04275178 -0.005485117 -0.03318524 -0.03339171 -0.00533986 -0.03074693 -0.02925157 -0.005497097 -0.01470339 0.06035834 -0.005367577 -0.01957607 0.06064033 -0.005493581 -0.003971338 0.06585329 -0.005375981 -0.008096098 0.06679117 -0.005343437 0.03432291 0.05855697 -0.005756497 0.04486203 0.05062741 -0.005457401 0.03954684 0.05022519 -0.005497097 0.01215392 0.06117761 0.06241327 0.01676046 0.06380057 0.06242024 -0.005075216 -0.03983408 0.06262588 5.06944e-4 0.01142615 0.07614731 0.004399776 0.01048678 0.07145112 -0.0045951 -0.04052674 0.003652393 -0.008215427 -0.05315047 0.01595389 -0.006540775 -0.05349034 0.01438844 -0.01133877 -0.04847347 0.02633249 0.008740186 -0.05201649 0.02117806 -0.01502722 -0.05823379 0.02865672 -0.02530378 -0.05305701 0.02688205 -0.02090996 -0.05387091 0.02341032 -0.01610326 -0.05464148 0.0257501 -0.01544284 -0.05480128 0.03140836 -0.01872462 -0.05406993 0.03456205 -0.02405875 -0.05314409 0.03195941 -0.02416247 -0.05925732 0.03469443 -0.0174387 -0.05380296 0.03154385 -0.01890331 -0.06262964 0.03032255 -0.02397269 -0.06177461 0.03105252 -0.02598804 -0.06122308 0.02820205 -0.01831609 -0.06261408 0.02807611 -0.02013999 -0.06209754 0.02769255 -0.02125853 -0.06208151 0.02523237 -0.02311342 -0.06123632 0.02876144 -0.02173531 -0.0616731 0.02742284 -0.02173966 -0.06197613 0.03233212 -0.02059578 -0.0549674 0.03115242 -0.02305781 -0.0545333 0.02865242 -0.02059578 -0.0549674 0.02615243 -0.01813381 -0.05540174 0.02865242 -0.02059578 -0.0549674 0.02865242 0.008647084 -0.06294548 0.02803879 0.007430732 -0.0627923 0.03204941 0.003158509 -0.06189763 0.02827787 0.002529263 -0.06194514 0.03185677 0.00697422 -0.06733703 0.02956247 0.001285672 -0.06734937 0.02956241 0.002336382 -0.06753474 0.02627247 0.00574994 -0.06813657 0.02627241 -0.003779053 -0.04100185 0.05585199 -0.006174981 -0.04438334 0.05585199 -0.004976987 -0.04269266 0.05935394 0.01497483 0.06535714 0.05585199 0.01257878 0.06197565 0.05585199 0.01377677 0.0636664 0.05935394 -0.02547055 0.01384526 -0.001847326 -0.02341258 0.01678621 -0.001640856 -0.02639865 0.01731276 -0.002053797 0.04177916 0.04971235 -0.001847326 0.04383707 0.05265331 -0.001640796 0.04085117 0.05317986 -0.002053856 0.03188592 0.06009697 -0.001801669 0.03519332 0.06028783 -0.001811683 0.03432035 0.0629543 -0.001927554 -0.006071805 0.06627333 -0.001847326 -0.004013836 0.06921422 -0.001640856 -0.00699985 0.06974077 -0.002053797 -0.01765662 0.06020617 -0.001927554 -0.01522201 0.06306338 -0.001801669 -0.01852947 0.06287276 -0.001811683 -0.03363204 -0.03244042 -0.001847326 -0.03157413 -0.02949947 -0.001640796 -0.03456002 -0.02897304 -0.002053856 -0.02517312 -0.0420553 -0.001847326 -0.02311515 -0.03911441 -0.001640856 -0.02610123 -0.03858792 -0.002053797 0.01421892 -0.04900127 -0.001847326 0.01627695 -0.04606038 -0.001640856 0.01329088 -0.04553383 -0.002053797 0.02545619 -0.04285931 -0.001847326 0.02751415 -0.0399183 -0.001640796 0.0245282 -0.03939187 -0.002053856 0.03221243 0.004187285 -0.001640856 0.03519839 0.003660738 -0.002053797 0.03427034 0.007128238 -0.001847326 -0.03370958 -0.001294255 0.06896996 -0.03435504 -0.004945456 0.06076109 -0.02809119 0.03094333 0.05902153 -0.02674496 0.03809767 0.06265419 -0.02726107 0.03521889 0.0687834 -0.03343307 7.51346e-4 0.06300073 -0.03295767 0.003471314 0.06438004 -0.03208982 0.008438348 0.06357508 -0.03104126 0.01435226 0.0657528 -0.03090065 0.01517939 0.06133669 -0.02869707 0.02757781 0.06718778 -0.0296424 0.02230656 0.06388878 -0.02823078 0.03030472 0.06253385 -0.02818948 0.03046095 0.06489521 0.04309189 0.02566945 0.06702858 0.04260212 0.0226137 0.05863356 0.03689092 -0.009969353 0.05902159 0.0361703 -0.0141344 0.06025713 0.03585153 -0.01533031 0.06829965 0.04223293 0.02022224 0.06300073 0.04175734 0.01750224 0.06437999 0.04088944 0.01253521 0.06357508 0.03984099 0.006621241 0.06575274 0.03970104 0.005793988 0.06133669 0.03723037 -0.008008718 0.06559133 0.03844231 -0.001332819 0.06388878 0.03700113 -0.009494841 0.06262153 0.01001757 0.0709297 0.06774622 -0.005034506 0.00250405 0.07191193 -0.01713943 0.004638314 0.06774622 -0.004325628 0.07354193 0.07398694 -0.01453721 0.004327297 0.0765748 0.002617955 0.06897485 0.07456463 0.005072891 0.06767785 0.07650786 -0.00114274 0.05775254 0.07481843 -8.46005e-4 0.06731623 0.07497644 -0.002151548 0.0537914 0.07477712 9.38336e-4 0.05273109 0.07634097 -0.003004312 0.04598695 0.07474482 6.98876e-6 0.04326087 0.07528764 -0.004276514 0.0339502 0.07457685 -0.003710627 0.0414946 0.07513105 -0.006840884 0.03100621 0.07468545 -0.002855956 0.02974534 0.07553601 -0.007096648 0.02242612 0.07478147 -0.00456494 0.01854294 0.07539975 -0.008307099 0.01065218 0.07524591 -0.007159948 0.004915297 0.07658219 -0.008680045 0.01857495 0.07506364 -0.01046901 0.007117092 0.0741862 0.002437472 0.07024616 0.07177078 0.002677321 0.07222384 0.07354903 0.001685559 0.07239878 0.07227808 -0.009284615 0.003253102 0.07357776 -0.009518921 0.005587041 0.07180392 -0.008814394 0.008049249 0.06571269 0.002846956 0.06588894 0.07376486 0.001689553 0.06751865 0.06571477 0.001822352 0.05643332 0.07396203 -4.35093e-4 0.05551016 0.06571352 -0.002519011 0.04369282 0.06571352 -0.004602372 0.03187495 0.06571352 -0.006686389 0.02005755 0.06571352 -0.007088601 0.007894694 0.07377439 -0.001217842 -0.04995578 0.06831675 0.01403081 0.01845973 0.07507818 0.01141589 0.01889616 0.06393706 0.02530825 0.01652407 0.07410079 0.01410603 -0.05265778 0.06774622 0.01123213 -0.05200392 0.07656967 0.00779283 -0.04810339 0.07429713 0.00372678 -0.04670399 0.07650792 0.009942531 -0.0367788 0.07481837 0.008858263 -0.04466801 0.07498687 0.01095134 -0.03281766 0.07477712 0.007861316 -0.03175735 0.07634097 0.0133394 -0.02505284 0.07626092 0.009251356 -0.02138608 0.0751959 0.01161491 -0.01988798 0.07651633 0.0130763 -0.01297646 0.07457685 0.01564067 -0.01003253 0.07468545 0.0116558 -0.008771598 0.07553607 0.01589643 -0.001452386 0.07478147 0.01336473 0.002430617 0.07539969 0.0170415 0.01033258 0.07526153 0.01699179 0.01486772 0.07496249 0.01747983 0.00239861 0.0750637 0.0198118 0.0126332 0.07486015 0.005569577 -0.05115264 0.07211804 0.006122231 -0.05125004 0.07354903 0.006972789 -0.04930543 0.07194381 0.01808434 0.01772046 0.07357782 0.01831865 0.01538676 0.07180398 0.01761329 0.01292294 0.06571316 0.007106363 -0.04654347 0.0657131 0.005325913 -0.04676121 0.07381701 0.0069772 -0.03545957 0.07396203 0.009234666 -0.03453677 0.06571346 0.0129733 -0.02140843 0.07396608 0.01096826 -0.02453953 0.07364147 0.01131856 -0.02271908 0.06571352 0.01340299 -0.01090127 0.06571346 0.015486 9.16137e-4 0.06571352 0.01589107 0.01308542 0.07377845 0.03104066 0.008479595 -0.009567737 0.0168848 0.01071369 -0.006347715 0.02906078 0.02825176 -0.01676851 0.03447467 0.003287971 -0.01674073 0.03486263 0.007909774 -0.01819056 0.006463944 0.0421366 -0.01658672 0.01372808 0.01537328 -0.01690632 0.01724517 0.02291804 -0.01559239 0.02540147 0.007422149 -0.02044832 0.01953858 0.01024317 -0.01684755 0.01114374 0.004272937 -0.01697695 0.01627063 0.006651878 -0.01684737 -0.002343893 0.01670074 -0.01698678 -0.001745462 0.02326416 -0.0162248 0.01492202 -4.45424e-4 -0.01534658 -0.01297813 0.03494566 -0.01677727 0.02177786 -0.01397198 -0.01677727 -0.005566656 0.01955008 -0.01548141 0.009806692 -0.001148998 -0.01591849 0.002335667 -0.02116286 -0.01658678 -0.02732747 0.0160799 -0.01664561 -0.00492835 0.005600273 -0.01690632 -0.005732059 5.17406e-4 -0.01589542 -0.02026104 -0.007277965 -0.01676857 0.0162267 0.005841135 -0.006347298 0.02948427 0.002964794 -0.009735226 0.04546391 0.05896955 -0.006347119 0.04847133 0.06443637 -0.006347358 0.04243612 0.06090658 -0.006347358 0.04418444 0.05643665 -0.006347358 0.003909289 0.06584453 -0.006347298 0.02730333 0.03193575 -0.006347894 0.03129339 0.02207559 -0.006347298 -0.01729035 0.07539087 -0.00634706 -0.02007615 0.07065445 -0.007527053 0.002487361 0.0209468 -0.006347835 0.01086974 0.02225935 -0.006347358 -0.007188618 0.03738033 -0.006347358 0.02545237 -0.009038388 -0.006347239 0.03377532 0.005219042 -0.006347179 -0.01329481 0.06623184 -0.007733225 0.003589212 0.0133568 -0.006944358 0.006677389 0.01089841 -0.006941437 -0.01704901 0.03339028 -0.006347954 0.001169145 0.0115475 -0.006750881 0.006346344 -0.001900374 -0.006347119 0.005210459 0.007616698 -0.006944298 0.02891224 -0.04968672 -0.007488369 0.0190702 -0.01785504 -0.006347656 -0.0124424 0.009370148 -0.006347417 -0.001534759 -4.74095e-4 -0.006347477 0.02209466 -0.04525804 -0.007733225 0.02609014 -0.05441707 -0.00634706 0.004890263 -0.04487067 -0.006347298 -0.03677326 -0.03714662 -0.006347358 -0.01986843 -0.0107879 -0.006346583 -0.03281134 -0.03843635 -0.006347298 -0.03808993 -0.04042309 -0.006347537 0.04579502 0.06149351 -0.01634705 0.002106487 0.0684753 -0.01184755 -0.01851183 0.07631057 -0.01634728 0.006293416 0.07030403 -0.01184725 -0.01812165 0.06939101 -0.01634722 -0.04024082 -0.04306548 -0.01634728 0.006693005 -0.04750162 -0.01184755 0.02481609 -0.05298584 -0.01634728 0.002506136 -0.04933011 -0.01184725 0.02682942 -0.04921591 -0.0163474 0.0463531 0.05887269 -0.01634734 0.04148268 0.05967152 -0.01634746 0.006035208 0.06959068 -0.01634734 0.003410279 0.07042235 -0.0163474 0.004704654 0.06823158 -0.01634734 -0.01383441 0.0691868 -0.0163474 -0.01539129 0.07161241 -0.01634734 0.02337652 -0.04745292 -0.01634728 0.005389332 -0.04944854 -0.0163474 0.004094958 -0.04725778 -0.01634734 0.002764344 -0.04861694 -0.01634734 -0.03449249 -0.03671628 -0.01634734 -0.03293573 -0.03914189 -0.01634734 -0.03655099 -0.03921347 -0.0163474 0.006923019 0.06705355 -0.01184731 0.001876652 -0.04607969 -0.01184731 0.02927964 0.02004998 -0.01351886 0.02922278 0.02996766 -0.01336848 0.02065622 0.02978068 -0.01344704 0.0125035 0.02110123 -0.01424992 0.0153917 0.0122711 -0.01424729 0.02132362 0.01874184 -0.01340448 -0.01273357 -0.009703755 -0.01339727 -6.71424e-4 0.002653837 -0.01424795 -0.01252377 0.002231717 -0.01342147 -0.01901376 0.003084838 -0.01362866 -0.0114032 -0.002874791 -0.01378238 -0.02215814 -0.006079316 -0.01358097 0.02483379 -0.01341235 -0.01376342 0.01466888 0.004776358 -0.01424759 0.01333653 -0.006865918 -0.01361536 0.01403617 -0.01507347 -0.0134378 -0.005402207 0.03538405 -0.01349753 -0.01276141 0.03677958 -0.01326864 -0.01630461 0.03116708 -0.01351511 0.002615392 0.02147865 -0.01424729 -0.004536807 0.02783966 -0.01361536 -0.009982705 0.02493721 -0.0134679 0.02464407 0.02869606 -0.01324224 0.0276699 0.02262711 -0.01330953 -0.006304621 0.02983522 -0.01317632 -0.01353198 0.03023952 -0.01360726 -0.01188659 0.03412008 -0.01324003 0.02233177 -0.00926572 -0.01360726 0.02068644 -0.01314634 -0.01324003 -0.01584428 -0.007722318 -0.01324224 -0.01887011 -0.001653313 -0.01330953 0.02179914 0.02293825 -0.01346129 0.01510441 -0.008861482 -0.01317632 0.02122873 -0.04895287 -0.009248793 0.02556705 -0.05156683 -0.009248495 -0.01676708 0.07254076 -0.009248495 -0.01242887 0.06992661 -0.009248793 0.0220254 -0.004532516 -0.01264488 -0.01889187 7.67196e-4 -0.006752789 -0.01086628 -0.004958033 -0.006598651 -0.0192126 -0.007709383 -0.006714105 -0.01349586 -0.005555212 -0.02287721 -0.01871359 -0.002185881 -0.02287721 -0.01321917 0.03506654 -0.006877005 -0.01345705 0.0272293 -0.006597697 -0.004666268 0.03053718 -0.006563782 -0.007348656 0.02930676 -0.02287721 -0.01256632 0.0326761 -0.02287721 0.01406234 -0.01114594 -0.006815373 0.02376967 -0.008110821 -0.006638288 0.01731073 -0.005507469 -0.006826996 0.01965433 -0.01513904 -0.006854474 0.02136617 -0.01170235 -0.02287721 0.0161485 -0.008332967 -0.02287721 0.0293315 0.02218967 -0.006549417 0.0228163 0.02987051 -0.006647169 0.02094078 0.02145034 -0.006884217 0.02751332 0.02315962 -0.02287721 0.02229571 0.02652895 -0.02287721 -0.00910598 0.02185386 -0.01714593 0.01535373 0.02346092 -0.01714783 -0.006554126 -0.002487063 -0.01714783 0.01790583 -8.80205e-4 -0.01714593 -0.009200096 0.01927101 -0.02270311 0.003251492 0.02656447 -0.02265042 0.01863616 0.01908636 -0.02274549 0.018 0.001702725 -0.02270311 0.005548357 -0.005590677 -0.02265042 -0.009836435 0.001887261 -0.02274549 0.02620202 0.007102072 -0.009918153 0.02899318 0.003901243 -0.0214861 0.006215691 0.01016658 -0.009497344 0.00277251 0.01188081 -0.00814718 0.002393841 0.009733378 -0.01084756 6.11394e-4 0.01753675 -0.01134634 -0.002483963 0.0147795 -0.01134705 5.97632e-4 0.01757454 -0.01134806 0.003854215 0.01851588 -0.01134777 -0.002628684 0.01393085 -0.01134669 0.007336914 0.01795816 -0.01134377 -0.003684103 0.01022827 -0.01134794 -0.00347042 0.0102632 -0.01134669 0.007353782 0.01797437 -0.01134729 0.01089161 0.01536935 -0.01134824 -0.002340614 0.006497919 -0.01134711 -0.002091765 0.005604088 -0.01134824 0.0111401 0.01447594 -0.01134711 0.001462578 0.003015458 -0.01134377 0.01248383 0.01074504 -0.01134794 0.01227027 0.01071065 -0.01134663 0.001446545 0.002998828 -0.01134729 0.004945695 0.002457618 -0.01134777 0.01142877 0.007043063 -0.01134669 0.01128381 0.006194055 -0.01134705 0.008188486 0.003436863 -0.01134634 0.008201956 0.003399014 -0.01134806 -0.002887248 0.01537257 -0.01148164 0.005719244 0.01850938 -0.01171064 0.01105159 0.01533573 -0.01168465 0.01168715 0.005601048 -0.01148188 0.003080427 0.002464115 -0.01171052 -0.002251625 0.005637586 -0.01168465 -0.00571525 -0.04575878 0.1340184 -0.01315629 -0.04479348 0.1337701 -0.01271909 -0.04376888 0.1434766 -0.0125578 -0.04372078 0.1467418 -4.5983e-4 -0.04638749 0.1552015 0.001993298 -0.04794049 0.1454231 -0.01275801 -0.04391002 0.1565588 0.002009689 -0.05864828 0.1074736 0.001459836 -0.05032348 0.1079691 0.001698255 -0.04834288 0.1336621 -1.47505e-4 -0.05803269 0.1564654 -0.01492244 -0.05544489 0.1564726 -0.01449698 -0.05302989 0.1096242 -0.001208245 -0.0516833 0.0766229 0.01363354 -0.02048212 0.07665264 0.008354783 -0.02256453 0.07791072 0.008465051 -0.03190469 0.07871514 0.01177835 -0.0251798 0.07878959 0.007652878 -0.03675258 0.07887989 0.01127141 -0.03593015 0.07858598 0.009660303 -0.05999732 0.07665264 0.007137954 -0.03640043 0.08656108 0.00710541 -0.01689893 0.08665263 0.01353406 -0.02124434 0.08665263 0.01234549 -0.02032327 0.07965266 0.01150691 -0.0207296 0.08665263 0.009606897 -0.02424615 0.08665263 0.008004367 -0.03265005 0.08665263 0.01185274 -0.03745627 0.08657628</float_array>
          <technique_common>
            <accessor source="#Mesh_002-mesh-positions-array" count="1482" stride="3">
              <param name="X" type="float"/>
              <param name="Y" type="float"/>
              <param name="Z" type="float"/>
            </accessor>
          </technique_common>
        </source>
        <source id="Mesh_002-mesh-normals">
          <float_array id="Mesh_002-mesh-normals-array" count="9993">-0.1392234 -0.9876748 -0.07152187 -0.06236261 -0.997407 0.03592133 -0.1137413 -0.9925497 -0.04368174 -0.1389686 -0.9872511 -0.07760876 -0.9960297 0.08877813 -0.006577968 -0.9855316 0.1694232 0.004833698 -0.9864826 0.1635109 0.01078552 -0.9894974 0.1432684 0.01921361 0.005334019 0.01337558 0.9998964 -0.002509534 0.006347596 0.9999768 0.98388 -0.1779548 0.0176692 0.9860663 -0.1662536 0.005758643 0.9884908 -0.151277 -0.001205623 0.1700065 -0.9850378 -0.0282579 -0.06855171 -0.9849902 -0.1584138 0.1894933 -0.9359232 -0.2968842 0.5730916 -0.07064467 -0.8164407 0.3179502 0.05683118 -0.9464027 0.1024254 -0.07870966 -0.9916219 -0.5535054 0.251798 -0.79387 -0.1746902 -0.03641843 -0.9839498 0.4841671 -0.01296782 -0.8748794 -0.09919106 -0.09313374 -0.9907004 -0.7817458 0.2748732 -0.5597484 0.9240134 -0.3253205 0.2009122 0.9828801 -0.1670896 -0.07763952 0.9119026 -0.4059961 0.06000787 -0.6982907 -0.7008494 0.1456033 -0.02696061 -0.9631549 -0.2675928 0.6333037 -0.3332933 -0.698457 0.6690743 0.6715262 0.3184215 -0.3992912 0.7393848 -0.5421038 -0.7398697 -0.3074417 0.5983917 -0.02349841 0.009585857 0.999678 -0.0785591 0.0111401 0.9968472 -3.43948e-6 0 1 0.06857448 -0.002569139 0.9976427 -0.1994192 -0.9706002 -0.1347864 -0.1994134 -0.9705936 -0.1348421 -0.1994165 -0.9705958 -0.1348221 0.9358988 -0.2605771 0.2370511 0.9358685 -0.2605566 0.2371928 0.9358716 -0.2605631 0.237174 0.815777 0.5452583 -0.1928766 -0.3056459 0.9498754 0.06570822 -0.7656404 -0.6239951 0.1562849 -0.8307266 0.5401528 -0.1346418 0.9402652 -0.3219056 0.110807 0.9900929 -0.1403958 -0.002306878 -0.4749555 0.8794949 -0.03010237 0.02712762 0.9691218 0.2450862 -0.8184945 -0.5481262 -0.1721176 -0.8157225 -0.5531036 -0.1693321 0.5356311 0.8317915 -0.1456785 0.3456258 0.9215677 -0.1767933 0.1707351 0.9853051 0.004833757 0.3383683 0.9395685 -0.05213552 -0.9808791 0.056831 0.1861357 -0.979019 0.04730099 0.1982032 -0.1590179 -0.7953354 0.5849401 -0.9313699 0.08361035 0.354344 -0.9252439 0.1134602 0.3620091 0.5379795 0.8405627 0.06350219 -0.9337902 0.3081049 0.1819539 -0.02881067 -0.9979851 0.0565316 -0.9187582 -0.07041209 -0.3884916 0.09392309 -0.8805665 0.4645225 0.4381214 0.7344819 0.5182527 -0.3055397 -0.6157726 0.7262711 0.8431423 -0.1486688 0.5167288 -0.06990778 0.6242568 0.7780851 -0.01037281 -0.473811 0.8805655 0 0 1 8.09276e-6 0 1 -2.29313e-5 0 1 -0.3708546 0.06539148 0.9263859 1.14553e-5 0 1 3.38053e-6 0 1 -7.34931e-7 0 1 0.2938039 0.8656848 0.4053015 -0.1681234 -0.9534401 -0.250373 -0.02291697 -0.1299654 0.9912537 -0.4517965 -0.892121 0 -0.04361104 -0.9990487 0 -0.04361128 -0.9990486 0 0.2163745 -0.9763104 0 0.216372 -0.976311 0 0.4617692 -0.8870002 0 0.6756518 -0.7372209 0 0.8433908 -0.5373009 0 0.843391 -0.5373005 0 0.9536899 -0.300792 0 0.9990522 -0.04352879 0 0.9536863 -0.3008031 0 0.9763089 0.2163816 0 0.9763076 0.2163873 0 0.8869809 0.4618062 0 0.8869835 0.4618012 0 0.7372924 0.6755738 0 0.02291655 0.1299727 0.9912528 -0.1194154 0.9928444 0 0.1681233 0.9534401 -0.250373 -0.9848079 0.173648 -1.56672e-5 -0.6960718 0.1227307 -0.7074047 -2.2922e-5 0 -1 -5.10597e-7 0 -1 5.10588e-7 0 -1 0 0 -1 2.86564e-6 0 -1 -6.77375e-6 0 -1 8.6764e-7 0 -1 3.2338e-6 0 -1 2.29226e-5 0 -1 4.85015e-6 0 -1 -6.70368e-6 0 -1 -0.2128882 0.9732984 0.08584237 -0.4295413 -0.9018127 0.0472055 0.9820454 -0.02895927 0.1864092 -0.331533 -0.7548454 0.5659456 0.9322648 0.2065879 -0.2969915 -0.2688729 0.9063557 0.3259248 -0.3602116 -0.7259441 0.585878 0.8063004 -0.1421724 0.5741662 -0.05756193 0.514106 0.855793 -0.01507896 -0.6890485 0.7245584 -8.09251e-6 0 1 1.5636e-5 0 1 -0.4474678 0.07889974 0.8908128 2.29153e-5 0 1 -1.61677e-6 0 1 -3.3806e-6 0 1 7.34972e-7 0 1 0.2318394 0.6831285 0.6925215 -0.1681225 -0.9534347 -0.2503939 -0.02297216 -0.1302892 0.9912099 -0.4517882 -0.8921253 0 -0.04353499 -0.9990519 0 0.2163633 -0.976313 0 0.2163621 -0.9763132 0 0.4617639 -0.8870029 0 0.8433583 -0.5373516 0 0.6756106 -0.7372587 0 0.9990521 -0.04353213 0 0.9762928 0.2164542 0 0.887019 0.4617328 0 0.8870166 0.4617378 0 0.5373309 0.8433715 0 0.5373342 0.8433695 0 0.3008029 0.9536864 0 0.02297389 0.1302962 0.991209 -0.1194112 0.9928449 0 0.1681168 0.9534358 -0.2503934 -0.9848078 0.1736482 1.46362e-5 -0.6966313 0.1228344 -0.7068356 -5.10586e-7 0 -1 5.10585e-7 0 -1 1.43329e-6 0 -1 -2.90306e-6 0 -1 2.60294e-6 0 -1 -3.23379e-6 0 -1 -2.29232e-5 0 -1 1.56348e-5 0 -1 3.23376e-6 0 -1 -6.70328e-6 0 -1 0.007624506 -0.01071059 0.9999136 -0.2769422 0.7918217 -0.5443541 0.4100492 0.7227001 0.556385 0.704147 -0.2300201 -0.6717647 0.3211413 -0.9054992 0.2773798 -0.7452692 -0.6071844 -0.2755013 -0.9391904 -0.2862085 0.1897529 -0.02906912 0.9987776 -0.03998112 -0.3176146 0.9080945 -0.2729201 0.9469778 -0.3093426 0.08683484 0.6871186 -0.6905482 -0.2258569 -0.7749278 -0.6313424 -0.02989423 -0.8529498 -0.509521 -0.1134245 -0.02898085 0.9956778 -0.088238 0.6999439 -0.7034219 -0.1235971 -0.8466374 -0.5057567 -0.1655759 -0.9599691 0.2315548 0.1576133 -0.4011991 0.7123225 -0.5758784 0.465345 0.8011559 0.3763021 0.4533975 -0.8050041 -0.3826214 0.2766314 -0.9571375 -0.0858078 -0.0149011 0.1097534 0.9938472 -0.3936037 0.6988683 -0.5972096 0.3134841 0.9258593 0.2109796 0.7885299 -0.6122347 -0.0582177 0.4254377 -0.7553871 -0.4983906 -0.8474614 -0.2838274 0.4486103 0.03127843 0.007337689 0.9994838 -0.4576603 0.8341897 -0.3076929 -0.8223492 -0.3265106 0.4659749 0.4001176 -0.8174549 -0.414335 0.8395375 0.3431853 0.4211897 -0.8192387 0.2222197 -0.5286458 0.7687322 -0.6037711 0.210977 -0.01500099 0.001825511 -0.9998859 0.01398926 -0.0086869 -0.9998645 0.09750163 0.06184726 -0.9933118 -0.060391 0.1479675 -0.9871467 -0.1687734 0.1286485 -0.9772232 0.01571834 -0.005679368 -0.9998604 0.1869274 0.06190907 -0.9804211 -0.9629818 0.1678862 0.210904 -0.965954 0.2373448 0.1029585 -0.9877008 0.1557947 -0.01323306 -0.9871749 0.1583529 -0.02025383 0.9826061 -0.1780043 -0.05291271 0.979424 -0.201688 0.007121145 0.970311 -0.1538582 0.1866125 0.983901 -0.1223466 0.13027 0.2166726 0.9762238 -0.006353139 0.08670902 0.9866044 0.1381785 0.1354636 0.9905068 0.02336436 0.179725 -0.1371411 -0.9741105 -0.2338234 0.1515841 -0.96039 0.1173368 0.06793099 -0.9907661 0.1532795 0.2494469 -0.9561808 1.65481e-5 1.43805e-6 -1 1.10384e-6 -3.64178e-5 -1 4.39085e-6 -1.69312e-6 -1 -0.007351875 0.008889317 -0.9999335 0 -6.81902e-5 -1 0.9401859 -0.3399899 -0.02138704 0.9326572 -0.3607639 5.78751e-7 -0.1968488 0.9685396 0.1522555 -0.03008252 0.9945243 0.1000831 -0.995808 -0.09146893 -7.38754e-7 -0.9946208 0.02230542 -0.1011537 -0.06669008 -0.04135745 0.9969162 -0.02301025 -0.076595 0.9967967 0.004729688 -1.06074e-4 0.9999889 0.03717976 -0.05463755 0.9978138 -0.01488137 0.01584708 0.9997637 0.01589941 0.07097542 0.9973514 -0.003825306 0.004063904 -0.9999845 -0.1766219 -0.9734425 -0.1456514 -0.02675527 -0.9996155 0.007296562 0.3565022 0.4602084 0.8130894 0.02978259 0.7672815 0.6406185 -0.5044376 -0.8601287 0.07564127 0.3348482 0.9421969 0.01190674 -0.1028044 0.965398 -0.2396621 0.0789057 0.4258735 0.9013355 0.06437182 0.6095468 0.7901324 0.1699312 0.4798006 0.8607641 -0.1401508 0.6978844 0.702364 0.2205838 0.5561243 -0.8012918 0.8213109 -0.23963 -0.5177122 -0.7720664 0.5966995 0.2187771 0.01424294 0.001916706 -0.9998968 0.1141265 -0.1865811 -0.9757882 0.04755592 -0.1487254 -0.9877344 -0.01261818 0.008925318 -0.9998806 0.1692056 -0.1274634 -0.9773038 -0.01418733 0.006243705 -0.9998799 -0.1864838 -0.06450223 -0.9803383 0.9617686 -0.1605801 0.2218452 0.9667007 -0.2204254 0.13001 0.972452 0.01739585 -0.2324532 0.9772282 0.02571094 -0.2106282 -0.9621743 0.1632563 0.2181008 -0.9805393 0.1230649 0.1529635 -0.2853849 -0.9562888 -0.06377643 -0.05192619 -0.9985665 0.01299166 -0.1336623 -0.9850552 0.1086314 -0.1797501 0.1371604 -0.9741032 0.2338126 -0.1515672 -0.9603953 -0.2077311 0.2369461 -0.9490545 -0.1532675 -0.2494267 -0.956188 -0.2816464 0.003328204 -0.9595125 0.008463263 -0.007225394 -0.9999381 -0.6946667 0.5717775 -0.436473 -0.8747622 0.3183006 -0.3653435 -0.7615633 0.6480906 6.22796e-7 -0.3356328 -0.908984 -0.247182 0.0822668 -0.9921764 0.0939067 0.9999302 -0.0118162 -4.71968e-7 0.989233 0.09069216 0.1148614 0.06669139 0.04135984 0.9969161 0.02301353 0.07659578 0.9967966 -0.00584042 -5.35543e-4 0.9999828 -0.001001834 0.01207542 0.9999267 -0.04139065 0.05309146 0.9977316 0.00527054 -0.001917958 0.9999843 0.05000638 0.2893362 0.9559205 0.002680599 -3.24602e-4 -0.9999964 0.3459569 0.9369672 -0.04905563 0.16799 0.9767034 0.1335284 -0.3565245 -0.4602687 0.8130456 -0.02976518 -0.7673224 0.6405704 -0.3348633 -0.9421913 0.0119279 0.102796 -0.9653994 -0.2396604 -0.07889723 -0.4258921 0.9013274 -0.06436181 -0.6095352 0.7901421 -0.3570307 -0.1848766 0.9156144 0.1401656 -0.6978954 0.7023501 -0.1466931 -0.5810215 -0.8005593 0.02299654 -0.004688978 0.9997246 -0.2009108 0.9684333 -0.1475531 -0.07441663 0.9905487 0.1152196 0.7926682 -0.5171175 -0.3229034 0.8340746 -0.4900323 -0.2533535 -0.6511377 -0.7355355 0.1871022 -0.8039433 -0.5553783 -0.2126743 -0.8572922 0.3771176 -0.3504745 -0.2020875 0.9740834 0.1015981 0.7827088 0.5465552 -0.2977322 0.8547179 -0.5021629 0.1314906 0.2659086 -0.9289876 -0.2574388 -0.8224226 -0.5681402 0.02894592 -0.9121149 0.4012348 -0.08400708 0.8070037 0.563517 -0.1766178 0.2724421 -0.9518037 -0.1408724 -0.1236947 0.04143762 -0.9914548 -0.06909775 -0.1223608 -0.9900775 0.199831 0.9753484 -0.09361243 -0.2719743 0.730509 -0.6264078 0.1575207 0.4654142 0.8709632 0.5290271 -0.8470401 -0.05151271 0.8722132 -0.1113135 -0.4762914 0.8206338 0.5630571 -0.09760671 -0.2272303 -0.9395377 0.2561939 -0.2635424 -0.9246641 -0.2748485 -0.416954 -0.9068936 -0.06077259 -0.9497911 0.3080029 0.05505561 -0.9437982 0.3292907 0.028508 0.8001987 0.3290581 0.5014008 -0.9395381 -0.2564024 0.2269937 0.1574046 0.3902684 -0.9071463 0.9744133 -0.2178009 -0.05551195 0.9744298 -0.2177301 -0.05549925 0.9744397 -0.2176868 -0.05549705 -4.42901e-6 0 1 1.6326e-6 0 1 1.14739e-6 0 1 1.23111e-6 0 1 -9.64169e-6 0 1 -1.20364e-6 0 1 -1.29828e-6 0 1 -1.73006e-5 0 1 6.01021e-6 0 1 -5.77394e-6 0 1 1.48172e-5 0 1 -1.13688e-6 0 1 1.63743e-5 0 1 -1.64973e-5 0 1 1.04268e-5 0 1 -0.1767863 -0.09007376 0.9801191 -0.1807985 0.01302278 0.983434 -0.1783702 -0.01970243 0.9837661 -0.1770487 -0.05319947 0.9827633 -0.1768026 -0.09064668 0.9800633 -0.1801313 0.007080614 0.9836171 -0.104081 0.1070812 0.9887875 -0.1190475 0.0845319 0.9892837 -0.1347572 0.06275451 0.9888895 -0.1528421 0.03963488 0.9874556 -0.1005019 0.1129758 0.9885019 0.04562479 0.8541157 0.5180782 -0.1606632 0.8389505 0.5199515 -0.3355638 0.7837584 0.5226087 -0.4735471 0.7080212 0.5238887 -0.5932689 0.6103563 0.5248782 -0.6935955 0.4925367 0.5256737 -0.7708505 0.3589632 0.5262461 -0.8229097 0.2133922 0.5265772 -0.8478812 0.061073 0.5266569 -0.8450524 -0.09334456 0.5264726 -0.8144733 -0.2447319 0.5260604 -0.7571422 -0.3881865 0.5254019 -0.6747864 -0.5191669 0.5245276 -0.570174 -0.6331582 0.5234618 -0.4468655 -0.7263315 0.5222584 -0.3235595 -0.7893994 0.5216876 -0.2077224 -0.82815 0.5205951 -0.04563677 -0.8546071 0.5172661 0.1614095 -0.8416244 0.5153791 0.3371735 -0.7881256 0.5149487 0.4768553 -0.7131332 0.5138582 0.5985478 -0.6154254 0.5128276 0.700246 -0.4974997 0.5120055 0.7790549 -0.3626568 0.5114231 0.8319652 -0.2159506 0.5110769 0.8573628 -0.06172674 0.510998 0.8542714 0.09440135 0.5111837 0.8228447 0.2473635 0.5116034 0.7642582 0.3917558 0.5122857 0.6802499 0.5233488 0.5131922 0.5739886 0.6372333 0.5142674 0.4489437 0.7298641 0.5155076 0.324413 0.7919214 0.5173169 0.2079645 0.8294615 0.5184056 0.9244437 -0.08059996 -0.372703 -0.07328557 0.1318351 0.988559 -0.8993225 0.2516115 -0.3576461 -0.09762805 -0.9951849 -0.008705079 -0.8737567 -0.4850381 -0.03587949 -0.9973338 -0.06462216 0.03390401 -0.9217686 0.3758231 -0.09539335 -0.9326328 0.3600137 -0.02421426 -0.6890518 0.7044736 -0.1700727 -0.6746752 0.7368638 -0.04295575 -0.9724289 -0.1300902 -0.1935421 -0.7418907 -0.5450193 -0.3905794 0.5293155 0.8203369 -0.2165003 0.4045444 0.8043746 -0.4351152 0.1074521 -0.02294522 -0.9939455 -0.02848398 0.02979224 -0.9991502 0.1122327 -0.0315212 -0.993182 -0.2225274 -0.1420028 -0.9645293 0.5944857 -0.3276799 -0.734311 0.1792172 0.2218226 -0.9584758 -0.8363804 0.4264127 -0.344442 -0.1988665 0.5466272 -0.8134194 0.1298145 -0.4807568 -0.8671916 0.09724706 0.01535034 -0.9951419 -0.69061 -0.1293352 -0.7115689 0.08297234 0.3889238 -0.917526 -0.1262051 0.006483376 -0.9919831 0.01361387 0.01815861 -0.9997425 0.06509286 0.02902173 -0.9974572 -0.001150846 -0.004788875 -0.999988 -0.03876823 -0.01915943 -0.9990646 -0.06653875 -0.02064633 -0.9975702 0.06413418 0.0266593 -0.9975851 0.02790164 -0.04270321 -0.9986982 0.7140532 -0.4742106 -0.5150266 1.39409e-4 0.001884162 -0.9999982 -0.6278741 -0.1234712 -0.7684588 -0.03979426 -0.02134478 -0.9989799 0.8039991 0.5911342 -0.06438958 -0.1260785 0.01316422 -0.9919329 0.02078467 -0.01907718 -0.999602 0.07996892 -0.009792387 -0.9967494 0.01330143 -0.01330995 -0.9998229 0.001722574 -0.01547968 -0.9998787 0.001775503 -0.01717543 -0.9998509 0.06034284 0.01102435 -0.9981169 -0.1018427 0.03518968 -0.994178 0.06237053 0.03659176 -0.9973821 -0.08533477 -0.02791327 -0.9959613 -0.1402521 0.0272088 -0.989742 -0.09503686 0.1283203 -0.9871687 -0.004900395 0.1027688 -0.9946932 -0.09744215 0.1330178 -0.986312 0.001172959 0.03646445 -0.9993343 0.9683021 -0.1766002 -0.1766451 0.9655576 -0.1535492 -0.2100502 0.9934346 -0.006704449 -0.1142054 0.9975144 -0.06261605 0.03231358 -0.6221013 0.2992228 -0.7235023 -3.13271e-6 2.62026e-6 -1 2.15847e-6 9.11882e-6 -1 0 1.34408e-5 -1 0.04778814 0.01815479 -0.9986925 -0.05646175 0.0478022 -0.9972599 2.07707e-6 -6.14881e-6 -1 1.64576e-7 2.82727e-6 -1 -8.69745e-6 -6.64116e-6 -1 -0.06948804 -0.02560758 -0.9972541 0.04085355 -0.03223955 -0.998645 -0.001415312 -5.80364e-4 -0.9999989 0.004318416 0.003662526 -0.999984 0.004352986 -0.002271175 -0.999988 -0.8134938 0.2072408 -0.5433961 -0.7768859 0.6216744 -0.09984612 -0.6986379 0.3498092 0.6241303 0.8359705 0.4465558 0.318969 0.9572926 0.1958815 -0.2126533 0.165257 0.9190338 -0.3578646 0.1065258 0.9494622 -0.2952523 -0.9603768 -0.2560569 0.1100517 -0.907332 -0.3568975 0.2222002 -0.7956964 -0.0822789 0.6000813 -0.7834413 -0.6121265 -0.1073362 -0.07567018 -0.9876338 -0.137308 -0.1291877 -0.9676487 -0.2167179 0.7913363 -0.5114213 0.3350152 0.783166 -0.5158684 0.3471758 0.2644947 0.2242611 -0.9379497 -0.1857007 0.3385784 -0.9224317 0.1369203 0.06349062 -0.9885453 0.08651685 0.3072502 0.9476879 0.05029815 -0.04346179 -0.9977881 0.1176955 -0.275949 -0.9539393 0.1320574 -0.3031981 -0.9437329 0.1572328 -0.06737512 -0.9852607 0.1843131 -0.07739412 -0.9798158 0.06091129 0.006052613 -0.9981248 0.1380018 0.05439341 -0.9889373 -0.01396405 0.005969941 -0.9998848 -0.02365052 -0.32872 0.9441313 -0.03994846 0.05972123 -0.9974155 -0.0486043 0.04998016 -0.9975669 -0.0304591 0.07120531 -0.9969965 -0.04645752 0.051328 -0.9976007 -0.05745583 0.04081779 -0.9975133 -0.01702356 0.08872985 -0.9959102 0.006507515 0.1217877 -0.9925349 0.04466277 0.1780828 -0.9830014 -0.01252609 0.08941388 -0.9959158 0.1170603 0.2856311 -0.9511634 0.00552535 0.008983194 -0.9999445 0.006065905 0.006735384 -0.999959 0.006509184 0.005009353 -0.9999663 0.006917357 0.00354731 -0.9999698 -1.74479e-7 0 -1 1.29979e-6 0 -1 -8.34055e-6 0 -1 5.28466e-6 0 -1 3.53221e-5 0 -1 -1.03809e-5 0 -1 1.12737e-5 0 -1 0.007764041 8.5753e-4 -0.9999696 0.007327914 0.002201139 -0.9999708 -1.88041e-6 0 -1 0.005214512 0.008160889 -0.9999532 7.9783e-7 0 -1 3.61901e-7 0 -1 -2.40575e-6 0 -1 -6.801e-7 0 -1 2.10004e-6 0 -1 -2.93925e-7 0 -1 0.2413153 0.8882939 0.3907697 0.2824094 -0.8100445 -0.5138801 -0.0684905 -0.9483145 0.3098527 0.9113427 0.4102593 -0.03379279 0.9687876 0.1805275 -0.1698838 0.9969735 0.06650322 0.04026341 0.9802932 -0.08370834 -0.1789361 0.9141173 -0.3829025 0.1333238 0.5948654 -0.7616133 -0.2570613 0.60942 -0.7555388 -0.2403503 0.6764957 -0.4989029 -0.5417099 0.7107688 0.5288597 -0.4638051 -0.3781889 -0.9243389 0.0507043 -0.3223013 -0.9466372 0 0.03843927 0.999261 0 -0.02829784 0.9980225 0.05612748 -0.3007295 -0.9537095 0 -0.3007295 -0.9537096 0 -0.5372768 -0.8434061 0 -0.5372795 -0.8434044 0 -0.7372955 -0.6755704 0 -0.886981 -0.4618061 0 -0.8869835 -0.4618014 0 -0.9763089 -0.2163814 0 -0.9763076 -0.2163874 0 -0.9990522 0.04352879 0 -0.843391 0.5373005 0 -0.675652 0.7372208 0 -0.8433908 0.5373009 0 -0.2163746 0.9763104 0 -0.2163719 0.976311 0 -0.6594033 -0.5983764 0.4551188 -0.173645 -0.9848084 0 0.1736539 0.9848068 0 -0.4670114 0.7348014 0.4919018 -0.300803 -0.9536864 0 -0.7372574 -0.675612 0 -0.887019 -0.4617328 0 -0.7372605 -0.6756086 0 -0.8870166 -0.4617378 0 -0.9762928 -0.2164542 0 -0.9990521 0.04353213 0 -0.9537103 0.300727 0 -0.9537068 0.3007383 0 -0.8433583 0.5373516 0 -0.6756104 0.7372589 0 -0.2163634 0.976313 0 -0.216362 0.9763132 0 0.04353475 0.9990519 0 -1.14618e-5 0 -1 4.04634e-6 0 -1 -2.54371e-6 0 -1 -1.79887e-6 0 -1 -3.38008e-6 0 -1 2.90297e-6 0 -1 -2.16901e-6 0 -1 2.5264e-6 0 -1 0.2383003 0.7021652 -0.6709523 -0.399116 0.07037419 -0.9141958 -0.01169067 -0.03444755 -0.9993382 -0.02594053 -0.02681589 -0.9993038 -0.3480375 0.5436653 -0.7637395 -0.9113367 0.219405 -0.34832 0.01604247 0.7330516 -0.6799839 -0.01057296 -0.4831116 -0.875495 -2.29022e-5 0 -1 -3.23344e-6 0 -1 2.07437e-6 0 -1 0.1428405 0.4208754 -0.8958016 -0.3968816 0.06998068 -0.9151982 -0.2048113 -0.6034711 -0.7706329 -0.3706764 -0.3831953 -0.8460263 0.01612901 -0.0251969 -0.9995525 -0.8053719 0.06301802 -0.5894106 -6.27209e-4 -0.02864736 -0.9995894 -0.01634711 -0.7466804 -0.6649821 -0.2225537 -0.9722729 -0.07180118 0.05535531 -0.9429045 0.3284309 0.05594885 -0.04848819 0.9972556 -0.04496973 -0.06735426 0.9967153 -0.03169238 -0.08974671 0.9954603 0.1216432 -0.05378788 0.9911155 -0.04189455 0.03168904 0.9986194 0.2931817 -0.2125281 0.9321354 0.292348 -0.2122864 0.9324522 0.2920787 -0.2123606 0.9325197 1.57693e-4 0.05604016 0.9984285 -0.003803551 -0.01222223 0.9999182 0.01788812 -0.02539414 0.9995175 0.1328517 0.06417858 0.9890559 0.02657872 -0.02544444 0.9993229 0.1748724 -0.00533396 0.9845767 0.1353655 -0.2125249 0.9677342 -0.03184664 0.02487522 0.9991832 0.04593795 -0.1491743 0.9877433 -0.08855015 -0.03010475 0.9956167 0.6285714 0.3073689 0.7144386 0.627963 0.3048332 0.7160581 0.6287711 0.3066275 0.7145814 0.0119276 -0.008593261 0.999892 -0.08088672 0.009005069 0.9966827 0.02289175 0.002501487 0.9997349 -0.07647955 -0.03254854 0.9965398 -0.01454168 -0.003359496 0.9998887 0.006063222 0.00661832 0.9999598 0.03904205 0.07034307 0.9967586 0.001974821 0.05901563 0.9982551 0.03283673 0.0723719 0.9968371 0.03580707 0.0749554 0.9965438 0.05002558 0.01919859 0.9985634 -0.05066025 0.05071061 0.9974278 -0.279564 0.008677005 0.9600879 -0.04079765 0.007050871 0.9991426 0.02247011 0.05533885 0.9982148 0.006933867 -0.09827917 0.9951348 0.03484988 -0.04015535 0.9985855 0.023301 -0.09112006 0.9955673 0.1054808 0.06704956 0.9921584 0.01995509 -0.04311555 0.9988709 0.219982 0.01406556 0.9754026 0.0169602 -0.0385037 0.9991146 0.02413243 0.1766623 0.9839757 -0.2476997 0.185738 0.9508661 -0.02081292 0.0172922 0.9996339 -0.04151648 0.003329634 0.9991323 -0.05136549 -0.02603578 0.9983405 0.02207964 0.05579853 0.9981979 0.04789716 -0.07548964 0.9959956 0.0550971 0.2157288 0.9748976 0.1868475 -0.111474 0.9760439 0.6998189 -0.004704236 0.7143049 -0.02614605 0.002521514 0.999655 0.05060583 -0.06464636 0.9966243 0.1043755 -0.07934975 0.9913675 0.07015997 -0.01233065 0.9974595 -0.2316834 0.3224993 0.9177783 0.06222915 0.03711909 0.9973715 0.0162934 -0.0576868 0.9982018 -0.2103287 0.0778535 0.9745259 0.01028484 -0.02057331 0.9997355 0.05963164 0.1742407 0.9828959 0.08671408 0.01803368 0.9960701 -0.004593789 0.01435565 0.9998864 0.02000635 0.03759545 0.9990928 -1.61407e-5 0.01356631 0.999908 -0.3031673 -0.1686391 0.9378969 -0.5291128 -0.2982351 0.7944152 -0.1773254 0.04473507 0.9831351 -0.1066684 0.2204679 0.9695441 -0.934962 0.08549273 -0.3442921 -0.1537858 -0.8192614 0.5524137 0.7723281 -0.6275058 -0.09872108 0.1246265 0.8704096 0.4762935 0.1985728 0.8151178 0.5441984 0.01806855 0.7605802 0.6489927 -0.8829858 0.3669369 0.2927343 -0.6426556 0.1391937 0.753405 -0.4374151 -0.4850488 -0.7572292 -0.9725585 -0.2154181 -0.08789217 -0.7965728 -0.5968879 0.0958997 0.9034674 -0.4253645 -0.05302584 0.8780314 -0.4705861 -0.08723378 0.05439543 0.9600577 0.2744639 -0.4018374 0.9152158 0.03011196 -0.9091324 -0.348986 0.2273477 -0.8857902 0.4598686 -0.06242299 -0.3148605 -0.9490709 0.01128214 0.8311767 -0.4874637 0.2674404 0.8487444 0.5007083 -0.1700716 0.1794235 0.9790493 0.09627956 0.2072618 0.9758855 0.06848442 -0.9724313 -0.2220852 -0.07110333 -0.7234491 -0.677376 0.1333532 0.6902416 -0.7142071 -0.1160807 0.9540885 -0.2930151 0.06210768 -0.02089405 0.9987377 -0.04567813 0.3424246 0.9320297 0.1186009 -0.9569826 -0.2886087 -0.02982407 -0.7953838 -0.5960035 0.1102024 0.6916902 -0.7156885 -0.09672075 0.9039677 -0.425596 0.04135739 0.05655246 0.9981202 -0.02362 0.1204168 0.07462757 0.9899144 0.07087457 -0.01533401 0.9973675 0.08124166 -0.1033364 0.9913231 0.5119215 0.04374098 -0.857918 0.8814737 -0.4150073 -0.2253291 0.9941329 0.05361497 0.09394264 0.05145525 0.908146 -0.4154798 -0.6966748 0.6997891 0.1579226 -0.7381947 -0.5531393 -0.386142 -0.2965512 -0.9549987 0.005920708 -0.2965511 -0.9549988 0.005913972 -0.2965492 -0.9549991 0.005958557 0.8542541 -0.5009987 -0.138746 0.7311049 -0.6223674 -0.2795436 0.1794486 0.979186 0.09483259 0.001546084 0.9664151 0.2569817 -0.8793417 -0.337199 -0.3362368 -0.8792989 -0.3371962 -0.3363516 -0.8792926 -0.3371989 -0.3363655 -0.7363712 -0.6709254 -0.08727318 0.9755565 -0.2190907 -0.01699775 0.9523066 -0.2924678 -0.08703392 -0.02046251 0.9781046 -0.2071055 -0.19447 0.9788239 -0.06391793 -0.725677 -0.6794632 -0.1082724 -0.760212 -0.6278972 -0.1668022 0.891192 -0.4195763 -0.1724317 0.975531 -0.2190702 0.01864594 0.05491042 0.9691283 -0.2403648 -0.194723 0.9799759 -0.04159653 -0.7908307 -0.592589 -0.1530535 -0.7663207 -0.6329523 -0.110109 0.03386557 -0.02366113 0.9991463 -0.01368528 0.0245378 0.9996052 -0.01379323 0.02438783 0.9996075 -0.01391279 0.02432745 0.9996073 0.07453209 -0.02696591 0.996854 -0.01603537 0.06067174 0.9980291 -0.3396547 -0.8623107 0.375573 0.9574288 -0.2549843 0.1353261 -0.20148 0.9327812 0.2988728 -0.9329618 0.02092254 0.359367 0.3712208 -0.9170227 0.1458232 0.6608673 0.6816026 0.3141217 -0.418874 0.8409052 0.3426706 -0.9397155 -0.0512436 0.3380964 -0.9397278 -0.0512464 0.3380615 -0.9397237 -0.05124503 0.3380729 0.4394665 -0.8847822 -0.1550148 0.8610993 -0.0878756 0.5007855 0.8575384 0.4021311 0.3208091 -0.2926067 0.9547264 0.05365598 -0.8771522 0.002590537 0.4802056 -0.8949971 -0.06119197 0.4418548 -0.8819929 -0.2510495 0.3988267 0.6862523 -0.7117639 0.1498335 0.8792073 0.3899104 0.2737967 0.4727932 0.7868325 0.3966877 0.1366792 0.8076835 0.5735557 -0.5737631 0.793456 0.203036 -0.9797301 -0.03614705 0.197034 -0.4575955 -0.7522564 0.4740429 -0.3863692 -0.8200533 0.4221746 -0.4902305 -0.04757046 -0.8702938 0.06308406 -0.3200708 0.9452911 -0.2546267 0.7081054 -0.6585986 -0.4151831 -0.7493972 0.515778 -0.3048738 0.6438355 0.7018033 -0.08528697 0.1617134 -0.9831455 -0.3150311 -0.3733892 -0.8725457 -0.3368631 -0.1983367 0.920427 0.1240312 0.8581417 0.4982059 -0.0530225 -0.2302411 -0.9716882 -0.4999227 -0.3847149 0.775933 -0.3361309 0.8614894 0.3805944 -0.004279911 0.05861139 -0.9982717 -0.1330136 -0.1047527 -0.985563 -0.6979019 0.6721991 -0.2471462 -0.7232308 0.6517998 -0.2282416 -0.6446238 -0.7572776 0.1048377 0.7763901 -0.5725563 -0.2634347 0.7286704 -0.6567153 -0.1943306 0.4562963 0.8895318 0.02295732 -0.9418824 0.3109255 -0.1272123 0.2380674 -0.963017 -0.1261837 0.7564273 0.6343105 -0.1595875 -0.7614992 0.6314767 -0.146138 -0.03952282 -0.9944833 -0.0971651 0.8365982 0.5267007 -0.150632 -0.4933569 0.7971286 -0.3481162 -0.967769 0.2518073 -0.004045426 -0.05104261 -0.9977363 -0.04378461 0.497105 -0.8031851 -0.3282992 0.9830387 -0.1833892 0.001824498 0.182597 0.9827643 -0.02885925 0.06296116 -0.007160782 -0.9979903 0.1064122 -0.9866548 -0.1232426 0.9980344 -0.03804391 0.04979962 0.7338917 0.6562246 -0.1754202 -0.4267019 0.8959816 0.1230552 -0.9422982 0.3063548 -0.1349845 -0.5006986 -0.8565043 0.125306 -0.6966886 0.4390796 -0.5673044 -0.455939 -0.8898152 -0.01867544 0.5629032 -0.5168401 -0.6449933 0.8549233 -0.3940678 -0.3373672 0.5718203 0.655201 -0.4936936 0.474478 0.8530856 -0.2170615 0.2379823 -0.110139 0.9650046 0.1753015 -0.186209 0.9667449 -0.4891327 0.6629234 0.5668174 -0.6189637 -0.7459726 -0.2457824 -0.2724207 0.9144848 0.2991732 -0.9704962 -0.2128768 0.1132276 -0.6304791 -0.5852412 -0.5098911 0.117937 0.9506921 0.2868371 -0.5476983 -0.1619422 -0.8208541 -0.5471815 -0.1604937 -0.8214829 -0.547209 -0.160858 -0.8213934 0.1688238 0.6402156 -0.7494148 0.1692374 0.6399934 -0.7495113 0.3548443 0.2677406 -0.8957682 0.3548154 0.2677814 -0.8957673 0.354851 0.2676932 -0.8957797 0.5154029 -0.5770928 -0.6335012 0.7037842 -0.241295 -0.66818 0.7903177 0.5824155 -0.1902371 -0.1909762 0.7793403 -0.5967889 -0.5134974 0.8059633 -0.2945227 -0.7020676 -0.5986233 -0.385683 0.2603194 -0.9555713 -0.138266 0.595494 -0.4546119 -0.6623556 0.6670432 0.711716 0.2202586 0.04250741 0.6896966 -0.7228497 -0.9982643 0.04760056 0.03468084 -0.6848244 -0.4161115 -0.5982197 -0.1277605 -0.9596725 -0.2504119 -0.1812849 -0.9721468 -0.1485481 0.8268494 -0.199593 -0.5258165 0.06531107 0.8832686 -0.4642964 -0.8652265 0.1537451 -0.4772271 -7.4417e-6 3.31959e-5 -1 -0.6581125 0.7127279 0.2427073 -0.5272345 -0.8493869 0.02378529 0.4858105 -0.7589294 0.4336062 0.8745211 0.2565442 -0.41158 0.6776772 0.7005641 0.2235256 -0.8405336 -0.2858162 0.460231 0.5371658 -0.8391035 -0.08578073 0.5886871 -0.7793685 -0.2145513 0.1365259 0.9290571 0.3438223 0.4049113 0.4185822 -0.8129181 -0.6371911 -0.07069122 0.7674571 -0.9717351 0.2082262 0.1112329 -0.987645 0.1565621 -0.006760716 -0.9819901 0.1889095 -0.002969563 -0.9848083 0.1736455 5.6393e-6 -0.9811892 0.1835966 0.05966693 -0.9457755 0.1067106 0.3067923 -0.5341166 0.09922868 0.8395673 -0.9872164 0.1589962 0.01114106 -0.9943565 0.04929906 0.09394186 -0.9876589 0.1565442 0.004908442 -0.7576977 0.3230487 0.5670397 -0.9850103 0.1722796 0.008623063 -0.9847639 0.1730883 -0.01674652 -0.9852169 0.1708676 0.01232397 -0.9855461 0.1693889 -0.002497792 0.1302106 0.9882578 -0.07994848 0.106272 0.9928229 -0.05485534 0.05185794 0.9710761 -0.2330707 -0.1872144 0.9761719 -0.1097238 0.1498509 0.9710854 -0.1858435 -0.392275 0.9169126 -0.0734297 -0.5550915 0.8301408 -0.05234324 -0.6965833 0.7162227 -0.04238903 -0.8144285 0.5786218 -0.04362648 -0.905161 0.4213626 -0.05601 -0.9648984 0.2504556 -0.07901388 -0.991167 0.07136076 -0.1117843 -0.9803045 -0.1083288 -0.1651304 -0.9793885 -0.1273252 -0.1568005 -0.9531852 -0.2865475 -0.09658563 -0.8892834 -0.4558417 -0.03719633 -0.7925374 -0.6097365 0.01029425 -0.6686344 -0.7423062 0.04369962 -0.5226314 -0.8503 0.06202077 -0.5226315 -0.8502998 0.06202179 -0.5226313 -0.8503001 0.06201922 -0.3782941 -0.9234407 0.06442779 -0.242801 -0.968414 0.0567637 -0.05331099 -0.9980209 0.03334993 0.1880424 -0.9819132 -0.0220611 0.3919422 -0.9154376 -0.09140789 0.5487233 -0.8204258 -0.1606379 0.6829093 -0.7025821 -0.2000335 0.8085423 -0.5741599 -0.1288409 0.6504549 -0.7275694 -0.2180624 0.9046066 -0.4212501 -0.06508105 0.9679155 -0.2509952 -0.01187622 0.9970216 -0.07181531 0.02811783 0.9925312 0.1096343 0.05349886 0.9557686 0.2871893 0.0634725 0.8883749 0.4554689 0.05777877 0.7920376 0.6093772 0.03655028 0.6691783 0.7431018 4.28964e-4 0.5233734 0.8506805 -0.04922479 0.3771955 0.9202628 -0.1041163 0.2402462 0.9578109 -0.1577342 0.2242048 0.900498 -0.3726067 -0.9284835 0.2365553 -0.2862867 -0.9899962 -0.1204912 0.07341325 0.4800558 -0.874331 -0.07135766 0.4800652 -0.8743172 -0.07146281 0.4800649 -0.8743162 -0.07147681 0.5913134 -0.7004114 -0.3997154 0.1002999 0.8939159 -0.436869 0.2673463 0.9617811 0.05918842 0.2720652 0.9609518 0.05052059 0.1371381 -0.9903107 0.02185785 -0.07634562 -0.9964503 -0.03546994 0.9916532 -0.09570479 -0.08639931 0.7669004 0.6360834 0.0852161 0.08196377 0.9949197 -0.05845403 -0.99271 -0.07502698 -0.09432876 -0.9122189 0.4095976 0.009306967 -0.6198217 -0.7630949 -0.1830498 -0.726658 -0.6833274 0.07093578 -0.5829584 -0.8114743 -0.04085499 -0.5199335 -0.8180847 0.2457779 0.4825618 -0.8622946 0.153565 0.9793175 -0.03792887 -0.1987428 -0.3635983 0.911275 -0.1933241 0.176662 0.982437 0.06006854 -0.9531055 -0.3026285 -0.002470016 -0.4503839 -0.8804292 -0.1483201 -0.08343142 0.8873904 0.4534065 -0.4556098 0.8850285 0.09562683 -0.2877124 0.9565421 -0.04742103 -0.3452383 0.928501 -0.1367357 -0.06751614 -0.8140652 -0.5768358 0.2362328 -0.9705212 0.04777789 0.1950199 -0.9801849 -0.03470987 0.3799954 -0.9015445 -0.2069324 0.4695919 -0.8765279 -0.1057479 0.9161554 -0.4008033 -0.004016637 0.9347581 -0.3276481 0.137383 0.8810848 0.4583046 -0.116819 0.9006607 0.3994399 -0.17105 0.8978811 0.4204579 -0.1304791 0.6891217 0.664982 -0.2879413 0.5579124 0.8289752 0.03916656 -0.2937842 -0.872629 0.3901404 0.7470772 -0.1678342 -0.6432008 0.8427832 0.4974957 0.2054624 -0.1546967 0.7785147 -0.608263 -0.7643755 0.6408001 -0.07145333 -0.6943451 -0.5735411 -0.4346672 0.2119298 -0.8082268 0.5494135 0.7908236 -0.1776626 -0.585691 -0.1611408 0.8110963 0.562278 0.3022868 0.8968779 -0.3228509 -0.5200694 0.09457767 -0.8488716 -0.7696834 -0.6356905 0.05903381 0.6344877 -0.576654 -0.5146802 0.6450215 -0.5491182 -0.5314288 0.8356534 0.5183052 0.1817778 0.6756227 0.6772116 -0.291408 -0.5784859 0.6023944 -0.5499774 -0.6621993 0.411132 -0.6264683 -0.6621677 0.4110913 -0.6265285 -0.6621761 0.4111053 -0.6265103 -0.8589664 -0.4898251 0.1491586 -0.7120671 -0.6487992 -0.2683659 -0.2546567 -0.8208606 -0.5112124 0.04840952 -0.9959115 0.07626897 0.8966417 0.04843801 -0.4400995 0.6668058 0.5862644 0.4600698 -0.5221779 0.5245737 -0.6724231 -0.814462 0.3997061 -0.4205791 0.1721999 0.9840576 -0.04447233 0.1506214 0.9850226 -0.08392751 -0.9614054 0.0554158 -0.2694974 -0.9201213 0.1321917 -0.3686491 -0.9846659 0.1739377 0.01336687 -0.9545581 0.2348436 -0.1834869 -0.5365497 0.5810593 -0.6119515 -0.2648248 -0.9210259 -0.2856207 -0.9537001 0.2158268 -0.2094633 -0.9583342 0.2067145 -0.1971415 -0.9505019 0.1159432 -0.2882767 -0.2594051 -0.9517458 0.1639795 -0.1723561 -0.9850122 -0.006656825 0.9529409 -0.2245287 -0.2036924 0.9885998 -0.1376396 0.06104087 0.935111 -0.164323 -0.3139512 0.9819692 -0.05760592 -0.1800507 0.02874374 -0.004544079 -0.9995766 -0.01448541 0.02782487 -0.9995079 -0.01856237 0.02025318 -0.9996226 -0.008844137 0.03991127 -0.9991641 -0.02235847 0.01424479 -0.9996486 0.002974808 0.06809687 -0.9976743 -0.02667731 0.008414566 -0.9996087 -0.03263384 0.001421749 -0.9994664 -0.04838317 -0.01517295 -0.9987136 -0.06367588 -0.01411241 -0.9978709 -0.03348445 -0.01743119 -0.9992873 -0.02162432 -0.01981639 -0.9995698 0.01437252 0.09695214 -0.9951853 -0.008161485 -0.02590137 -0.9996313 -0.01428794 -0.02242141 -0.9996466 -0.01131576 -0.02332657 -0.999664 -0.01404947 -0.004158914 -0.9998927 0.01550835 0.001147866 -0.9998792 -0.01614284 0.01761269 -0.9997147 -0.008166849 0.01568859 -0.9998436 -0.02296948 0.01926273 -0.9995506 -0.03857183 0.02458041 -0.9989535 -0.003333091 0.01504677 -0.9998813 6.59172e-4 0.01506328 -0.9998864 -0.0168091 0.005300939 -0.9998447 -0.01505756 6.55991e-4 -0.9998865 -0.01392644 -0.00308758 -0.9998983 -0.01309663 -0.006817698 -0.9998911 -0.01241505 -0.01137781 -0.9998582 -0.01177328 -0.01847767 -0.99976 -0.01095741 -0.03474241 -0.9993363 -0.009217679 0.009754657 -0.99991 -0.006324112 0.01403325 -0.9998816 -0.02807301 0.00534588 -0.9995916 -0.01042187 -0.05350655 -0.9985132 -0.08108443 -0.9769705 0.1973678 0.5300713 -0.5828791 -0.6158542 -0.6552501 0.6550515 0.3762378 -0.9835332 0.04030084 -0.1761774 0.971201 0.01506876 -0.2377846 0.7240312 -0.6484415 0.2351649 0.01999348 -0.002025306 -0.9997981 -0.7455334 0.5110892 0.4277475 -0.4155211 -0.9091712 0.02739006 -0.3249691 -0.9315941 -0.162873 0.8846874 0.2048559 0.4187626 0.9228045 0.3229787 0.2100401 -0.3258373 0.8429387 -0.4281174 -0.3643054 -0.916984 0.1625486 -0.326489 -0.935977 0.1317278 0.9438169 0.3303372 -0.009327471 0.9025691 0.4235801 0.07713037 -0.8117877 0.5564985 0.176947 -0.6313124 0.7755165 -0.004371881 -0.3677732 -0.9257206 0.08822888 0.8983226 0.4215894 0.1236085 -0.6230405 0.7644582 0.1656028 -0.6231958 0.7643439 0.1655461 -0.6231856 0.7643347 0.1656264 -0.005743741 0.04263436 0.9990743 0.703388 0.7004566 0.1208548 0.4715571 -0.8799341 0.05787998 0.1636544 -0.9826926 0.08679103 -0.8892539 -0.0342198 0.4561324 -0.8880209 -0.17461 0.4253593 -0.9848145 0.1736098 0 -0.9122225 0.16086 0.3767948 0.884424 -0.3226128 -0.337217 0.6471026 0.7554656 0.1026161 6.58994e-6 -1.02541e-6 -1 0.3715605 -0.7124838 -0.5952393 0.5103229 -0.08996337 -0.8552644 0.6594282 0.2787767 -0.6981676 -0.1416264 0.9899202 0 0.9543467 -0.289363 0.07410597 -0.8736657 -0.471741 -0.1190332 -0.873668 -0.4717438 -0.1190046 -0.8736653 -0.4717407 -0.119036 -0.9163365 0.3397913 0.2118238 -0.9163052 0.3398035 0.2119399 -0.9163089 0.3398005 0.2119287 0.9397448 -0.1152693 -0.3218581 -0.9869362 0.1603551 -0.01559847 0.8758307 0.4793298 -0.05624675 -0.004675745 -0.9980993 -0.06144928 -0.7716369 -0.1422856 0.6199448 0.3756372 0.05921936 0.9248729 0.2419763 0.8116822 -0.5316196 -0.1601892 0.7262821 -0.6684712 0.0366255 -0.9089834 -0.4152204 0.8565197 -0.5160843 0.005572378 0.3610568 -0.2902671 0.8862184 -0.1474452 0.3695757 0.9174278 -0.06082969 0.762109 0.644585 0.05235403 0.759042 -0.6489333 -0.3253655 0.9056934 -0.2717662 0.2756212 0.2618358 -0.924919 0.09253734 -0.9010064 -0.4238212 -0.1689366 -0.9836064 0.06307929 0.9548569 0.2415128 0.1729736 0.973749 0.2266937 -0.02056497 0.1779397 0.965147 0.191908 0.5530852 0.5842545 0.593922 0.8799909 0.2612064 -0.3967207 0.6145009 -0.7408143 0.2712617 0.6586853 -0.7313634 0.176752 -0.5677617 -0.8214031 -0.05425739 -0.6638785 -0.6611624 0.3494705 -0.7750038 0.5796833 -0.2516676 -0.7020617 0.6975902 0.1430993 -0.001718163 -0.1174869 0.993073 -0.0240634 -0.033068 0.9991634 -0.3132434 -0.04670625 0.9485237 -0.07213515 0.01257306 0.9973157 -0.06914031 -0.08739143 0.9937719 -0.03480696 -0.1246359 0.9915919 -0.03086417 0.01395559 0.9994262 -0.01795309 0.1052169 0.9942873 -0.02019459 -0.09199827 0.9955545 0.07844108 -0.1567025 0.984526 0.03391307 -0.07425183 0.9966627 0.02489936 -0.1440336 0.9892596 -0.07236766 0.01236277 0.9973015 -0.05717676 -2.36245e-4 0.998364 -0.06897431 -0.1692315 0.9831599 -0.05332821 -0.1530099 0.9867848 -0.02434259 0.1223692 0.9921861 -0.0259965 0.01197272 0.9995903 -0.01981133 -0.1310943 0.991172 0.004404366 -0.02909296 0.9995671 -0.03291499 0.0174902 0.9993052 -0.02694147 0.03837937 0.9989001 -0.1460299 -0.02341043 0.9890032 -0.01183074 -0.02031266 0.9997237 -0.1284286 0.1829376 0.9747 -0.01237434 -0.01777243 0.9997655 0.003515958 0.0114988 0.9999277 0.06746846 0.1484923 0.9866095 -0.01964205 -0.001162111 0.9998065 0.03720092 -0.05147123 0.9979814 -0.161897 0.2124804 0.9636605 -0.01909363 0.01375395 0.9997232 -0.01754814 0.01458978 0.9997397 -0.1581943 0.05263352 0.9860043 0.2596616 0.05488002 0.964139 -0.02510511 0.1210445 0.9923297 0.02484828 -0.03747081 0.9989888 0.04075747 -0.1047872 0.9936592 0.07208168 0.1129525 0.9909824 0.1015341 0.1707321 0.9800722 0.003682613 0.04481011 0.9989888 -0.01888322 0.111202 0.9936184 0.0284872 0.01506811 0.9994806 0.08684813 0.01686686 0.9960788 0.09476065 0.02296566 0.9952352 -0.3466525 0.1320993 0.9286453 7.85089e-4 0.0105533 0.999944 5.79127e-7 0 1 -0.204552 -0.1708576 0.9638289 -0.002352952 -0.07200562 0.9974015 -0.1949263 0.01066982 0.9807599 0.05464565 0.2838914 0.9572981 0.009291231 -0.1006777 0.9948757 -0.1549772 -0.5491684 0.8212164 -0.08800756 0.006564855 0.9960982 0.1971842 -0.2917407 0.9359519 -0.9836694 0.168303 0.06378525 0.5608448 0.2122147 0.8002613 0.214455 0.9759095 -0.04012084 0.2203018 0.9736179 -0.05945974 0.2213922 0.9736994 -0.053806 -0.0906828 0.7684741 -0.6334226 -0.0614953 0.266494 0.9618728 -0.1861728 0.05228972 0.9811246 -0.05129766 -0.1333162 0.9897451 0.007539987 -0.02164548 0.9997374 0.1788212 0.245879 0.9526629 0.1796139 0.2396212 0.9541072 0.1333606 0.7127907 0.6885815 -0.1784279 0.1255007 0.9759166 -0.3806471 0.06710398 0.9222823 -0.1129013 -0.4558897 0.8828465 -0.03248399 -0.2040505 0.9784213 -0.05239421 -0.1374211 0.989126 0.2352213 0.7627682 0.6023751 0.4591807 0.8706485 -0.176421 -0.784092 0.3968017 -0.4772297 0.8655214 0.09499692 -0.4917809 0.05885457 0.6086792 -0.7912306 0.2358545 0.7508487 0.6169271 -0.09631842 0.1030607 0.9900006 0.902692 -0.4273748 0.04998016 0.7462508 0.5919507 0.3044739 0.7283129 0.6210303 0.2896233 -0.7186216 0.6857755 -0.1153038 -0.7330974 -0.5957164 0.3281621 -0.3472409 -0.9340428 0.08359372 0.7457637 -0.6558988 -0.1167617 0.5889033 0.7277699 0.3514884 0.5251314 0.7959309 0.3012159 -0.598888 0.799712 0.0423547 -0.8728271 -0.4668242 0.1422964 -0.6035256 -0.714007 0.3548956 -0.2346495 0.9662123 0.1066462 -0.3349606 0.9409132 0.04983854 -0.3435138 0.9378682 0.04900515 -0.1137366 0.9828376 0.1452387 -0.07534456 0.996967 0.01949918 -0.09415501 0.9820861 0.1632233 -0.09269189 0.9954038 0.02407395 -0.09270393 0.9954048 0.02398377 -0.09268277 0.9954096 0.0238673 0.07386016 0.9967093 -0.03339624 0.2252708 0.9662495 -0.1249598 -0.9019287 -0.3079978 -0.3027573 0.6268805 -0.1015957 -0.7724631 0.05887806 -0.1408562 0.9882779 0.7508906 0.2974057 0.5896722 -0.8302227 0.09128487 0.5499067 0.2439152 0.1568359 -0.9570308 0.1016597 0.9947967 0.006704211 0.005855262 0.9994694 -0.0320428 0.1301313 0.9908456 0.03592926 0.1393249 0.9898855 -0.02674371 0.1301556 0.9753071 -0.1784257 0.5000776 0.2500863 0.8290834 0.9494503 -0.03288882 -0.3121897 -0.8689759 0.3829814 -0.3133785 -0.8691287 0.383006 -0.3129247 -0.8691653 0.3829067 -0.3129444 -0.1736465 -0.9848081 0 -0.2072204 -0.9778791 -0.02849853 -0.2163752 0.9763103 0 -0.2163713 0.9763112 0 -0.4617675 0.887001 0 -0.6756547 0.7372184 0 -0.4617674 0.8870012 0 -0.6756515 0.7372212 0 -0.8433892 0.5373032 0 -0.843392 0.5372989 0 -0.9536877 0.3007987 0 -0.9536877 0.3007989 0 -0.9990523 0.04352813 0 -0.9763084 -0.2163841 0 -0.8869813 -0.4618052 0 -0.8869815 -0.4618051 0 -0.7372946 -0.6755714 0 -0.5372774 -0.8434056 0 -0.3007302 -0.9537093 0 0.12322 0.9871545 0.1017003 0.002978205 0.9999957 0 -0.3583793 -0.9335762 0 -0.2218936 -0.9678344 0.1185749 0.04353493 0.999052 0 0.04353487 0.999052 0 -0.2163627 0.9763131 0 -0.461767 0.8870013 0 -0.6756101 0.7372592 0 -0.4617621 0.8870039 0 -0.6756103 0.737259 0 -0.8433595 0.5373499 0 -0.8433566 0.5373545 0 -0.9537081 0.3007339 0 -0.9537099 0.3007283 0 -0.9990519 0.04353761 0 -0.9762936 -0.2164509 0 -0.8870171 -0.4617367 0 -0.9762923 -0.2164567 0 -0.5373319 -0.8433709 0 -0.5373345 -0.8433693 0 -0.300802 -0.9536867 0 0.1737001 0.9847987 0 -8.09056e-6 0 1 1.01757e-5 0 1 -3.23344e-6 0 1 5.32725e-6 0 1 -1.14626e-5 0 1 -0.009932458 -0.4536626 0.8911182 -0.4196196 0.0739904 0.9046795 0.0111519 0.5094475 0.8604295 -0.1385223 0.3103756 0.9404673 -0.2774269 -0.211951 0.9370759 -0.7564512 0.1198381 0.6429779 -0.1781855 -0.5250176 0.8322299 0.2543393 0.7494033 0.6113153 2.29237e-5 0 1 4.58221e-5 0 1 -6.70393e-6 0 1 -2.29174e-5 0 1 9.33519e-7 0 1 -0.009927988 -0.4536709 0.891114 -0.4196251 0.07399094 0.9046769 0.01114869 0.5094396 0.8604343 -0.138524 0.3103823 0.9404647 0.4717497 0.3603881 0.804719 0.4804409 0.3491132 0.8045475 0.2809191 0.8277474 0.4857147 0.2543209 0.7493727 0.6113604 -0.3283032 -0.9405225 -0.08737617 -0.3983374 -0.8663457 -0.301285 0.3363084 0.1623857 0.9276463 0.05410182 -0.1162723 0.9917428 0 2.07701e-7 1 -0.1745132 -0.00253421 0.9846516 -0.04280382 0.9439417 -0.3273254 -0.5193449 -0.6457883 -0.5596771 -0.07271414 -0.1651901 0.9835776 -0.2275371 0.7890123 -0.5706896 -0.4134887 -0.7689415 -0.4876024 -0.04554408 -0.02656269 -0.9986092 0.07215988 -0.04486954 -0.9963834 0.01208084 0.03214317 -0.9994103 0.06274688 0.04254472 -0.9971223 -0.001610219 0.009989202 -0.9999488 0.3060343 -0.5212682 -0.7966321 -0.3175985 0.0895493 -0.9439874 0.2268295 0.1051714 -0.9682394 0.06872063 0.1018431 -0.9924241 0.3088063 0.01159125 -0.9510543 0.09103238 0.9250885 -0.3686794 0.06322926 -0.03984034 -0.9972035 0.01854151 0.06233239 -0.9978832 0.4032591 -0.1351369 -0.9050526 -0.02311491 0.271779 -0.9620821 -0.3022066 0.07459199 -0.9503195 -0.03091198 0.02476394 -0.9992154 0.2029516 -0.08904403 -0.9751317 -0.0609191 -0.01749974 -0.9979893 0.1810656 -0.0897873 -0.9793638 0.02171248 0.08807593 -0.9958772 -0.1836377 0.1518833 -0.9711893 0.1574546 -0.2697231 -0.9499777 0.04962921 0.04539972 -0.9977355 -0.1894563 0.1185954 -0.9747007 0.05266797 0.07633203 -0.9956905 0.1873692 0.1609019 -0.9690219 -0.01907056 -0.008224725 -0.9997844 -4.67869e-4 -0.0563187 -0.9984128 0.02851527 0.07460349 -0.9968055 0.2088066 -0.2065256 -0.9559011 -7.13224e-4 0.008513271 -0.9999635 -0.3255088 -0.08202862 -0.9419742 -0.03553462 -0.09160828 -0.9951609 -0.1000593 -0.3055791 -0.9468947 -0.1014548 -0.02733051 -0.9944647 -0.04249209 0.001037836 -0.9990963 0.036453 -0.2245227 -0.9737868 0.02014654 0.00303483 -0.9997925 0.0277844 -0.1184508 -0.9925712 -0.04215943 0.00708729 -0.9990859 -0.01210147 -0.1490195 -0.9887602 0.09612673 -0.0688014 -0.9929885 -0.9330889 -0.3457785 -0.09890681 -0.7571239 0.5077937 0.4109854 -0.8919553 -0.3959078 -0.2183409 -0.762794 0.4578095 0.456679 -0.9746611 0.2234038 0.01124918 -0.9746738 0.2233561 0.01109606 -0.9746635 0.2233956 0.01120489 0.6540166 0.750658 -0.09367489 0.1525799 -0.9881232 -0.01822179 0.1557449 -0.9875563 -0.0218209 -0.1686556 0.5103582 -0.8432614 -0.901353 0.4034867 -0.1573576 -0.8977906 0.4172808 -0.1408868 0.6039473 0.7406238 0.2944897 0.9345939 0.3531994 -0.04224312 0.3364384 -0.8870231 0.3162266 0.300168 -0.9122546 0.2787309 -0.6843574 -0.5948988 0.4216046 -0.924671 -0.3539063 0.1404775 0.298054 0.9490024 0.1027536 0.09510582 0.9838522 -0.1516235 0.9037231 -0.2761332 0.3271621 0.5639919 -0.8203673 -0.09439694 -0.8153932 0.5154924 0.2634419 -0.9081967 0.4037674 0.1102299 0.6224402 0.7638602 0.1705465 0.8880513 0.4066644 -0.2144504 0.2983154 -0.8176596 0.4923827 -0.3027368 -0.9515837 -0.05328261 -0.9678371 -0.2376543 -0.08253377 -0.8362791 0.3490957 0.4228115 0.6085826 0.7551072 -0.2438036 0.3610352 0.9279509 0.0925256 0.5324409 -0.7775591 0.3345277 0.3640444 -0.9280796 0.07835859 -0.02725458 -0.05512261 -0.9981076 -8.77835e-4 -0.01387524 -0.9999034 0.007228374 0.02945959 -0.9995399 0.001301348 0.04422599 -0.9990208 -0.9456893 -0.1390247 -0.2938433 -0.2611182 -0.822538 0.5052213 0.8424681 -0.4723169 -0.2591607 -0.1619007 -0.9816808 -0.1004544 -0.15597 -0.9859721 -0.05943506 -0.2091946 -0.9757959 0.06371879 -0.2693414 -0.9626934 0.02601349 -0.2510428 -0.9677696 0.01999127 0.1087354 -0.1651449 0.980257 -0.08717334 0.3123195 0.945969 0.5141409 0.8412421 0.1672453 0.9582085 0.2859621 -0.007898569 0.967961 0.2434954 0.06133288 0.7279802 -0.6778853 -0.1025494 0.6229407 -0.7596734 0.1866584 -0.1521837 -0.9852616 0.07810038 -0.4783934 -0.7518422 0.4537325 -0.9444428 -0.3150559 -0.09363538 -0.9799671 -0.1703546 0.1031687 -0.704723 0.709404 0.01056045 -0.3326868 -0.8201013 -0.4655678 -0.6761934 -0.2735144 0.6840706 -0.5039784 0.8630707 -0.03339201 0.724482 0.2472423 0.6434261 0.7446123 0.3012753 0.5956389 0.3508646 -0.9364135 -0.004896342 -0.6721491 -0.2718829 0.6886911 -0.7924128 0.3376413 -0.5080161 -0.7923966 0.3376379 -0.5080438 -0.7923543 0.3376413 -0.5081074 0.7173065 0.2450834 0.6522312 0.7379043 0.2985669 0.6052727 7.3791e-4 0.004489183 0.9999897 -0.03326368 0.005708456 0.9994304 -0.8241906 -0.5330489 -0.1912301 -0.89879 -0.422467 0.1170397 -0.6039063 0.7652052 0.2230657 -0.4992868 0.8580278 -0.12042 0.7347717 0.5921115 -0.3309297 0.8834469 0.3083868 0.3527311 0.4460991 -0.8489405 -0.2833648 0.5555245 -0.8310899 -0.02612024 -0.9579027 -0.2671418 0.105156 -0.9183717 -0.3688064 -0.1434408 -0.390322 0.9034028 -0.1775162 -0.3818359 0.9126138 -0.1460732 0.92264 0.3200489 0.215184 0.9747073 0.1968981 -0.1057209 0.2772246 -0.9453232 -0.1717871 0.3508678 -0.9363856 -0.008605241 0.9670713 0.2420478 0.0786519 0.8025659 -0.2406578 0.5458681 0.1256654 -0.9885846 0.08311873 0.5986754 -0.4143356 -0.6855026 -0.9647851 -0.06419569 -0.255086 0.6906923 -0.2683029 0.671534 -0.2894042 -0.8755277 0.3869064 -0.05100655 0.0273987 0.9983225 -0.06943792 0.1776874 0.9816342 0.386493 0.6753233 -0.6281415 0.6889957 0.7245631 -0.01712757 0.1050736 -0.4152975 -0.903597 -0.3422132 -0.6939782 -0.6334702 -0.457 -0.207919 -0.8648241 -0.9959754 0.00816518 0.08925521 0.8393501 0.5368665 0.08524036 0.863446 -0.4608185 0.2052012 0.8634447 -0.4608294 0.2051815 0.8634425 -0.4608429 0.2051607 -0.3083764 0.3094949 -0.8995093 0.2445393 0.8256607 -0.5084142 -0.3055643 0.2668333 -0.9140189 -0.6816068 0.1353268 -0.7190959 0.07015037 -0.6865474 -0.723693 -0.191016 0.9462364 -0.2610549 -0.8684919 -0.4037055 -0.2876524 0.08157426 0.9252055 0.3705947 0.7514771 0.5745087 -0.3243795 0.7514687 0.5744997 -0.324415 0.7514631 0.5744876 -0.3244493 0.6732757 -0.6757193 0.300172 0.4005415 -0.897477 -0.1846659 -0.8641688 -0.3793664 -0.3305955 0.0546298 0.9422893 0.3303127 0.7712938 0.5892662 -0.2405644 0.6786749 -0.592651 0.4337803 0.4040763 -0.9053745 -0.130459 9.94198e-7 0 1 -0.0361725 -0.7155175 -0.6976578 0.1394595 -0.4380784 -0.8880532 0.04149103 -0.5118937 -0.8580463 -0.2568343 -0.6427686 -0.7217234 -0.2812009 -0.5669766 -0.7742504 0.8618021 -0.4968959 0.1019405 -0.5274978 -0.8448256 0.08953136 -0.4920312 -0.8703266 0.02090263 0.2397302 0.4955126 -0.8348633 -0.06639885 0.2662476 -0.961615 -0.9550289 0.2681578 0.1265354 0.5836289 0.8024283 0.124444 0.3272196 -0.9399809 0.09676444 -0.08410346 -0.9964571 0 0.05275416 -0.9884929 0.1417709 -0.5178224 -0.7868499 0.3357491 -0.9984804 -0.04517316 -0.0315653 -0.8754072 -0.03098505 -0.4823923 -0.9832577 0.1811065 0.02012115 -0.983157 0.1827116 0.004341661 -0.9843128 0.1683383 -0.05282717 -0.9845352 0.1735747 0.02371484 -0.9839164 0.1734542 -0.04268819 -0.9763501 0.2161957 0 -0.9727554 0.194384 -0.1263402 -0.7093435 0.05541533 -0.7026813 -0.963103 0.1766948 -0.2030063 -0.8709471 0.391506 0.2969414 -0.8829365 -0.2232629 0.4130094 -0.9913272 0.1313269 0.004871249 -0.98452 0.1736097 -0.02408289 -0.968864 0.2475576 -0.004221737 -0.9687159 0.2480221 -0.008634388 -0.8671075 -0.07064473 -0.4930863 -0.8808351 0.1111339 -0.4601945 -0.7252651 0.1072359 0.680067 -0.3707709 0.9227885 -0.1048355 -0.1126128 -0.1678813 0.9793541 0.02203631 -0.06122773 0.9978806 0.05615276 -0.1642928 0.984812 0.0495907 -0.1530427 0.9869746 -0.02619296 -0.01363438 0.9995639 -0.02391874 -0.02191936 0.9994736 -0.02149319 -0.03373146 0.9991998 -0.02435088 -0.01634657 0.9995699 -0.02877706 -0.006380796 0.9995655 0.05892956 -0.002567708 0.9982588 -0.0178982 -0.05674469 0.9982283 0.02905809 -0.009162425 0.9995357 0.02002847 -0.01276606 0.999718 0.01190549 -0.02286833 0.9996676 0.01530832 -0.01670801 0.9997432 0.008180797 -0.03693073 0.9992843 -0.01602274 -0.07152402 0.9973102 0.002864778 0.06567668 0.9978368 0.02235049 0.05563986 0.9982007 -0.0117383 0.219891 0.9754539 -0.5357719 0.2905279 0.7928064 -0.04020589 0.1629722 0.9858111 -0.01623868 0.06729906 0.9976007 -0.1760802 -0.06418412 0.9822811 0.4187539 0.6480538 0.636138 -7.13546e-6 -4.40457e-6 1 -5.11303e-6 -6.92571e-6 1 -5.30004e-6 -2.29911e-6 1 -4.28777e-6 -1.15998e-5 1 -1.16742e-5 -2.976e-5 1 -0.007590651 -0.05046027 0.9986973 -1.5089e-5 6.58371e-7 1 -4.40026e-5 1.32674e-5 1 -0.02881222 0.01257479 0.9995058 -0.02534615 0.01615124 0.9995483 -0.02034449 0.0221951 0.9995467 -0.01527637 0.02934843 0.9994525 -0.008832335 0.03985869 0.9991663 0.00265038 0.0608083 0.998146 -0.01306802 -0.05097758 0.9986143 0.01520514 0.08533662 0.9962362 -0.2961005 -0.1310712 0.9461209 -0.1761907 0.5284819 -0.83046 0.02381658 -0.987957 0.1528856 -0.9928173 -0.1054996 0.05642431 -0.9364029 -0.2931554 -0.1928981 -0.2695481 0.9399634 0.2093152 0.2857416 0.9345864 -0.2118964 0.8713715 0.3293067 0.3636879 0.9242323 -0.3811495 -0.02279567 0.2896353 -0.8802443 0.3758745 -0.8722707 -0.3338509 0.3573341 -0.9196405 0.2218056 -0.3241353 0.2631501 0.8378672 0.4782581 0.7884736 0.5675565 -0.2370426 0.5340556 -0.776822 0.3336648 0.103018 -0.9861054 -0.1303212 -0.2840786 -0.892936 0.3492345 -0.01226687 -0.8390721 0.5438821 -0.8903483 0.3901225 0.2347002 -0.844855 0.5341177 -0.03063523 0.1200204 0.988598 0.09093475 0.7424679 0.339997 0.5771858 0.9456834 -0.2420109 -0.2170571 -0.8269653 -0.4399828 -0.3500619 -0.9711447 -0.2384664 -0.003456473 0.3553233 0.9132692 0.1992104 0.08747148 0.8484713 0.5219631 0.9710038 -0.2201962 -0.09308713 0.4650787 -0.6791866 0.5678093 0.914199 0.221562 0.3393383 0.9195356 0.3485993 -0.1814743 0.6089536 0.7707573 -0.1873737 0.4494638 0.7973645 0.4027308 0.4153949 -0.8406008 0.347617 0.2830787 -0.7985706 0.5311795 0.603258 -0.6846606 0.4090472 0.6743842 -0.6718293 0.3063517 0.6306297 -0.5006875 0.5929742 -0.8863003 -0.4623318 -0.02685672 -0.8862963 -0.4623328 -0.0269683 -0.8862993 -0.4623291 -0.02693563 0.4547191 -0.7292875 -0.5112439 -0.4175023 0.5766651 0.7022459 -0.3518033 0.904901 0.2395595 -0.8239749 0.5435047 -0.1602127 -0.8234486 -0.1227806 0.5539472 -0.7055976 -0.06045156 0.7060296 -0.5030543 -0.671243 0.544398 -0.7656921 -0.6229392 0.160195 0.8364701 0.5438088 0.06774747 0.4103885 0.9096587 0.06405007 0.7700417 0.623714 0.1342264 0.8802337 0.4741978 -0.01803314 0.8935841 0.441673 -0.08020269 0.8937087 0.4414655 -0.07995706 0.8936625 0.441532 -0.08010631 0.9677237 0.2510131 0.02243161 0.864671 0.3867579 -0.3205658 0.9593045 0.09592288 0.2655817 0.9981486 0.0104928 0.05991232 0.987438 0.1035943 0.1193088 0.9791435 -0.1973865 -0.04813164 0.914821 -0.403809 0.006397604 0.9585594 -0.2412095 -0.151598 0.9232888 -0.3823038 -0.03717106 0.7222691 -0.47833 0.4995276 0.7514906 -0.6588119 -0.03505635 0.7722736 -0.6331778 0.05176544 0.7749987 -0.6287965 -0.06318229 0.7384423 -0.6739106 0.02340036 0.3576136 -0.9301342 0.08344405 0.2895977 -0.9551703 0.06150621 0.312823 -0.9484076 0.05162227 -0.2642383 -0.8807719 0.3929621 0.06718689 -0.9973847 -0.02663922 0.1853852 -0.9734888 -0.1339848 0.1055795 -0.9867435 0.1232494 -0.01015281 -0.9997428 0.02028459 0.6631908 0.6957479 0.2758858 0.6464307 -0.7308246 -0.2191414 0.796063 -0.1713737 0.5804437 -0.7093823 0.7025182 0.05696463 0.01369488 0.8430073 0.537728 0.2184522 -0.9737741 -0.06358098 -0.9818525 -0.01956641 -0.1886342 0.2841056 0.9575083 -0.04961746 -0.8320202 0.3840589 0.4003017 0.3654826 0.7953673 -0.4835426 0.150917 -0.8367989 -0.5263003 -0.07650321 0.6831743 -0.726237 0.8431415 -0.1486684 -0.5167304 -0.2791956 -0.5626819 -0.7780996 0.1468746 0.4327622 -0.8894632 -0.3599843 0.06347513 -0.9307966 -4.58627e-5 0 -1 4.58264e-5 0 -1 2.25345e-6 0 -1 -1.83735e-7 0 -1 -0.01993018 -0.910327 -0.4134099 0.1681231 0.9534406 0.2503711 0.02292305 0.1300049 -0.9912484 -0.1194154 0.9928444 0 0.5372774 0.8434056 0 0.9763084 0.2163841 0 0.9536877 -0.3007989 0 0.9990522 -0.04352813 0 0.8433892 -0.5373034 0 0.9536877 -0.3007987 0 0.8433921 -0.5372988 0 0.6756547 -0.7372184 0 0.6756515 -0.7372212 0 -0.04361122 -0.9990487 0 -0.04361146 -0.9990487 0 -0.02292191 -0.1299976 -0.9912494 -0.4517963 -0.8921212 0 -0.1681233 -0.9534406 0.2503711 -0.9848078 0.1736482 1.56671e-5 -0.6961687 0.1227449 0.7073069 1.14561e-5 0 1 5.10594e-7 0 1 -5.10591e-7 0 1 -2.29259e-5 0 1 -9.67584e-7 0 1 4.01269e-6 0 1 2.29073e-5 0 1 -3.23394e-6 0 1 3.35158e-6 0 1 0.4877899 0.0377255 0.8721456 -0.4877901 -0.0377255 -0.8721454 -0.7532073 -0.649615 -0.1033408 0.1713171 0.9844272 -0.03941434 0.7062159 -0.6874719 -0.1692382 0.7062216 -0.6874376 -0.1693536 0.7062209 -0.6874768 -0.1691971 0.168878 0.7912371 -0.5877281 0.637457 -0.7673889 0.06901359 -0.7587271 -0.6259365 -0.1803796 -0.0778833 0.6956107 -0.7141849 0.8589605 -0.1514574 -0.4891294 -0.2657851 -0.5356425 -0.801527 0.2485563 0.7323898 -0.6338968 1.01726e-5 0 -1 -1.61867e-5 0 -1 4.58306e-5 0 -1 -0.4667489 0.08229917 -0.8805524 1.2937e-5 0 -1 -4.58489e-5 0 -1 -2.25366e-6 0 -1 1.19426e-6 0 -1 -0.01470786 -0.6720944 -0.7403194 0.1681167 0.9534363 0.2503919 0.02298057 0.1303343 -0.9912037 -0.1194112 0.9928449 0 0.3008038 0.9536861 0 0.5373317 0.8433711 0 0.5373347 0.8433691 0 0.7372565 0.6756129 0 0.8870196 0.461732 0 0.7372596 0.6756096 0 0.9762936 0.2164508 0 0.9762922 0.2164568 0 0.9537081 -0.3007339 0 0.9990521 -0.04353135 0 0.8433594 -0.5373501 0 0.9537099 -0.3007283 0 0.8433566 -0.5373542 0 0.6756103 -0.737259 0 0.6756101 -0.7372592 0 -0.02297908 -0.1303273 -0.9912047 -0.4517881 -0.8921253 0 -0.1681225 -0.9534351 0.2503925 -0.9848079 0.1736479 -1.46361e-5 -0.696739 0.122852 0.7067265 -1.14587e-5 0 1 5.10585e-7 0 1 -5.10586e-7 0 1 5.80522e-6 0 1 -9.21942e-7 0 1 -7.81867e-6 0 1 -4.8509e-6 0 1 6.70314e-6 0 1 -0.4954405 -0.6061343 0.6222059 0.3422577 0.3945121 0.8527719 -0.5153319 0.493368 -0.700729 -0.3775951 0.4575247 -0.8050423 0.4995061 -0.8215615 -0.2748281 0.9903694 0.1299099 -0.04787284 0.01132082 -0.004632115 -0.9999252 -0.7759366 -0.06752318 0.6271867 -0.2944901 -0.8370901 -0.4610376 0.589591 -0.560926 0.581158 0.9407764 0.2363722 -0.2430391 0.4857007 0.7023772 0.5203471 -0.6508696 0.6784928 -0.3406118 -0.9790524 -0.08486384 -0.1850805 -0.9790558 -0.08486759 -0.1850607 -0.979039 -0.08486062 -0.1851527 -0.3394414 -0.8543276 0.3935783 0.7233624 -0.6881662 -0.05634063 0.8700432 0.4083519 0.2761771 0.5683891 0.8219226 0.03710997 -0.6072753 0.7459702 0.2733958 -0.3677915 -0.9257122 0.08824151 0.8984538 0.4213066 0.1236184 0.8984529 0.421307 0.1236244 0.89846 0.4213073 0.1235713 -0.6226173 0.7648078 0.1655807 0.9782872 0.07580155 0.1928949 -0.9782872 -0.07580155 -0.1928949 -0.1176249 -0.9906687 -0.06884717 -0.1191104 -0.9903423 -0.07095819 -0.1140101 -0.9925005 -0.04409551 -0.1199738 -0.9914092 -0.05209863 -0.9960085 0.08876919 -0.009340822 -0.9877898 0.1547263 0.0181967 -0.9864731 0.1636722 0.009068071 -0.9880986 0.1526111 0.01926308 0.005328357 0.01337563 0.9998964 -0.002361893 0.006478071 0.9999762 0.9838771 -0.1779541 0.01784008 0.9861211 -0.1659327 0.005610048 0.9884896 -0.1512846 -0.001201272 0.1700034 -0.9850383 -0.02825707 -0.1176846 -0.9844956 -0.1300724 0.1894996 -0.9359211 -0.296887 0.5759392 -0.2004964 -0.7925246 0.4279186 -0.2314656 -0.8736758 -0.4940719 0.2011722 -0.8458268 0.255485 -0.2041895 -0.9450048 -0.05860543 0.01625555 -0.998149 -0.02656799 0.01899003 -0.9994666 -0.6584178 0.213922 -0.7216117 0.9424849 -0.3070735 0.1320153 0.9758765 -0.217683 -0.016712 0.9360564 -0.345856 0.06466895 -0.2640896 -0.9638607 -0.03506362 -0.1561578 -0.98272 -0.09937936 -0.06161665 0.8731864 -0.483476 -0.6966067 -0.445763 0.5621694 0.4028681 -0.7105095 -0.5769521 0.9466283 -0.118118 0.2999053 0.680846 -0.7077796 -0.1884062 0.3275908 0.9225788 -0.2037956 0.2634379 0.9614834 -0.07842302 -0.9571157 -0.2749919 -0.0911538 0.02290016 -0.002580821 0.9997345 0.02045309 -0.01205956 0.9997182 0.02940297 -0.005573391 0.9995521 0.03846216 -0.00433427 0.9992508 0.008987426 0.005281746 0.9999457 0.04072946 0.01505613 0.9990568 0.4896579 -0.8635815 0.1202586 0.8478925 -0.4999464 -0.1764428 0.006190836 0.9719411 -0.235143 -0.4058381 0.9008832 0.153964 -0.9676196 -0.1947775 -0.1605432 -0.3019898 -0.9157378 0.2650027 0.7308419 -0.6809031 0.04734015 0.7308419 -0.6809031 0.04734009 0.7308391 -0.6809118 0.04725909 0.9653053 -0.182942 -0.1863274 0.3302782 0.9291461 0.1661446 0.3302647 0.9291367 0.1662234 0.3302639 0.9291365 0.166226 0.1562534 0.98332 0.0930956 -0.9674316 -0.2501439 0.03878438 -0.8526093 -0.5009695 -0.1486167 0.5356308 0.8317908 -0.1456836 0.3456342 0.9215638 -0.176797 0.1707316 0.9853058 0.004835009 0.3383724 0.9395669 -0.05213701 -0.9770998 -0.07007741 0.2009115 -0.9977611 0.05849689 -0.0324189 -0.4062029 -0.7156373 0.56821 -0.9313684 0.08361089 0.3543477 -0.8826469 0.2562757 0.394027 0.3271085 0.9441183 -0.04050707 0.2728413 0.962059 -3.90716e-4 0.1315006 0.9852037 -0.1099154 0.2704592 0.9590189 -0.08446669 0.1998599 0.9795552 0.02297168 0.9976647 0.06676608 -0.01440751 0.9705656 0.05152308 0.2352613 0.9742187 -0.2249837 -0.01674377 0.9954553 -0.08398658 0.04488867 0.01947391 0.1083838 0.9939184 0.1042744 -0.0269953 0.9941821 -0.9826906 0.1845207 -0.01647305 -0.9714815 0.2328963 0.04453337 -0.9776793 0.2089508 0.02197086 -0.9867323 0.1623549 -5.94805e-4 0.2760903 0.9607297 -0.0277974 -0.1700029 0.9850383 -0.0282588 0.2311899 0.9698641 -0.07690978 -0.1900269 0.9323819 -0.307496 0.07637679 0.3480198 -0.9343708 -0.1506673 -0.1563084 -0.9761492 0.9231877 -0.1795769 -0.3398183 -0.3435415 -0.04706549 -0.9379575 -0.2323982 -0.03812158 -0.9718734 -0.08840394 0.1905759 -0.9776839 -0.9331443 0.09382873 -0.3470417 0.06032061 0.07529348 -0.9953353 0.5496442 -0.1374278 -0.8240176 -0.9054735 0.2811616 0.3179088 -0.9885551 0.009389817 -0.1505681 -0.8924008 0.4476881 0.05653619 -0.4452858 0.7102693 -0.5451955 0.6605358 0.7315039 0.1690993 -0.9813921 0.1908987 0.02067261 -0.7618862 -0.2985562 -0.5747989 -0.7619577 -0.2986288 -0.5746663 -0.7618837 -0.2985504 -0.5748052 0.4446901 -0.7724604 0.4533825 0.4108323 0.8940442 -0.1786112 -4.53803e-5 0 1 0.003065347 -0.008910894 0.9999557 0.02099347 -0.005028188 0.999767 -0.2383176 -0.002145349 0.971185 0.07684463 0.9837445 0.1623015 -0.01989853 0.9937801 0.1095678 -0.863314 -0.5031478 0.0391305 -0.5331974 -0.8058792 -0.257409 0.8092224 -0.5812205 0.08568578 0.9933416 -0.09352862 -0.06726896 -0.3175468 0.9225077 -0.2194169 -0.9190405 -0.3597583 0.161055 -0.5931673 -0.7989996 -0.09875428 0.9168139 -0.3992722 0.005843341 0.7046237 -0.6804261 -0.2013105 0.3364362 0.936434 0.09950929 -0.6033404 -0.7891158 -0.1152244 -0.3375198 -0.9251598 -0.1736662 -0.1725122 -0.9849959 0.00478214 -0.3278055 -0.9433348 -0.0516051 0.9472573 -0.2075178 0.244213 0.9963783 -0.08500748 0.002034902 0.9947264 -0.100021 -0.02270269 -0.01407992 0.8454309 0.5338994 0.8849683 0.03079926 0.4646316 0.1948565 -0.4270467 -0.8829848 0.8626042 -0.04200142 -0.5041329 -0.6837767 0.1052384 -0.7220625 0.1407508 0.9897645 -0.02357065 0.1402233 0.9892519 0.04145199 0.1226428 0.9921358 0.02500647 0.174054 0.9847362 -9.3299e-5 0.1740285 0.9847406 -2.02541e-4 0.174037 0.9847391 -1.79955e-4 0.2122819 0.9768986 0.02460843 0.1963179 0.9804179 0.01550328 0.1721791 0.9834944 -0.05561745 0.1967267 0.980458 -7.91672e-4 0.1411981 0.9899805 0.001335203 -0.853008 0.2532095 -0.4563578 -0.9847992 -0.04884546 0.166688 0.9091364 -0.2086368 -0.3604744 0.9007513 -0.04983478 -0.4314669 -0.3896823 -0.2449656 0.8877723 -0.3442275 -0.1996609 0.917411 0.3161102 -0.3697856 -0.8736894 0.275476 -0.223457 -0.9349759 0.5193157 -0.08517539 0.8503273 0.5397068 -0.1539616 0.8276548 -0.4386419 -0.3395262 -0.8320549 -0.1277741 -0.7378646 -0.6627442 0.8850405 0.1275761 0.4476914 0.8803374 -0.4741343 0.01424497 -0.5788716 0.5901487 0.562701 -0.240203 -0.4330505 0.8687749 -0.7299906 0.1909764 -0.6562331 0.7134705 -0.1190154 -0.6905036 0.3978298 0.4248229 0.8131771 -0.02020269 -0.09499818 0.9952725 -0.5734012 -0.7299625 0.3719757 -0.5230616 0.5183993 -0.6765123 -0.9260509 0.3301396 -0.1828594 -0.958002 -0.2226507 0.1807177 -0.9233378 -0.2734304 -0.2695984 0.852293 -0.2987876 -0.4293282 0.9201183 -0.1747075 -0.3505134 0.489588 -0.2252576 0.8423554 0.4640172 -0.2477926 0.8504627 -0.6525931 0.03047549 0.7570955 -0.7731909 -0.1579365 0.6141923 -0.7104123 0.1546435 -0.6865856 -0.1734143 -0.984849 5.27973e-5 -0.5246901 -0.07805371 -0.8477076 0.0524829 0.08056724 -0.9953665 0.5922201 -0.2961581 -0.7493769 0.998542 -0.05190151 0.01484042 -0.571161 -0.337053 0.7484453 -0.1584721 -0.6714348 0.7239212 0.4733474 -0.4335204 0.766813 0.5551039 -0.2964172 0.7771721 -0.9578584 -0.2720201 0.09226375 0.9493715 0.2970638 -0.1022105 -0.5345521 -0.832026 0.14828 -0.9829749 -0.1529273 0.1018508 -0.0131281 -0.7679769 -0.640343 -0.1782609 -0.9749861 0.1327601 -0.3494322 -0.9338405 0.07641482 -0.1788413 -0.9831033 -0.03903692 -0.1889952 -0.902029 -0.3881037 -0.6184498 -0.6741118 -0.4038482 -0.2126563 -0.976934 -0.01942598 -0.1409986 -0.989829 0.01892167 -0.1409243 -0.9898396 0.01891905 -0.1409923 -0.9898299 0.01892101 -0.01838326 -0.1039427 0.9944134 -0.04528713 -0.9946913 -0.09240388 -0.2947393 -0.7060108 -0.6439546 -0.03450727 -0.9954649 -0.08865112 -0.2093192 -0.7671963 -0.6062964 0.04946923 -0.7839814 -0.6188101 -0.335284 -0.9393727 -0.07185792 -0.04987555 -0.9984372 -0.02521288 0.0574156 -0.9978541 0.03147733 0.2382578 -0.9710118 -0.01922035 0.7979531 0.5306092 -0.2858755 -0.279548 -0.9576036 0.06963145 0.05379867 -0.9471417 0.3162729 -0.2849361 -0.9559747 0.07017123 -0.2382786 -0.7811875 -0.5770349 0.01657426 -0.9982925 -0.05601263 -0.2621912 -0.9647011 0.02465367 -0.3400043 -0.8879369 0.3097824 -0.2578987 -0.9611833 -0.09805655 -0.2537051 -0.8388913 -0.4815549 0.01912838 -0.9970872 0.07383221 -0.2639985 -0.9639468 0.03333997 -0.1752105 -0.9837339 0.03961181 -0.1424893 -0.981356 0.1289858 -0.1752862 -0.9835882 0.04276931 -0.180947 -0.9830484 0.02956503 -0.2318031 -0.8591743 0.4561654 -0.2689353 -0.9598205 -0.08011585 -0.08143275 -0.995148 0.05521917 -0.1766763 -0.9834752 0.03952425 -0.1767087 -0.9834691 0.03953003 -0.1765837 -0.9834933 0.03948724 -0.1649799 -0.9844292 0.06067025 -0.1649209 -0.9844422 0.06061965 -0.1650466 -0.9844158 0.06070452 -0.1776195 -0.9840962 0.002479255 -0.1546243 -0.9723663 0.1749152 -0.1737469 -0.9846965 0.01359963 -0.176701 -0.9833295 0.04289501 -0.1711896 -0.9847348 0.03148955 -0.1744619 -0.9846606 0.002560794 -0.4480832 -0.8756723 -0.1800539 -0.1629783 -0.9849153 0.05813747 -0.5239146 0.7962303 0.3025409 0.1214487 -0.9830011 -0.1376919 -0.1624359 -0.9861925 0.03223145 -0.1875169 -0.9795141 0.07341331 -0.1746791 -0.983677 0.04320669 -0.1604322 -0.9709253 0.177667 -0.1734722 -0.9841134 0.03779417 -0.1728889 -0.98487 -0.01185888 -0.1577441 -0.9846256 0.07502931 -0.1710086 -0.9852468 -0.00669533 -0.1522373 -0.988278 -0.01142442 -0.1782031 -0.9836707 0.0252133 -0.1506909 -0.9689795 0.1958853 -0.1580301 -0.9856455 0.05940973 -0.1766333 -0.983489 0.0393728 -0.178579 -0.9836059 0.02508425 -0.02401453 -0.9975671 0.06544685 -0.00514096 -0.9956976 0.09251946 -0.3605125 -0.9324026 -0.02561569 -0.2567809 -0.964127 0.06725269 -0.8683922 -0.4588174 -0.1881003 0.06162351 -0.8869333 0.4577684 -0.1486796 -0.9876633 -0.04914963 -0.1572753 -0.9870665 0.03105419 -0.1633598 -0.9803907 -0.110217 -0.1676878 -0.964372 -0.2046152 -0.1657407 -0.9699921 -0.1778919 -0.1725925 -0.9848057 0.01922559 -0.2269863 -0.9738722 -0.007088959 -0.1093854 -0.9939908 0.004152774 -0.1716455 -0.9850462 -0.01489925 -0.2493619 -0.9683376 0.01187992 -0.1065596 -0.994296 0.004537463 -0.176509 -0.9832825 0.04472589 -0.1875585 -0.9815812 -0.03633338 -0.1772368 -0.9841673 -0.001399219 -0.1741191 -0.9846063 0.01526254 0.988907 -0.145691 -0.02893275 0.9506562 -0.2456825 -0.1894541 0.9788122 -0.1981404 -0.05164456 0.9312794 -0.1628015 0.3259054 0.9644635 -0.17303 0.1996772 0.4974791 -0.08678132 0.8631244 0.4895844 -0.08633506 0.8676713 -0.1094027 -0.1983316 0.9740102 -0.7519151 0.1175745 0.6486909 -0.3265656 0.09124791 0.9407597 0.09657675 0.9952725 -0.01027452 0.3248706 0.9407082 0.09760701 0.2203747 0.9293995 0.2960603 0.1291278 0.9515646 -0.2790178 0.1739225 0.9751638 -0.1371372 0.3081008 0.9510697 0.02325046 -0.03046804 0.002033531 -0.9995337 -0.1530131 0.1830744 -0.9711183 -0.8049144 0.07013273 0.589232 0.9236224 -0.1439346 -0.3552529 -0.012313 -0.5856142 0.8104965 0.3232397 -0.08663022 0.9423435 0.7034105 -0.1122227 0.7018687 0.1093915 0.1981595 0.9740464 -0.9844799 0.1563804 -0.07965362 -0.9763444 0.1515101 -0.1542609 0.01280093 -4.77235e-4 0.9999181 0.01398313 0.001040041 0.9999017 -5.48163e-5 5.3601e-6 1 0.008773148 -0.002188563 0.9999591 0.01453441 -0.001272499 0.9998937 -0.59153 0.03160154 0.8056635 -0.02984386 5.10888e-4 0.9995545 0.1075171 -0.01886469 0.9940243 -0.1636497 -0.1209529 0.9790757 0.6771427 -0.04988962 0.7341586 -0.6785997 0.1010503 0.7275241 0.4347607 0.1541991 0.8872463 -0.04922789 0.1106743 0.9926369 -0.01134872 9.93782e-4 0.9999352 -0.04664212 0.010854 0.9988527 0.01774901 -0.003963291 0.9998347 -0.3904411 0.03419053 0.9199929 -0.009757995 3.53272e-4 0.9999524 -0.1081814 -0.04205644 0.9932412 -0.0108202 -0.001039326 0.999941 0.0126357 -7.32659e-4 0.9999199 0.01251363 -7.07926e-4 0.9999215 0.6565023 -0.07705807 0.7503777 0.983728 -0.1564045 -0.08841317 0.9762487 -0.1520726 -0.154313 -0.4913883 0.0866391 0.8666206 -0.4972418 0.08698815 0.8632403 -0.09646719 -0.9952711 -0.01138341 -0.1842538 -0.981112 0.05890637 -0.3423193 -0.8803368 0.3283666 -0.1413738 -0.9590834 -0.245301 -0.17409 -0.9746258 -0.1407032 -0.2970466 -0.9548538 0.004185676 -0.9236133 0.1439526 -0.3552692 0.1530534 -0.1830827 -0.9711104 0.8049075 -0.07013154 0.5892416 0.03046208 -0.002033889 -0.9995338 -0.9879339 -0.1530825 -0.02350121 -0.9750565 0.0970695 -0.1996055 -0.9860073 0.1637575 -0.03119528 -0.9496555 0.2468593 -0.1929118 -0.9787341 0.198379 -0.05220484 -0.9679061 0.1741195 0.1812188 -0.9633975 0.1725022 0.2052032 -0.9633943 0.1725193 0.2052038 -0.9633958 0.1725111 0.2052034 -0.6949808 0.7038261 0.1470736 0.9748303 0.2131581 0.06534057 0.9853521 -0.1038292 -0.1352804 0.695328 -0.7030482 0.1491382 -0.6386788 0.2253841 -0.7357252 0.05445176 0.1858656 -0.9810652 -0.1160399 -0.2054504 -0.9717639 0.04653465 0.09268152 -0.9946079 -0.02209246 0.1199856 -0.9925299 0.04766106 0.2702882 -0.9615991 0.02577733 0.2028137 -0.978878 0.007704734 0.0539717 -0.9985128 -1.2967e-4 6.82151e-5 -1 0.2463043 0.1712155 -0.9539494 0.2390735 0.1455985 -0.9600235 0.02001756 0.07038146 -0.9973194 0.001454949 0.01787614 -0.9998393 0.2286428 0.04765117 -0.9723436 -0.08068394 0.005485415 -0.9967247 -0.05802053 -0.3375505 -0.9395176 -0.06307715 -0.3568757 -0.9320198 -2.89717e-4 -0.001792848 -0.9999983 -1.61925e-4 -9.29411e-4 -0.9999997 0.984729 -0.1736418 0.01254636 -0.9847289 0.173642 0.01254832 0.02058959 -0.01380544 -0.9996927 0.08639794 -0.004691123 -0.9962497 0.1444219 0.1270754 -0.9813227 0.146121 0.1337571 -0.9801826 -0.1440353 -0.08799791 -0.9856522 -0.05413186 -0.7360349 -0.6747758 -0.08517491 -0.07491916 -0.9935454 -0.1049673 -0.1924633 -0.975674 0.0640195 0.3325989 -0.9408929 -0.01245439 -0.06465655 -0.9978299 0.0570324 0.2524634 -0.9659242 0.3036819 -0.03748571 -0.9520359 -0.008642315 -0.04914563 -0.9987543 -0.09316474 0.2829573 -0.9545971 -0.1880561 0.1444093 -0.9714839 0.0384165 0.1257838 -0.9913136 0.826355 -0.3257072 -0.4594041 -0.08945024 -0.3887283 -0.917 0.0252633 0.08948659 -0.9956676 0.9947001 0.06449109 0.08007925 -0.9951932 -0.05860704 0.07845866 0.2144403 0.01568889 -0.9766111 0.001354336 0.007888376 -0.999968 0.001909196 -0.04205882 -0.9991134 -0.0102176 0.04062598 -0.9991223 -0.0144062 0.01876854 -0.9997201 0.03115624 0.1762678 -0.9838491 -0.004758179 -0.03934592 -0.9992144 -0.04173523 -0.03704261 -0.9984419 0.7316737 -0.0781666 -0.6771586 -0.00622487 -0.03546053 -0.9993517 -0.4083623 0.07204025 -0.9099728 0.3040123 -0.05364131 -0.9511567 0.944625 -0.3224962 0.06066131 0.971412 -0.2373151 0.006367683 0.983974 -0.1775637 0.01632505 0.993563 -0.110706 -0.02401643 0.1046552 0.9945086 2.34464e-4 0.1006355 0.9949231 -9.09924e-4 0.1752672 0.9841825 -0.02581208 0.173842 0.9843654 -0.02835059 0.1731706 0.9824494 0.06932002 0.2539549 0.9672161 2.78044e-4 0.1762015 0.9826999 0.05704253 0.2594208 0.9657635 -0.00138998 -0.9181823 0.387802 0.08093971 -0.9706649 0.2398842 -0.01628679 -0.9839805 0.1775301 0.01629424 -0.9938468 0.108709 -0.02123689 0.1738718 0.9847682 4.16306e-4 0.1736847 0.9848013 6.56771e-5 0.0679953 0.106882 0.9919441 0.1191543 0.08126962 0.9895442 -0.2066645 -0.03861832 0.9776495 0.191842 0.054484 0.9799124 0.6231387 -0.09074884 -0.7768287 0.7858185 -0.1340353 0.6037582 -0.622378 0.08775877 -0.7777816 0.2064747 0.03868514 0.9776869 -0.1061603 -0.07785928 0.9912961 -0.1780078 -0.05148905 0.9826811 -0.0336703 -0.1139675 0.9929138 -0.7855758 0.1339949 0.6040829 -0.03165513 0.6128263 0.7895834 0.9828732 -0.1769288 -0.05154228 0.9842966 -0.1732215 -0.03398042 -0.9836099 0.1771419 -0.03364908 -0.9836465 0.1724171 -0.05207711 0.9980785 -0.06181031 0.004353225 -0.9976925 -0.06641459 -0.01409983 -0.06213158 -0.2766993 0.9589459 0.9344388 -0.3559941 -0.009614527 0.1200849 -0.7821481 -0.6114116 -0.6429383 0.05497938 0.7639422 0.176251 -0.9158425 0.3607884 -0.0803343 -0.8967057 -0.4352762 -0.3524666 -0.2821155 -0.8922882 -0.3151837 -0.870263 0.3785519 0.9732799 -0.2281234 -0.02619469 -0.3875408 -0.4904403 -0.7805642 0.7205332 -0.006768465 0.6933875 0.5829798 -0.4632562 0.667479 0.287459 0.9557973 0.06179833 0.2072757 0.9462934 -0.2481241 0.3309744 -0.9048711 -0.2677019 0.3549767 -0.2811388 -0.8916012 -0.6695703 -0.140095 -0.7294169 -0.7149577 0.4753806 -0.5126879 -0.6596825 -0.4967299 0.5639845 0.8689159 -0.4923361 0.05089634 0.6099708 0.005174756 -0.792407 -0.02527648 -0.425539 -0.904587 -0.7654808 0.4817936 -0.4265139 -0.6692769 -0.0720458 -0.7395119 -0.8482728 0.05581629 0.5266098 -0.8375802 0.07820242 0.5406884 0.09163534 -0.3708389 0.9241654 0.9973266 -0.07161355 0.01452893 0.9005706 -0.3994067 0.1716014 0.2335284 0.9716415 0.03711318 0.1336281 0.9898103 -0.0491842 0.03859502 -0.4176968 -0.9077664 -0.04842388 -0.511569 -0.8578767 -0.9833037 -0.1553903 0.09469801 -0.9820596 -0.1567665 0.1048009 -0.9998034 0.01544857 0.01243233 0.1633615 -0.9789712 -0.1221829 -0.7173088 -0.2060231 0.6655995 -0.9094132 0.3877033 -0.1505125 0.07690829 0.8540623 -0.5144539 0.8419876 -0.4140993 -0.3458015 0.9976789 -0.06715333 0.01128572 -0.8419862 0.4141066 -0.3457964 -0.9982566 0.0535047 0.02491909 -0.56252 0.7841262 -0.26214 0.7272832 0.2089018 0.6537731 0.9509248 -0.3084707 -0.02425134 -0.0776816 -0.8626572 -0.4997882 0.3552513 -0.2539568 -0.8996124 -0.9748023 0.2030131 -0.09244561 -0.1296424 0.7156547 -0.6863172 0.3399009 -0.4164081 -0.8432508 -0.907537 -0.347059 -0.2364885 0.9425163 -0.3335354 0.02042675 0.6745474 0.7312157 0.101535 -0.1001772 -0.004367053 -0.9949601 0.5975816 -0.6190876 -0.5095359 -0.7537374 -0.2165496 0.6204726 -0.9767966 0.02089011 0.2131477 0.4169598 0.6438179 -0.6415942 -0.3255996 0.3012274 -0.8962405 0.8258048 -0.2399199 0.5103771 -0.6014182 0.5276502 0.5999013 0.7467626 0.01472216 -0.6649277 -0.03124845 0.03622806 0.9988549 -0.4010339 -0.2249152 -0.8880231 -0.3110297 0.8915193 0.3293234 0.7878605 0.1994167 -0.582674 0.1624788 -0.311066 0.9363967 -0.2259358 -0.0586211 -0.9723768 -0.4243621 -0.2828347 0.8601868 -0.8417717 -0.08224815 -0.5335314 0.7315514 0.4576468 0.5053632 0.3941713 0.07479792 -0.9159882 0.1000773 -0.711505 0.6955179 -0.6927747 0.4354472 0.5748468 0.7936712 0.1306481 -0.5941526 -0.685571 0.6641076 0.2982509 0.8659656 0.2473318 -0.4346618 -0.5697717 0.6501507 0.5026574 0.7942309 0.003195524 -0.6076078 -0.9596378 0.2757601 0.05524289 -0.1635726 0.9800869 -0.1125777 0.6806979 0.1733045 -0.7117696 0.04249602 -0.2341797 0.9712641 -0.2908395 -0.2893936 -0.911956 -0.6801483 0.4633889 0.5680397 0.7690333 0.3145818 -0.5564407 0.6240826 -0.4026416 0.6696272 -0.855466 -0.5178136 -0.006860375 -0.9130206 -0.4079012 0.003160834 -0.1796728 0.9837044 -0.006594955 0.1731967 0.9844277 -0.03008627 0.9419231 -0.3347363 0.02706664 0.804104 -0.5944643 0.005396544 -0.1746315 -0.9845146 -0.01532554 -0.8971691 0.4412765 0.01904559 -0.8182368 0.5748324 0.007507622 0.8585562 0.51268 -0.006378769 0.9610598 0.2759633 0.01443541 -0.08970659 -0.995926 -0.009177863 0.07414734 -0.9966301 -0.03508079 -0.9607278 -0.2758646 0.03001296 -0.9286413 0.370975 -0.001750469 0.3977571 0.9174627 0.007192194 0.5665879 0.8239457 -0.009581804 0.5862147 -0.8101539 -0.001806437 -0.9064003 -0.4224159 0.001870751 -0.9610641 -0.2759482 0.0144357 0.08970791 0.9959259 -0.00917834 0.1734364 0.9847273 -0.01523911 0.8971782 -0.4412702 0.01875674 0.7072389 -0.7069508 -0.005815625 0.2915961 -0.6653617 0.6872158 -0.7589719 0.3809604 -0.5280446 0.7750252 0.5426838 0.3237751 -0.1675754 -0.960995 -0.2200163 -0.962321 -0.2513804 0.1036643 -0.9084281 0.1425724 0.3929776 0.06096369 0.9915525 -0.1144856 0.7725848 0.6056661 0.1904767 0.3992955 -0.9114769 -0.09885793 0.5713738 -0.8201686 0.02925223 -0.8544012 -0.4008948 0.3305785 -0.9766824 -0.06772512 -0.2037275 0.1681841 0.9290651 0.3294726 0.07986563 0.8973422 0.4340489 0.7745478 -0.5615767 -0.2910454 0.7069343 -0.7068454 -0.02476835 -0.9673172 -0.06704843 0.2445446 -0.4686727 0.8666115 -0.1712619 0.0861414 0.9677991 0.2365261 0.8093978 -0.5868314 -0.02245193 0.6853852 0.2539204 0.6824747 -0.06345808 -0.9848752 -0.1612271 -0.8617179 0.1705743 -0.4778563 0.3346541 0.736483 0.5878772 0.7164212 -0.5194582 -0.4657295 0.05682492 -0.7829842 0.6194407 -0.9866791 -0.1624907 -0.007823348 -0.9963775 -0.02775156 0.08038514 0.1021209 0.989093 0.1061438 0.5127672 0.8524074 -0.10233 0.7368628 -0.5342351 0.4142779 0.605037 -0.7790507 0.1643481 -0.5939593 -0.5081945 0.6236592 -0.593869 -0.5081425 0.6237875 -0.5938662 -0.5081387 0.6237934 -0.6988011 0.5066746 -0.5049336 0.145628 0.7801831 0.6083642 0.7085374 -0.3525351 -0.6113049 0.708545 -0.3525373 -0.6112949 0.7086585 -0.3525232 -0.6111716 -0.5127975 -0.8523902 -0.1023222 -0.7368673 0.5342279 0.4142793 -0.6050384 0.779049 0.1643511 0.9866839 0.1624618 -0.007826864 0.9788388 -0.1136514 0.1701707 -0.2388409 -0.9701997 0.04083776 -0.5049592 -0.7342057 -0.4538263 -0.2651211 0.9634668 -0.0379818 0.5049706 0.7341999 -0.4538231 0.2651175 -0.963468 -0.03797781 0.05760437 -0.03410649 0.9977568 -0.05760467 0.03410661 0.9977567 -0.0391702 -0.9919362 0.1205333 -0.7393648 0.6717206 0.04616558 -0.7007352 0.7133283 0.01153272 0.9990854 -0.04077327 -0.01288503 0.999076 0.018453 -0.03881496 -0.1750754 -0.9808437 0.08540707 -0.9990855 0.04077082 -0.01288944 -0.9941654 -0.08418303 -0.06744384 0.1623051 0.9820073 0.09653288 0.1011086 0.9883301 0.113933 0.7538941 -0.6531795 0.07071334 0.6854899 -0.727993 0.01139509 -0.4857733 0.538049 -0.6888597 -0.04009002 -0.7025708 0.7104837 -0.2014702 -0.9779079 0.05573165 -0.5356321 0.8346379 0.1283659 0.9067502 0.3933858 0.1518277 -0.6490159 -0.1438401 0.7470533 -0.5358147 0.6886979 -0.4884648 0.6398634 0.3664056 0.6755161 0.4058593 -0.4676452 -0.7852302 -0.9971759 -0.05584263 0.05021834 0.8661603 0.4959458 0.06167709 0.2231519 -0.9551746 0.1945374 0.7538478 -0.5331422 -0.3840221 0.09362941 0.1993439 -0.9754464 -0.9614945 -0.2014657 0.1869222 0.3667593 0.7170007 0.592788 0.2388752 -0.5355818 -0.8099943 0.8318348 -0.4976977 -0.2456581 -0.006243824 -0.03561854 -0.999346 -0.7820677 -0.607474 -0.139088 -0.7641718 -0.1615152 0.6244632 -0.04501527 0.4786943 -0.876827 0.8219124 0.0450052 0.5678332 -0.1618988 0.232771 -0.9589611 0.001944363 0.0840063 -0.9964634 -0.1550025 -0.8005452 -0.5788797 -0.7425308 -0.1631469 0.6496393 0.4847476 -0.6419636 -0.5940561 0.03535676 0.09840577 -0.9945182 -0.8377933 -0.03263378 0.5450114 -0.09172397 0.4047329 -0.9098231 0.8098243 -0.04879248 0.58464 0.8310722 -0.4987961 -0.2460116 -0.1079835 0.0258544 -0.9938164 -0.7980505 -0.5881819 -0.1309875 0.7290976 0.1372221 0.6705124 -0.02782303 -0.7671071 -0.6409156 0.03087925 0.08885627 -0.9955657 -0.7492051 -0.2474443 0.6143803 -0.2566686 0.3148956 -0.9137626 0.7823891 -0.07319134 0.6184744 -0.1563097 0.2412551 -0.9577909 0.005733668 0.05987304 -0.9981896 -0.1618744 -0.6873267 -0.7080811 -0.6331065 -0.195293 0.7490239 0.9453939 -0.3258256 -0.008253931 -0.0055871 0.176981 -0.9841985 -0.8665859 -0.4303165 -0.252699 0.5752462 0.2400546 0.7819626 0.05949407 -0.7177008 -0.6938055 6.4785e-4 0.08976525 -0.9959628 -0.7648026 -0.3128502 0.5632069 -0.6112082 0.4696686 -0.6370525 0.03979265 0.02286708 -0.9989463 -0.03725457 -0.01867407 -0.9991313 0.3959349 0.7924733 0.4639202 0.6920833 -0.6286919 -0.3546367 0.4772936 -0.838945 0.2614617 -0.0613346 0.1050748 0.9925711 -0.9998342 0.002219796 -0.01807057 0.830273 0.2377837 0.5040889 -0.1755524 -0.1951477 0.9649346 -0.7500555 0.5715256 -0.3328292 0.02502584 0.003193974 -0.9996818 -0.02502644 -0.003194093 -0.9996818 0.652253 0.635202 0.4136237 -0.8973109 0.2641063 0.353668 0.2814878 -0.8689068 0.4071431 0.6897136 -0.1842389 0.7002509 -0.9565001 0.00437957 0.2916994 -0.1186333 -0.06689435 -0.9906823 0.2113876 -0.8874362 -0.4096004 0.1802832 -0.9794203 0.09074074 -0.1336311 -0.2943512 -0.9463087 0.06056004 -0.1435477 0.9877887 -0.2221626 -0.8506303 0.4765207 -0.6088174 -0.7548818 0.243916 -0.5454006 -0.7962803 -0.2616792 -0.3709096 -0.8413707 -0.3930919 -0.187773 -0.8967832 0.400651 0.1289584 -0.9223719 -0.3641425 -0.5952793 0.3036949 0.7439166 -0.1402074 -0.9337498 0.3293223 -0.07427912 -0.9893802 -0.1249377 -0.07983368 -0.9867194 -0.1414619 -0.2423992 -0.9379872 -0.2478362 -0.9920413 0.07754993 0.09919703 -0.6462734 -0.7497981 0.1418929 0.2670111 0.563806 0.7815549 0.426614 -0.4867588 0.7622773 -0.1994885 -0.9700449 -0.1386268 -0.1783031 -0.9657763 -0.1883726 -0.2041919 -0.9159603 -0.3454309 -0.9060173 0.4200499 -0.05187249 0.8268432 -0.2699235 0.4934287 0.5029428 -0.4451367 0.7408792 -0.09479159 0.04996061 0.9942427 -0.4542117 -0.1911897 0.870137 -0.9557034 -0.05184257 0.2897301 0.2193181 0.9756515 0.001964449 -0.8660457 -0.4445399 -0.2287994 -0.8849232 -0.1719201 -0.4328446 -0.1609583 0.1438108 -0.9764277 0.3490058 -0.3876291 -0.8531932 0.8259931 -0.2418144 -0.5091773 0.8692196 -0.442415 -0.2207403 -0.4459973 -0.8946406 0.02654999 -0.4459552 -0.894663 0.02649748 -0.4457346 -0.8947755 0.02641314 -0.1867149 -0.9818464 0.03339624 -0.06138765 0.01273435 -0.9980328 0.5346993 -0.2022472 0.8204833 -0.5013771 -0.09536164 0.8599576 0.06848961 0.06000226 0.9958459 -0.8207848 -0.06778281 0.5672018 -0.963814 0.119296 0.2383928 -0.6265969 -0.07292157 -0.7759245 -0.5455551 -0.159428 -0.8227713 0.3994196 -0.214743 -0.8912629 0.7790848 -0.5149509 -0.357565 0.1118734 -0.3068084 -0.9451735 0.9499291 -0.1917585 0.2467055 0.9498918 -0.1915842 0.2469843 -0.2739595 -0.954434 0.1183302 -0.04536604 -0.9766383 0.2100467 -0.2830439 -0.9549413 -0.08929365 -0.2831858 -0.9549023 -0.08926045 -0.2830592 -0.9549368 -0.08929336 -0.2956425 -0.9537748 -0.05393767 0.8716347 -0.4356966 0.2245475 -0.8965061 0.2117428 0.3891554 -0.8964921 0.2118073 0.3891525 -0.8967328 0.2114783 0.3887768 0.4707831 -0.2206318 -0.854216 0.4707808 -0.2206443 -0.854214 0.4694723 -0.2215305 -0.8547047 -0.9358984 0.002111732 -0.3522641 -0.9360752 0.002301573 -0.3517927 -0.9366209 4.90024e-4 -0.3503444 0.7539036 -0.2905584 -0.5892412 -0.1909075 0.01755392 0.9814511 0.8618122 -0.1433842 0.4865398 0.8618333 -0.1432665 0.486537 0.8618281 -0.1433013 0.4865359 -0.9651797 0.1199767 -0.2324517 -0.6996752 -0.01643037 -0.7142723 -0.6996548 -0.01634424 -0.7142941 -0.6996505 -0.01633125 -0.7142986 -0.224732 -0.07196605 0.9717595 -0.9666026 0.04459244 -0.2523707 -0.9665201 0.04455274 -0.2526935 0.8715164 -0.1966183 -0.4492221 0.8715016 -0.1966924 -0.4492185 0.8712779 -0.196965 -0.4495326 0.6353446 -0.2424035 0.733197 -0.2022572 -0.1432664 0.9687966 -0.2022547 -0.1432535 0.9687991 -0.2022604 -0.1432906 0.9687924 -0.3081761 0.1073817 -0.9452496 -0.3083364 0.1073443 -0.9452016 -0.3081713 0.1074008 -0.945249 0.5618644 -0.3879564 0.730615 -0.01153886 0.139322 0.9901799 -0.9986139 -0.05093759 0.01325249 -0.89248 0.2805626 0.3532195 -0.436423 0.6478778 -0.6243311 -0.2984741 -0.7661288 -0.5691749 0.9193805 -0.179239 -0.3501613 -0.1933971 0.04197102 0.9802225 -0.2901697 0.01494544 0.9568585 0.6797445 -0.6150649 0.3995532 0.6796942 -0.6151279 0.3995417 0.6793778 -0.6149662 0.400328 0.2917374 -0.01531046 -0.956376 -0.2828669 -0.04308968 -0.9581909 -0.3073081 0.4409837 0.8432645 -0.307276 0.4410557 0.8432387 -0.3072459 0.441099 0.843227 -0.1744829 -0.984379 0.02353018 -0.1253231 -0.9920431 0.01202178 -0.1990199 -0.9799703 -0.007026553 -0.1685345 -0.9847704 -0.04270303 0.5624154 -0.4540089 -0.6910607 0.9235405 -0.2512892 0.2897012 -0.9814176 -0.006371378 0.1917783 0.09362667 -0.2588884 -0.9613589 0.09362709 -0.2589024 -0.961355 0.093629 -0.2588286 -0.9613748 0.9443377 -0.2861839 0.1622498 -0.9318425 0.0626915 0.3574066 -0.5676274 -0.02780419 -0.822816 0.9158757 -0.24635 0.3169912 -0.7402265 -0.1269354 0.6602667 0.1567562 -0.1032937 -0.982221 0.8313648 -0.5254731 0.1808612 0.8313984 -0.5254172 0.1808692 0.8313658 -0.5254713 0.1808615 -0.6657174 0.1209868 0.7363305 -0.8159389 0.5781381 1.00268e-5 0.8159389 -0.5781381 -1.00268e-5 -0.8159332 0.5781462 -1.40374e-5 0.8159332 -0.5781462 1.40374e-5 0.132908 -0.02343297 -0.9908514 -0.132908 0.02343297 0.9908514 0.1329216 -0.02343779 -0.9908494 -0.1329216 0.02343797 0.9908494 -5.18628e-4 -0.04357421 -0.9990501 5.18628e-4 0.04357421 0.9990501 0.1329104 -0.02343362 -0.9908511 -0.13291 0.02343356 0.9908511 5.20185e-4 0.04357206 -0.9990502 -5.20234e-4 -0.04357194 0.9990502 0.1329261 -0.02343845 -0.9908488 -0.1329261 0.02343845 0.9908488 0.1329066 -0.02343243 -0.9908515 -0.1329066 0.02343231 0.9908515 0.132906 -0.02343612 -0.9908515 -0.1329062 0.02343618 0.9908516 0.1329258 -0.02343654 -0.9908489 -0.1329258 0.02343654 0.9908489 -0.1329066 0.02343368 -0.9908516 0.1329065 -0.02343368 0.9908516 -0.9876129 0.1567091 0.007951438 -0.9859675 0.1665483 0.0113995 -0.9842888 0.1753365 0.02080082 -0.9853024 0.1704232 0.01163285 -0.9837834 0.1748793 -0.03984546 -0.9854411 0.1695186 -0.01301366 -0.984825 0.1722736 0.02101892 -0.9847193 0.1741042 0.003971099 -0.9833797 0.1739386 0.05205559 -0.9842737 0.1766503 -2.23975e-4 -0.9831665 0.182343 0.01161527 -0.9822795 0.1873472 0.005280017 -0.9826409 0.1855142 -0.001199781 -0.984739 0.1700813 -0.03689932 -0.9845647 0.1749908 -0.003259778 -0.9848399 0.1734626 0.001143753 0.9847259 -0.1739484 -0.007551729 0.9851001 -0.1719796 -9.61579e-4 0.9830517 -0.1832994 -0.00331372 -0.9847208 0.1741363 0.001273751 -0.9850756 0.1721226 1.01755e-4 -0.9889223 0.1479144 -0.01240932 -0.9840824 0.1776284 0.005482435 -0.9743648 0.2249634 0.002179682 0.9861104 -0.1655363 0.01357132 0.9879377 -0.1548469 -0.00127542 0.9808202 -0.1824865 0.06848555 0.9854692 -0.169192 0.01498353 0.984858 -0.1729838 -0.01146787 0.9852153 -0.1711525 -0.007611215 0.9751138 -0.1754984 0.1354753 0.9843634 -0.1757771 0.01145678 0.984371 -0.1727795 0.03407585 0.9840183 -0.1780527 0.002290904 0.9834575 -0.1807348 0.01210409 0.9847768 -0.1728332 -0.01853442 0.9845556 -0.1750431 -0.003218531 0.9848371 -0.1734777 0.001291453 -0.9847663 0.1735947 -0.01001489 -0.9849802 0.1725845 -0.005353569 -0.9859651 0.1663347 -0.01434481 0.9847335 -0.1740637 0.001404106 0.9850706 -0.1721515 1.67285e-4 0.9920107 -0.1253924 -0.0138359 0.9849625 -0.1726104 -0.007396936 0.9827304 -0.1843183 0.01636588 0.303231 -0.1242222 -0.9447856 -0.3709381 0.1519591 -0.9161405 -0.9468523 0.1503265 0.2843814 -0.5519974 -0.8202687 0.1498606 0.03320991 0.1749501 0.9840171 -0.4118363 0.1038107 0.9053255 -0.2500063 -0.008235275 0.9682093 0.02723425 -0.01735538 0.9994785 -0.2561041 0.01047998 0.9665924 -0.2489546 -0.08284145 0.9649658 0.4843471 -0.1436183 0.8630074 -0.4389883 0.04424583 0.8974028 0.878511 -0.0979315 0.4675769 -0.3549782 0.0922904 0.930308 -0.9766287 0.2057384 -0.06219607 -0.007481873 -0.07269912 0.9973259 0.136842 -0.08277606 0.9871284 -0.2083066 0.0198819 0.9778615 -0.2035583 0.01702129 0.9789149 0.1606711 0.006254792 0.9869883 -0.3468418 0.1464339 0.9264222 -0.08124274 0.01910227 0.9965113 -0.8718202 0.1704701 0.4592054 -0.9240222 0.1452643 -0.3536686 -0.4400659 -5.64037e-5 0.8979655 -0.05614584 0.6953251 0.7164989 0.5756324 -0.1514118 0.8035683 0.01012146 0.03586852 0.9993053 -0.04733294 0.03472912 0.9982753 0.9558116 -0.2816873 -0.08412241 0.2762362 -0.01163405 0.9610194 0.8642782 -0.161113 0.4765143 0.8838629 -0.1717569 0.4350701 0.4260206 0.3003618 0.8533987 -0.2460066 0.1400954 -0.9590902 0.1374634 0.9007983 0.4119056 0.8980991 0.2288049 -0.3755882 0.1614665 0.5966994 0.7860525 0.1844415 0.9828053 -0.008676052 -0.3594884 -0.4951994 0.7909144 0.02808403 -0.8829438 0.468638 -0.4946191 -0.5568232 -0.667308 0.166935 -0.9823992 -0.08381265 0.07074689 -0.8931674 0.4441249 -0.8624359 -0.4747593 0.1755223 -0.7481842 0.6406887 0.1724485 0.943287 0.2552429 0.2122752 0.8344475 -0.5413017 0.1033926 -0.9902114 -0.03075456 0.1361455 0.3937074 0.9103251 0.1276823 0.3549315 -0.8420827 -0.4061039 0.3547243 -0.8420441 -0.4063649 0.7510217 -0.6318063 0.1918 -0.6760442 -0.2314892 0.6995548 0.1077008 0.7904931 -0.6029272 -0.4188116 -0.4180027 -0.8061456 -0.2108395 0.5635722 0.7987072 -0.3500554 -0.9155072 0.1982619 -0.5448588 0.8366906 0.05547934 0.9598386 -0.2458516 0.1351546 -0.6782627 -0.7200746 0.146466 -0.4293201 0.890026 0.1534212 0.9849908 -0.147104 0.09029698 -0.9491966 -0.2968587 0.1044061 0.2669128 0.9505751 0.1586333 0.7504619 -0.6491028 0.1243894 -0.8406852 -0.5320356 0.1009286 -0.005026459 0.9878131 0.1555635 0.9195716 -0.3679944 0.1377249 -0.9227765 -0.2523471 -0.2912122 -0.06924921 0.6850744 0.7251742 -0.9874291 -0.02111059 0.1566464 -0.9867258 -0.03149479 -0.1593128 -0.9867399 -0.03164017 -0.1591957 -0.9867432 -0.03179061 -0.159146 0.757189 -0.2074455 -0.6193796 0.9467521 0.3116912 0.08067941 -0.304334 -0.4126006 0.8585696 -0.3276451 0.1945086 -0.9245622 -0.3280867 0.1943733 -0.924434 -0.145166 0.1103247 -0.9832372 0.9432268 0.2557612 0.211919 -0.9541683 0.1898008 0.2313843 -0.04680675 -0.05485552 -0.9973966 0.5879958 -0.02093869 -0.8085929 0.9313212 -0.1798902 0.3166708 0.5055766 0.7214673 0.4731568 -0.5492601 0.002561688 0.8356476 0.4118421 -0.1038134 0.9053226 0.2912712 -0.01960176 0.9564397 -0.09284186 0.03401416 0.9950998 -0.3669174 0.08121258 0.9267018 -0.1415308 0.1273567 0.9817074 -0.5633981 0.1648906 0.8095639 0.3553896 -0.279734 0.8918785 -0.5229122 0.07677996 0.8489216 0.6782061 0.06207859 0.732245 0.9273869 -0.1855273 0.3248587 0.5134307 0.1294854 0.8483057 -0.1920968 0.1314381 0.9725343 0.2082916 -0.0198723 0.9778649 0.203563 -0.01702171 0.9789139 -0.1607095 -0.006253361 0.9869819 -0.1010212 0.06435692 0.9928006 0.08120262 -0.02036046 0.9964897 0.06025338 0.01751166 0.9980295 0.07212144 0.01047843 0.9973408 -0.07080179 0.02294129 0.9972266 0.1563622 -0.01598554 0.9875704 0.0895248 0.06747394 0.9936964 0.09399813 0.04544097 0.9945349 0.1463262 -0.01367002 0.989142 0.1896402 -0.003579318 0.9818471 -0.6607431 0.06023395 0.7481915 -0.3615807 0.1518843 0.9198862 0.2353525 -0.06432598 0.9697791 -0.871582 0.1480733 0.4673535 -0.1736459 -0.9848082 -9.22738e-6 0.4113535 -0.2292941 0.8821636 -0.4322764 -0.717738 0.5458839 -0.7742844 -0.5770675 0.2597633 -0.4582253 -0.6417298 0.6149899 -0.464803 -0.8812189 -0.0860899 0.2951619 -0.6817004 -0.6694506 -0.3175227 0.7305747 0.6045164 0.5326497 0.841314 -0.09206068 0.1569876 0.6075729 -0.778595 0.1659049 0.9854342 -0.03734946 0.8706676 0.4590485 0.176671 0.7481415 -0.6406511 0.1727727 0.7479213 -0.6408587 0.1729564 0.7481824 -0.6406403 0.1726358 -0.5862722 -0.7231646 -0.3651273 -0.9387212 -0.2676735 0.2171486 -0.9387418 -0.2676861 0.217044 -0.9386878 -0.2676989 0.2172617 -0.614477 0.7699394 0.1720802 0.8836212 0.4207258 0.2054348 0.4876157 -0.8690272 0.08380132 0.4876282 -0.8690335 0.08366221 0.4876297 -0.8690305 0.08368539 -0.9544161 0.2707959 0.1255375 -0.9233398 0.3579826 0.1388962 0.4285467 0.8721208 0.2361211 0.4231566 -0.8649313 0.2698751 0.4187783 0.4180034 -0.8061625 0.2108318 -0.5635734 0.7987084 0.3500542 0.9155159 0.1982239 0.5448325 -0.8367061 0.05550491 -0.9598344 0.2458627 0.1351647 0.6528374 0.5897675 -0.4753712 0.1848797 -0.7976748 0.5740509 -0.9058928 -0.2870723 -0.3113644 -0.6583318 0.3526294 0.6650202 0.896736 0.4210532 0.1363039 0.04304993 -0.9880079 0.1482805 -0.8430721 0.5310892 0.08469897 0.949196 0.2968344 0.1044815 -0.2669287 -0.9505733 0.1586171 -0.7504606 0.6491175 0.1243198 0.8406801 0.5320459 0.1009178 0.005016624 -0.9878154 0.15555 -0.9195687 0.3679947 0.1377433 0.7574669 -0.03468358 -0.6519517 0.4862439 -0.2916995 0.823698 0.921079 0.1838895 -0.3432174 0.2430124 0.1005752 -0.9647951 0.2429937 0.1004785 -0.9648099 0.242999 0.1004976 -0.9648066 -0.8881133 0.4529368 0.07812249 0.6175814 0.02382338 0.7861461 0.6175538 0.02385592 0.7861667 0.6176684 0.02364718 0.7860831 -0.3265362 0.1139002 -0.9382969 0.8859666 -0.427069 -0.1807632 -0.9172727 0.178508 -0.3560138 -0.2954068 -0.9239776 0.2429001 -0.1547455 -0.9879409 0.00516057 -0.2534028 -0.7790104 -0.5735241 -0.6239708 -0.7477021 -0.2271613 -0.04001748 0.05831712 -0.9974957 -0.06045645 -0.08536875 -0.9945136 0.1591318 0.5871799 -0.7936605 -0.5932725 -0.6769527 -0.4356179 -0.5208211 -0.6820986 0.5133098 -0.5208799 -0.6822913 0.5129938 -0.5207725 -0.6820945 0.5133646 0.01305377 0.003320515 -0.9999094 0.04371303 -0.03982484 -0.9982501 0.01841485 0.1632017 -0.9864209 0.05645966 -0.5950596 -0.801696 -0.3544341 -0.128503 -0.9262093 -0.08296811 0.06313925 -0.9945501 0.02012038 -0.02791923 -0.9994077 0.03511208 0.1120863 -0.993078 0.03265494 -0.03336226 -0.9989098 0.1305466 -0.2287906 -0.9646826 0.1385034 -0.2225413 -0.9650348 -0.3165424 0.1378165 -0.9385135 0.06194269 -0.05406832 -0.9966142 -0.02566254 0.04292804 -0.9987486 -0.3643972 0.0781154 -0.9279616 -0.02145713 -0.1864514 -0.9822298 -0.02016466 -0.191961 -0.9811954 0.03672075 0.1032137 -0.9939813 0.002010881 0.03262156 -0.9994658 0.03577613 0.04515051 -0.9983394 -0.01068812 0.002030909 -0.9999409 0.2298944 0.9702533 0.07587546 0.06444329 0.9298272 0.3623099 0.04432612 0.9960051 0.07751828 0.02889561 0.8149476 -0.578814 -0.331907 0.9231783 -0.1938549 -3.28394e-5 5.5635e-5 1 0.002861022 -0.001528501 0.9999948 3.07202e-7 -8.09713e-7 1 -2.22398e-7 -5.09016e-6 1 -7.46842e-5 2.87272e-5 1 -3.7536e-6 -2.0133e-5 1 -0.08304494 -0.1844446 0.9793282 -1.56782e-5 6.6699e-6 1 -3.16183e-5 4.34686e-6 1 2.06641e-5 2.47529e-5 1 -5.24469e-5 -6.26589e-5 1 1.57219e-5 -6.71334e-6 1 -7.4148e-6 -1.15839e-6 1 -0.07956546 0.03102117 0.9963469 -0.05922925 -0.0732181 0.9955557 -0.04998594 -0.02607667 0.9984095 -0.05792045 0.007910549 0.99829 0.01193594 -0.07662129 0.9969889 0.07129985 0.06290876 0.9954692 -0.01245105 0.03061205 0.9994539 0.1239317 -0.05985236 0.9904841 -0.03704929 0.04730921 0.998193 -0.1115061 0.0489735 0.9925563 0.0419113 -0.02447181 0.9988217 0.0346145 -0.02510035 0.9990856 0.03219407 -0.01607567 0.9993524 0.03793269 0.04202216 0.9983963 0.01153421 0.06399273 0.9978837 0.02874368 0.005535304 0.9995716 -0.07375031 -0.05847942 0.9955607 -2.35344e-5 1.30948e-4 1 2.52513e-5 -1.26993e-5 1 0.07929676 -0.04160887 0.9959824 2.71799e-5 -1.99905e-6 1 0.08304482 0.1844442 0.9793283 -3.05718e-5 1.69734e-5 1 -0.08729624 0.024419 0.9958831 -2.6409e-4 1.39064e-4 1 -2.69747e-5 -1.28609e-5 1 -3.18012e-6 -2.4061e-5 1 -1.45695e-5 -9.08708e-5 1 0.1782701 -0.03622704 0.9833146 0.3465098 0.9370211 0.04384696 0.3931165 0.8729877 0.2887075 -0.1120675 0.256448 0.9600392 0.2240832 0.9725375 0.06290984 0.02437418 0.7713229 0.6359773 0.1713627 0.9317657 -0.3200742 -0.8043328 0.5366298 -0.2551023 -0.9916762 -0.0559132 0.1159836 -0.957062 0.1882449 0.2204455 -0.9611767 0.1463148 -0.2339476 -0.9231844 0.3709736 0.1005455 -0.3100364 -0.9458779 -0.09587663 -0.3931111 -0.8729826 0.2887303 0.1377339 -0.3152509 0.9389603 -0.1505114 -0.9870409 0.05564695 -0.07838612 -0.7574711 0.648146 -0.1683251 -0.9434779 0.2855101 0.8135095 -0.5383846 -0.219874 0.8681634 -0.4636542 -0.176967 0.9739741 -0.1420632 0.1766141 0.9567266 -0.1728099 -0.2341175 0.8773093 -0.4701339 -0.09644967 0.9459457 0.2014079 0.254208 3.79522e-5 1.51125e-4 -1 -5.66726e-5 -3.05356e-4 -1 -0.06583476 0.05088633 -0.9965323 0.002092361 0.01257342 -0.9999188 1.52421e-4 0.01334005 -0.9999111 0.002446711 0.008758783 -0.9999587 0.9098136 -0.1918211 -0.3680271 -0.00876832 0.008583366 -0.9999247 6.37987e-5 2.54022e-4 -1 -5.67503e-6 -1.846e-6 -1 -4.15742e-6 2.18356e-5 -1 -2.06205e-5 -1.10677e-5 -1 0.01762473 0.01036131 -0.999791 -6.04135e-4 0.008395135 -0.9999646 4.02922e-4 0.009151399 -0.999958 0.004910588 0.01321643 -0.9999006 0.0162841 -0.009861469 -0.9998188 -0.02138328 0.009287953 -0.9997282 -0.005019605 -0.01291596 -0.999904 -0.007908761 -0.01543754 -0.9998496 9.35473e-4 -0.008360803 -0.9999647 7.67427e-6 -3.26406e-7 -1 -0.01762306 -0.01036292 -0.999791 0.008768141 -0.008584797 -0.9999247 -0.01978719 -7.22581e-4 -0.999804 0.03387945 -0.03067392 -0.9989551 -0.005121171 -0.003269255 -0.9999817 -5.76007e-4 -0.01403069 -0.9999014 -0.00232321 -0.008758306 -0.999959 -3.05776e-4 2.78585e-4 -1 2.88404e-5 2.18544e-4 -1 -1.52967e-6 -1.0139e-5 -1 4.26064e-6 -2.22724e-5 -1 -0.2267805 0.04460585 -0.9729239 -3.77378e-5 -2.45342e-4 -1 0.2090932 -0.03776752 -0.9771662 -0.8493359 -0.1645116 -0.5015622 0.2658492 0.9006772 0.3436641 -0.2658862 -0.9006639 0.3436704 0.8493582 0.1644713 -0.5015376 -0.5975175 0.7577334 0.2623225 -0.4812734 0.8695809 -0.1104765 -0.9620064 -0.00965178 0.2728563 -0.9169487 -0.3710673 -0.1466773 0.01846873 -0.9613927 0.2745596 0.4962066 -0.8427276 -0.2087806 0.6957346 -0.6759837 0.2428982 0.9438716 0.3086892 -0.117547 0.8809918 0.4589753 0.1148703 0.3983041 -0.4481641 0.8003143 0.04152339 -0.1663893 0.9851855 -0.104325 -0.03382921 0.9939678 -0.4610147 0.8194607 -0.3405137 -0.6946096 0.6916245 0.197922 0.07401388 -0.7129834 0.6972636 0.041022 0.5193294 0.8535891 -0.4392453 0.8711166 0.2195897 0.01590722 0.05320274 0.9984571 -0.6289483 -0.6968817 -0.3446448 0.004158318 -0.7588256 0.6512808 0.8208198 -0.284214 -0.4954568 0.8318366 -0.3064593 -0.4627424 0.3136301 0.8381488 0.4462541 -0.794025 -0.4923113 0.3565866 -0.8518664 -0.4699143 0.2313099 -0.4121946 -0.2067379 0.8873302 -0.08021718 -0.2090126 0.9746174 -0.5820341 -0.0320329 0.8125332 0.7807704 -0.6208528 -0.07028204 0.6089012 -0.7771213 0.1591293 0.8797126 0.3284639 0.3438275 0.7466577 0.5954681 -0.2965134 -0.1238381 0.8907145 0.4373695 -0.7803851 0.5649126 -0.268091 -0.8607269 -0.5067924 -0.04807114 -0.8654831 -0.4948153 -0.07808214 -0.1748445 -0.9587777 0.2239974 0.3662355 -0.9050268 -0.216329 0.8143597 -0.5249763 0.247423 0.7614492 0.6372832 -0.1185975 0.7375514 0.6735579 0.04835015 -0.2377572 0.9693809 0.06141859 -0.7536345 0.07770907 0.652684 0.08263707 -0.006085932 0.9965611 -0.5189903 -0.6398537 0.5667771 -0.2302925 0.4132743 0.881005 -0.6617559 -0.6689698 0.3384653 -0.3492713 0.5520067 0.7571647 -0.5375102 0.6339948 0.5559978 -0.6137278 -0.2978807 -0.7311671 0.3840387 -0.7245501 0.5723124 0.2031587 0.4473615 -0.8709732 0.3706774 -0.3243575 0.8702818 -0.6775774 -0.6679581 0.3077679 -0.6745786 -0.6305016 0.3839421 0.8743085 -0.3377197 -0.3486118 -0.6089261 -0.7932221 0.002765536 0.7369298 0.4005886 0.5444845 0.580223 0.4069336 0.7055114 -0.6203925 -0.3866129 0.6823809 -0.8743175 0.3377143 -0.3485943 0.608926 0.7932223 0.002736151 0.6775812 0.667975 0.3077226 0.6678277 0.5933722 0.4493503 -0.4749155 0.8712434 0.1240583 -0.4955959 0.5306548 0.6875973 0.6137346 0.2978783 -0.7311624 0.3512376 -0.551961 0.7562878 0.5367063 -0.6330258 0.5578751 -0.3673149 -0.1252204 -0.9216288 -0.9952051 0.05909073 -0.07794314 0.7227894 -0.6576972 0.2121554 0.9909828 -0.1338467 -0.006188511 0.4181248 -0.1726735 -0.8918271 0.02496176 -0.01635664 -0.9995546 0.4233127 -0.0602039 -0.9039811 -0.09672981 0.1313739 -0.9866024 0.06030112 0.01413768 -0.9980801 -0.05351763 0.05870151 -0.99684 -0.07157933 -0.2505182 -0.9654621 -0.04237031 -0.2503408 -0.9672302 0.7632461 -0.6291625 0.1470037 -0.3076295 -0.945029 -0.1108355 -0.8405866 -0.5394999 0.04851931 -0.351584 0.934132 -0.06153106 -0.01966941 0.9929274 0.1170821 0.9234867 -0.371105 0.0972287 -0.5251275 -0.8208591 -0.2245697 0.3883578 -0.9183329 0.07644027 0.3883486 -0.9183312 0.07650637 0.388349 -0.9183312 0.0765047 -0.9745611 -0.2075235 -0.08464437 -0.8324368 0.4204616 0.360917 0.1615214 0.9868574 0.004838764 0.1615325 0.9868552 0.004918992 0.1615335 0.986855 0.004922628 0.9230749 0.3610403 -0.1325996 -0.2669032 -0.3614751 0.8933636 -0.6071603 0.5093627 0.609841 0.4131624 0.6857714 0.5991781 0.633534 0.1618621 -0.7565945 0.9145745 0.2379559 0.3270025 0.9273362 -0.3055717 0.2160404 0.9273729 -0.3055623 0.2158966 0.9273678 -0.3055593 0.2159225 -0.4486488 -0.8797572 0.1572951 -0.4486708 -0.879715 0.1574682 -0.4486888 -0.8796972 0.1575161 -0.8663159 -0.4074153 -0.2889804 -0.8822446 0.4707908 -8.40019e-4 -0.8822423 0.470795 -7.94157e-4 -0.8822438 0.4707921 -8.17843e-4 0.5034243 0.8354922 -0.2202654 0.6074443 -0.5091709 0.6097183 -0.4132095 -0.6857837 0.5991315 -0.6335316 -0.1618618 -0.7565966 0.2614207 0.3590653 0.8959528 0.6158818 -0.756976 0.2183513 -0.5160876 -0.8564521 0.01197838 -0.8214038 -0.527213 0.2175836 -0.9452069 0.2860582 0.1573358 0.0450561 0.9457954 0.3216227 0.8567254 0.3906214 -0.3368033 0.3853983 -0.8823332 -0.2701042 -0.2978389 -0.9400538 0.1661052 -0.712836 0.6978558 -0.06972843 -0.9005269 -0.1744432 0.3982725 0.8266143 0.4883664 -0.2796555 0.2535035 0.8588656 0.4450684 0.7128344 -0.6978601 -0.06970155 0.9005373 0.1743984 0.3982685 -0.8266218 -0.4883621 -0.2796407 -0.2535415 -0.8588625 0.4450529 -0.3853574 0.8823485 -0.2701126 0.2978364 0.940059 0.1660799 -0.4934952 -0.0264815 0.8693454 0.2932299 -0.003215372 0.9560366 -0.1846622 0.2981178 0.9364965 0.4683345 0.2546907 -0.8460469 0.113769 0.9420709 0.3155299 0.4624644 0.6640923 0.5874592 0.9671995 -0.01751488 -0.2534137 -0.01553231 0.005146443 0.9998661 0.2644799 -0.8233714 0.5021057 -0.356956 -0.9316398 -0.06804275 -0.9152417 0.03646165 0.4012518 -0.9382081 0.3225663 0.125366 0.1579859 0.9860554 -0.05230039 0.5083648 0.787255 -0.3489913 0.7386231 -0.673514 0.02854454 -0.5164866 -0.7998331 -0.3057917 -0.8949387 -0.4460728 0.01018828 -0.8443952 0.5294952 0.08143579 0.3912203 0.7732643 0.4990081 0.1875593 0.945326 0.2667967 0.993117 0.1143182 -0.02549439 -0.0174542 0.03613895 0.9991943 0.4514925 -0.8305809 0.3260216 0.3148064 -0.8411073 0.4398132 -0.6967108 -0.707884 -0.1161653 -0.9152426 0.04205697 0.4007023 0.6022415 0.7821819 -0.1596772 0.5395576 0.8355522 -0.103587 -0.05934751 -0.9963922 0.06066679 -0.5227457 -0.8095195 -0.2672363 -0.9208631 0.3898313 0.006536424 -0.8022133 0.4629443 0.3770098 -0.2544832 0.9660604 -0.04433542 0.3305854 0.8499104 0.4103237 0.9462962 0.3105891 -0.08976596 -0.01055455 -0.02456218 0.9996426 -0.02302426 0.01532191 0.9996176 0.7617743 -0.4600788 0.4561002 0.1466844 -0.9799357 -0.1349439 -0.5206685 -0.7334263 0.4370243 -0.9950546 -0.08366203 0.05354726 0.05935066 0.9963919 0.06066936 0.5227525 0.8095151 -0.2672362 0.9208675 -0.3898212 0.00653851 -0.6022419 -0.782182 -0.1596753 -0.5395641 -0.8355476 -0.1035898 -0.02176636 0.9997433 -0.006291687 0.6116558 0.5263524 0.5906186 0.99994 0.005872488 -0.009248197 -0.03813165 -0.01963329 0.9990798 0.1593784 -0.9440743 0.2886563 0.06567138 -0.9201261 0.3860769 -0.9644996 0.2189876 -0.1475974 -0.9513398 -0.05634689 0.3029483 0.5164929 0.7998299 -0.3057894 0.8949354 0.4460796 0.0101819 -0.05143338 -0.9971796 -0.05465751 -0.5121884 -0.7931634 -0.3294768 -0.8919251 0.4361642 0.1192914 -0.001796007 0.02851492 0.9995918 -0.002495527 0.03034353 0.9995364 -0.09690284 -0.01023685 0.9952412 -0.01529639 0.01080602 0.9998247 0.01710212 -0.01034075 0.9998003 0.09690016 0.01023685 0.9952415 0.001895248 -0.03022676 0.9995413 0.001910686 -0.03026711 0.99954 -0.4692697 0.8038011 -0.3656362 -0.053492 0.8148338 0.5772216 0.3968112 0.8215626 -0.4093605 0.8889515 0.09323799 0.4484106 0.9993311 -0.03657168 -5.69377e-5 0.469271 -0.8037973 -0.3656432 0.05348443 -0.8148314 0.5772254 -0.3968068 -0.8215702 -0.4093492 -0.8889585 -0.09323167 0.4483981 -0.9993308 0.03657853 -7.52946e-5 -0.001538097 -0.002381503 -0.999996 -0.001457631 0.009714305 -0.9999518 0.001537203 0.002380013 -0.9999961 0.001457095 -0.009711921 -0.9999518 0.0406779 0.0522868 0.9978033 0.03274136 -0.01551264 0.9993435 -0.2768276 0.9596068 0.05021405 0.8763888 -0.2596569 0.4056118 0.5951771 -0.7987043 -0.08852034 -0.7836356 -0.6198841 0.04073321 -0.06918126 -0.01077711 0.9975459 0.1857225 0.4473147 -0.8748809 -0.1351079 -0.7661948 0.6282448 0.1351077 0.7661947 -0.628245 0.03064942 -0.03415709 -0.9989464 0.01194089 -0.04098528 -0.9990884 6.76068e-4 -5.12793e-4 -0.9999997 5.96733e-4 -0.003407061 -0.9999941 0.006371319 -0.001488626 -0.9999786 0.006125569 -0.001407563 -0.9999803 -0.02845931 -0.1847802 -0.9823678 -0.09010219 -0.121995 -0.9884326 0.005598604 0.001792013 -0.9999828 0.01846146 0.006435036 -0.9998089 -0.00274235 -0.002036869 -0.9999942 0.00276339 0.002059459 -0.9999941 -0.01817905 -0.006334245 -0.9998147 -0.005592048 -0.001797556 -0.9999828 0.09095859 0.1232145 -0.9882028 0.02815532 0.1827619 -0.982754 -0.006119549 0.001410961 -0.9999803 -0.006321907 0.001472055 -0.999979 -5.96928e-4 0.003431141 -0.999994 -6.79178e-4 5.07299e-4 -0.9999997 -0.01197636 0.04117506 -0.9990803 -0.03094887 0.03444832 -0.9989272 0.2336079 -0.06140786 -0.9703899 0.1249067 -0.1380767 -0.9825137 0.03193128 -0.1107941 0.9933304 0.1729111 -0.4090104 0.895998 -0.1211476 -0.7840841 -0.6087164 -0.1211072 -0.7840813 -0.6087278 -0.1211196 -0.7840825 -0.6087238 -0.5812862 -0.7893425 -0.1975973 -0.3542686 -0.5893001 0.7260987 -0.8726432 -0.3004989 -0.3849601 -0.207974 0.006577908 0.9781123 -0.2079119 0.00673592 0.9781244 -0.2079281 0.006666064 0.9781215 -0.2339957 0.0615102 -0.9702899 -0.1253984 0.1385146 -0.9823894 -0.1254432 0.1384241 -0.9823964 -0.1253576 0.1385628 -0.9823879 -0.03201156 0.1110433 0.9933 -0.1728407 0.4089165 0.8960545 0.1211704 0.7839039 -0.6089438 0.5812478 0.7893515 -0.1976747 0.3542624 0.5893293 0.726078 0.8726988 0.3005335 -0.3848074 0.2080928 -0.006812095 0.9780855 -0.2228858 0.0511558 0.9735015 -0.08634138 0.07748895 0.9932475 -0.1156698 0.2471351 -0.9620524 -0.03098285 0.4891641 0.8716414 0.3673033 0.6114056 -0.7009077 0.3428971 0.3736807 0.8618494 0.8630616 0.2590976 0.4335817 0.2549201 -0.003498435 -0.9669559 0.2233237 -0.05124598 0.9733963 0.08650064 -0.07762223 0.9932233 0.1154795 -0.2470204 -0.9621047 0.1155142 -0.2469971 -0.9621065 0.1154933 -0.2470104 -0.9621056 0.0309717 -0.4890082 0.8717292 -0.3672617 -0.6113731 -0.7009578 -0.3428584 -0.3736185 0.8618918 -0.8633819 -0.2591233 0.4329282 -0.2547484 0.003534853 -0.967001 0.3271367 0.9441085 -0.04050797 0.272836 0.9620606 -3.70918e-4 0.1314697 0.9852072 -0.1099209 0.270455 0.9590206 -0.08446145 0.1998642 0.9795545 0.02296227 0.9976655 0.06675356 -0.01440471 0.9705541 0.05156672 0.2352991 0.9742189 -0.2249828 -0.01674461 0.9954552 -0.08398813 0.04488724 0.01947396 0.1083899 0.9939178 0.1042864 -0.02699834 0.9941808 -0.9826907 0.1845188 -0.0164864 -0.9714735 0.2329243 0.04456245 -0.977678 0.2089567 0.02197659 -0.9867324 0.1623548 -5.92264e-4 0.2760897 0.9607298 -0.02779781 -0.1700029 0.9850382 -0.02826166 0.2311816 0.969866 -0.07690966 -0.1900339 0.9323818 -0.307492 0.07629388 0.3477277 -0.9344863 -0.8823405 0.4326691 0.1851288 -0.1810668 -0.09482181 -0.978889 0.1885565 -0.08205938 -0.978628 0.2782682 -0.07915711 -0.9572361 -0.1291184 0.2226995 -0.9662988 -0.9185754 0.09236299 -0.3843027 0.06076961 0.07588267 -0.9952632 0.3728941 -0.08158659 -0.9242801 -0.9028779 0.2821758 0.3243278 -0.9900307 -9.94159e-4 -0.1408487 -0.8912114 0.4500766 0.05633395 -0.4172745 0.7342492 -0.5354999 0.5586928 0.8265361 0.06856113 -0.9011924 0.1756507 -0.3962314 0.4028987 -0.8884065 0.2200148 1.05836e-5 0 1 0.0160166 -0.00305432 0.9998672 0.00391215 -0.005113601 0.9999793 -0.08439564 -0.004817008 0.9964207 -0.225853 0.972329 -0.05972188 0.2149057 0.9620572 0.1681117 -0.8200753 -0.5701347 -0.0492255 -0.7772152 -0.6206828 -0.10339 0.9735435 -0.225758 0.03530508 0.983998 -0.1623578 0.07340258 -0.5874458 0.7685407 -0.253481 -0.980628 0.08298313 0.1774336 -0.2452133 -0.9656978 -0.08542948 0.5515404 -0.8009251 -0.2330711 0.8771421 -0.4739252 0.07756698 0.5943511 0.8012402 0.06900048 -0.60333 -0.7891239 -0.1152243 -0.3375222 -0.9251595 -0.1736623 -0.1725174 -0.9849949 0.004781067 -0.327806 -0.9433346 -0.05160462 0.9488875 -0.1998414 0.2442867 0.9946622 -0.1031658 0.002028644 0.9949555 -0.1000432 0.007422447 0.1779257 0.8026913 0.5692356 0.8913249 0.03195238 0.4522379</float_array>
          <technique_common>
            <accessor source="#Mesh_002-mesh-normals-array" count="3331" stride="3">
              <param name="X" type="float"/>
              <param name="Y" type="float"/>
              <param name="Z" type="float"/>
            </accessor>
          </technique_common>
        </source>
        <vertices id="Mesh_002-mesh-vertices">
          <input semantic="POSITION" source="#Mesh_002-mesh-positions"/>
        </vertices>
        <triangles material="Mesh_002-material" count="3292">
          <input semantic="VERTEX" source="#Mesh_002-mesh-vertices" offset="0"/>
          <input semantic="NORMAL" source="#Mesh_002-mesh-normals" offset="1"/>
          <p>5 0 1 0 2 0 2 1 1 1 0 1 3 2 4 2 5 2 1 3 5 3 4 3 0 4 6 4 7 4 8 5 0 5 1 5 8 6 1 6 4 6 8 7 6 7 0 7 3 8 9 8 8 8 3 9 8 9 4 9 5 10 9 10 3 10 2 11 9 11 5 11 10 12 9 12 2 12 11 13 10 13 7 13 7 14 2 14 0 14 10 15 2 15 7 15 14 16 15 16 13 16 16 17 14 17 13 17 17 18 15 18 14 18 17 19 12 19 15 19 11 20 17 20 16 20 18 21 16 21 13 21 18 22 11 22 16 22 11 23 12 23 17 23 11 24 19 24 12 24 12 25 19 25 20 25 11 26 7 26 19 26 12 27 20 27 13 27 13 28 20 28 21 28 15 29 22 29 13 29 13 30 22 30 12 30 22 31 23 31 12 31 12 32 23 32 15 32 26 33 25 33 24 33 24 34 25 34 21 34 20 35 26 35 24 35 20 36 19 36 26 36 19 37 25 38 16 39 16 40 25 41 14 42 25 43 26 43 14 43 14 44 26 44 17 44 17 45 19 45 16 45 26 46 19 46 17 46 15 47 24 47 22 47 24 48 21 48 22 48 22 49 21 49 23 49 21 50 20 50 23 50 23 51 24 51 15 51 20 52 24 52 23 52 6 53 11 53 18 53 10 54 11 54 6 54 9 55 6 55 8 55 9 56 10 56 6 56 25 57 13 57 21 57 18 58 13 58 25 58 19 59 7 59 25 59 6 60 18 60 7 60 18 61 25 61 7 61 30 62 28 62 27 62 28 63 29 63 27 63 29 64 30 64 27 64 28 65 31 65 29 65 31 66 30 66 29 66 30 67 32 67 28 67 30 68 31 68 33 68 33 69 34 69 30 69 34 70 32 70 30 70 28 71 35 71 31 71 31 72 35 72 33 72 36 72 292 72 37 72 37 73 292 73 291 73 291 72 292 72 38 72 38 74 292 74 39 74 28 75 288 75 35 75 292 72 294 72 41 72 36 72 294 72 292 72 42 76 295 76 40 76 36 77 295 77 294 77 40 72 295 72 36 72 34 78 288 78 32 78 32 79 288 79 28 79 34 80 43 80 288 80 726 81 44 81 43 81 43 82 44 82 288 82 40 83 288 83 44 83 40 84 44 84 45 84 42 85 45 85 572 85 42 86 40 86 45 86 295 87 572 87 573 87 295 88 573 88 293 88 295 87 42 87 572 87 294 89 293 89 725 89 41 90 294 90 725 90 292 91 725 91 575 91 292 92 575 92 576 92 292 93 41 93 725 93 39 94 576 94 578 94 39 92 292 92 576 92 38 95 39 95 578 95 291 96 578 96 46 96 291 97 38 97 578 97 37 98 46 98 724 98 723 99 43 99 289 99 43 100 35 100 289 100 43 101 33 101 35 101 33 102 43 102 34 102 723 103 726 103 43 103 578 104 724 104 46 104 44 105 726 105 723 105 44 106 723 106 289 106 575 107 578 107 576 107 572 108 45 108 44 108 572 109 290 109 724 109 572 110 289 110 290 110 572 111 44 111 289 111 573 112 725 112 293 112 573 107 575 107 725 107 573 113 724 113 578 113 573 114 578 114 575 114 573 107 572 107 724 107 47 115 49 115 48 115 49 116 50 116 48 116 50 117 47 117 48 117 49 118 311 118 50 118 50 119 51 119 47 119 51 120 49 120 47 120 50 121 311 121 52 121 52 122 53 122 50 122 53 123 51 123 50 123 49 124 285 124 311 124 311 72 285 72 52 72 301 72 54 72 303 72 303 125 54 125 304 125 304 126 54 126 305 126 305 72 54 72 307 72 49 127 55 127 285 127 285 72 309 72 301 72 55 72 309 72 285 72 54 128 56 128 57 128 301 129 56 129 54 129 58 72 308 72 309 72 301 130 308 130 56 130 309 72 308 72 301 72 53 131 55 131 51 131 51 132 55 132 49 132 53 133 59 133 55 133 744 134 299 134 59 134 59 135 299 135 55 135 309 136 299 136 585 136 58 137 585 137 60 137 58 138 309 138 585 138 308 139 60 139 61 139 308 139 58 139 60 139 56 140 62 140 590 140 56 141 308 141 62 141 57 140 56 140 590 140 54 142 63 142 306 142 307 143 306 143 64 143 307 142 54 142 306 142 305 143 307 143 64 143 304 144 64 144 65 144 304 145 305 145 64 145 301 146 302 146 300 146 301 147 303 147 302 147 285 148 300 148 583 148 66 149 59 149 583 149 59 150 285 150 583 150 59 151 52 151 285 151 52 152 59 152 53 152 66 153 744 153 59 153 64 107 302 107 65 107 299 154 744 154 66 154 299 155 66 155 583 155 63 107 64 107 306 107 60 156 585 156 299 156 60 157 300 157 302 157 60 158 583 158 300 158 60 159 299 159 583 159 61 160 590 160 62 160 61 161 63 161 590 161 61 162 302 162 64 162 61 163 64 163 63 163 61 107 60 107 302 107 69 164 68 164 67 164 71 165 70 165 67 165 71 166 67 166 68 166 72 167 71 167 68 167 72 168 68 168 69 168 70 169 72 169 69 169 70 170 69 170 67 170 73 171 75 171 70 171 73 172 70 172 71 172 73 173 71 173 72 173 74 174 73 174 72 174 74 175 72 175 70 175 75 176 74 176 70 176 76 177 75 177 73 177 76 178 73 178 74 178 76 179 74 179 75 179 77 180 81 180 78 180 79 181 77 181 78 181 79 182 78 182 80 182 77 183 79 183 80 183 77 184 80 184 81 184 80 185 78 185 81 185 84 186 82 186 83 186 84 187 83 187 85 187 84 188 85 188 86 188 82 189 84 189 86 189 82 190 86 190 83 190 83 191 86 191 85 191 87 192 88 192 89 192 90 193 87 193 89 193 90 194 89 194 88 194 87 195 90 195 88 195 92 196 98 196 91 196 95 197 92 197 91 197 93 198 95 198 94 198 94 199 98 199 96 199 102 200 97 200 93 200 97 201 95 201 93 201 95 202 97 202 92 202 98 203 92 203 96 203 92 204 99 204 96 204 96 205 99 205 105 205 99 206 100 206 105 206 99 207 101 207 100 207 109 208 101 208 99 208 104 209 102 209 103 209 103 210 102 210 112 210 93 211 113 211 102 211 102 212 113 212 112 212 113 213 93 213 94 213 113 214 94 214 96 214 105 215 113 215 96 215 108 216 107 216 104 216 108 217 106 217 107 217 108 218 104 218 103 218 108 219 109 219 106 219 110 220 108 220 103 220 111 221 110 221 103 221 101 222 108 222 111 222 101 223 109 223 108 223 103 224 101 224 111 224 111 225 114 225 115 225 111 226 108 226 114 226 115 227 116 227 111 227 111 228 116 228 110 228 114 229 108 229 110 229 114 230 110 230 116 230 113 231 114 231 112 231 105 232 114 232 113 232 114 233 116 233 112 233 105 234 100 234 114 234 114 235 100 235 115 235 115 236 112 236 116 236 95 237 98 237 94 237 101 238 103 238 115 238 115 239 103 239 112 239 106 240 117 240 107 240 117 241 104 241 107 241 115 242 100 242 101 242 92 243 97 243 117 243 99 244 92 244 117 244 106 245 99 245 117 245 104 246 117 246 97 246 104 247 97 247 102 247 99 248 106 248 109 248 98 249 95 249 91 249 119 250 124 250 118 250 122 251 119 251 118 251 120 252 122 252 121 252 128 253 123 253 120 253 123 254 122 254 120 254 124 255 125 255 121 255 122 256 123 256 119 256 124 257 119 257 125 257 119 258 126 258 125 258 125 259 126 259 130 259 126 260 127 260 130 260 126 261 136 261 127 261 134 262 136 262 126 262 120 263 138 263 128 263 128 264 138 264 137 264 138 265 120 265 121 265 130 266 121 266 125 266 130 267 138 267 121 267 133 268 132 268 129 268 133 269 131 269 132 269 133 270 129 270 128 270 133 271 134 271 131 271 135 272 133 272 128 272 136 273 134 273 133 273 137 274 135 274 128 274 136 275 139 275 140 275 136 276 133 276 139 276 136 277 141 277 135 277 140 278 141 278 136 278 139 279 133 279 135 279 139 280 135 280 141 280 138 281 139 281 137 281 130 282 139 282 138 282 139 283 141 283 137 283 141 284 140 284 137 284 130 285 127 285 139 285 139 286 127 286 140 286 127 287 137 287 140 287 122 288 124 288 121 288 136 289 135 289 127 289 127 290 135 290 137 290 131 291 142 291 132 291 142 292 129 292 132 292 119 293 123 293 142 293 126 294 119 294 142 294 131 295 126 295 142 295 129 296 142 296 123 296 129 297 123 297 128 297 126 298 131 298 134 298 124 299 122 299 118 299 145 300 144 300 143 300 147 301 146 301 143 301 147 302 143 302 144 302 147 303 144 303 145 303 148 304 147 304 145 304 148 305 145 305 143 305 146 306 148 306 143 306 149 307 151 307 146 307 149 308 146 308 147 308 150 309 149 309 147 309 150 310 147 310 148 310 151 311 150 311 148 311 151 312 148 312 146 312 152 313 151 313 149 313 152 314 149 314 150 314 152 315 150 315 151 315 155 316 153 316 154 316 156 317 153 317 155 317 153 318 158 318 157 318 153 319 159 319 158 319 153 320 156 320 159 320 161 321 160 321 154 321 161 322 154 322 153 322 157 323 161 323 153 323 155 324 154 324 162 324 162 325 160 325 163 325 154 326 160 326 162 326 156 327 155 327 158 327 158 328 155 328 163 328 165 329 159 329 156 329 159 330 164 330 158 330 164 331 165 331 158 331 158 332 165 333 156 334 261 335 166 335 161 335 161 336 167 336 261 336 161 337 168 337 160 337 166 72 168 72 161 72 161 72 262 72 167 72 168 72 263 72 160 72 161 338 169 338 262 338 263 339 264 339 160 339 161 72 170 72 169 72 264 72 265 72 160 72 161 340 171 340 170 340 265 72 266 72 160 72 161 341 172 341 171 341 266 342 173 342 160 342 161 343 174 343 172 343 173 72 267 72 160 72 161 344 268 344 174 344 267 72 269 72 160 72 161 345 270 345 268 345 270 72 161 72 271 72 161 346 157 346 271 346 271 72 157 72 175 72 175 347 157 347 274 347 274 348 157 348 272 348 272 349 157 349 273 349 273 72 157 72 176 72 176 72 157 72 177 72 177 72 157 72 178 72 269 350 163 350 160 350 276 351 163 351 275 351 275 352 163 352 179 352 179 353 163 353 180 353 180 354 163 354 269 354 276 355 158 355 163 355 178 356 158 356 277 356 277 357 158 357 278 357 278 358 158 358 181 358 181 359 158 359 276 359 157 360 158 360 178 360 182 361 272 361 273 361 182 362 273 362 176 362 182 363 176 363 177 363 182 364 177 364 178 364 182 365 178 365 277 365 182 366 277 366 278 366 182 367 278 367 181 367 182 368 181 368 276 368 182 369 276 369 275 369 182 370 275 370 179 370 182 371 179 371 180 371 182 372 180 372 269 372 182 373 269 373 267 373 182 374 267 374 173 374 182 375 173 375 266 375 182 376 266 376 265 376 182 377 265 377 264 377 182 378 264 378 263 378 182 379 263 379 168 379 182 380 168 380 166 380 182 381 166 381 261 381 182 382 261 382 167 382 182 383 167 383 262 383 182 384 262 384 169 384 182 385 169 385 170 385 182 386 170 386 171 386 182 387 171 387 172 387 182 388 172 388 174 388 182 389 174 389 268 389 182 390 268 390 270 390 182 391 270 391 271 391 182 392 271 392 175 392 182 393 175 393 274 393 182 394 274 394 272 394 164 395 159 395 183 395 165 396 164 396 183 396 159 397 165 397 183 397 155 398 162 398 163 398 187 399 279 399 184 399 188 400 184 400 185 400 186 401 188 401 185 401 189 402 188 402 186 402 190 403 189 403 186 403 242 404 190 404 186 404 184 405 188 405 187 405 191 406 279 406 187 406 242 407 193 407 190 407 242 408 192 408 193 408 195 409 197 409 198 409 199 410 197 410 195 410 198 411 197 411 200 411 194 412 196 412 201 412 197 413 436 413 200 413 436 414 202 414 200 414 436 415 203 415 202 415 204 416 203 416 436 416 204 417 423 417 203 417 202 418 205 418 200 418 204 419 206 419 423 419 423 420 206 420 208 420 199 421 206 421 204 421 208 422 209 422 202 422 202 423 209 423 205 423 191 424 210 424 207 424 191 425 187 425 210 425 206 426 212 426 208 426 209 427 213 427 205 427 210 428 214 428 211 428 210 429 426 429 214 429 212 430 213 430 209 430 210 431 215 431 426 431 210 432 187 432 215 432 214 433 216 433 211 433 187 434 188 434 215 434 216 435 218 435 211 435 211 436 218 436 219 436 216 437 220 437 218 437 215 438 220 438 216 438 217 439 219 439 193 439 222 440 219 440 218 440 215 441 188 441 220 441 222 442 221 442 219 442 220 443 188 443 222 443 188 444 189 444 222 444 222 445 189 445 221 445 221 446 190 446 193 446 189 447 190 447 221 447 211 448 199 448 201 448 223 449 192 449 224 449 224 450 192 450 232 450 192 451 217 451 193 451 223 452 217 452 192 452 199 453 204 453 432 453 229 454 228 454 227 454 223 455 229 455 227 455 223 456 231 456 229 456 230 457 227 457 228 457 223 458 224 458 231 458 236 459 226 459 235 459 225 460 226 460 236 460 225 461 236 461 237 461 234 462 225 462 237 462 226 463 233 463 235 463 217 464 199 464 211 464 217 465 206 465 199 465 219 466 217 466 211 466 249 467 251 467 238 467 251 468 228 468 238 468 230 469 228 469 251 469 241 470 224 470 240 470 241 471 231 471 224 471 228 472 231 472 238 472 238 473 231 473 241 473 235 474 258 474 244 474 244 475 258 475 259 475 235 476 233 476 258 476 243 477 235 477 244 477 237 478 235 478 245 478 235 479 243 479 245 479 246 480 234 480 245 480 245 481 234 481 237 481 354 482 342 482 249 482 354 483 249 483 241 483 240 484 354 484 241 484 250 485 230 485 251 485 255 486 282 486 252 486 255 487 252 487 248 487 196 488 255 488 248 488 281 489 252 489 282 489 281 490 253 490 252 490 280 491 253 491 281 491 254 492 253 492 280 492 239 493 254 493 256 493 257 494 258 494 233 494 166 495 261 495 259 495 167 496 259 496 261 496 168 497 166 497 259 497 262 498 244 498 259 498 262 499 259 499 167 499 263 500 168 500 259 500 169 107 244 107 262 107 264 501 263 501 259 501 170 107 244 107 169 107 265 502 264 502 259 502 171 107 244 107 170 107 266 503 259 503 246 503 266 504 265 504 259 504 172 107 244 107 171 107 173 505 266 505 246 505 174 107 244 107 172 107 267 506 173 506 246 506 268 107 244 107 174 107 269 507 267 507 246 507 270 107 244 107 268 107 180 508 269 508 246 508 243 509 244 509 270 509 243 107 270 107 271 107 243 510 271 510 175 510 243 511 272 511 273 511 243 512 273 512 176 512 243 513 176 513 177 513 243 514 175 514 274 514 243 515 274 515 272 515 246 516 275 516 179 516 246 517 179 517 180 517 245 518 276 518 275 518 245 519 275 519 246 519 245 520 177 520 178 520 245 521 178 521 277 521 245 522 277 522 278 522 245 523 278 523 181 523 245 524 181 524 276 524 245 525 243 525 177 525 256 526 254 526 213 526 258 527 260 527 259 527 257 528 260 528 258 528 205 529 254 529 280 529 200 530 205 530 280 530 200 531 280 531 281 531 198 532 200 532 281 532 282 533 198 533 281 533 255 534 195 534 282 534 195 535 255 535 194 535 198 536 282 536 195 536 213 537 254 537 205 537 284 538 285 538 286 538 583 539 285 539 284 539 44 540 287 540 288 540 288 541 287 541 316 541 289 542 290 542 35 542 35 543 290 543 36 543 36 544 724 544 37 544 290 545 724 545 36 545 37 546 46 546 291 546 291 547 46 547 38 547 46 548 578 548 38 548 38 549 576 549 39 549 578 550 576 550 38 550 39 551 575 551 292 551 576 551 575 551 39 551 41 552 293 552 294 552 294 553 293 553 295 553 725 554 293 554 41 554 42 555 572 555 40 555 572 556 45 556 40 556 296 557 35 557 297 557 289 558 35 558 296 558 299 559 298 559 55 559 55 560 298 560 408 560 285 561 300 561 301 561 303 562 65 562 304 562 304 563 65 563 305 563 302 564 65 564 303 564 65 565 64 565 305 565 305 566 306 566 307 566 64 566 306 566 305 566 307 567 63 567 54 567 306 567 63 567 307 567 54 568 590 568 57 568 63 569 590 569 54 569 57 570 62 570 56 570 590 570 62 570 57 570 62 571 61 571 308 571 58 572 60 572 309 572 60 573 585 573 309 573 309 574 299 574 55 574 55 107 58 107 309 107 285 575 301 575 303 575 285 107 303 107 304 107 285 576 304 576 305 576 285 577 305 577 307 577 285 578 307 578 54 578 285 107 54 107 57 107 285 579 57 579 56 579 285 580 56 580 308 580 285 581 308 581 58 581 285 582 58 582 55 582 51 583 310 583 55 583 310 584 285 584 55 584 408 585 51 585 55 585 408 586 312 586 51 586 286 587 311 587 312 587 286 588 312 588 408 588 286 589 285 589 311 589 311 590 285 590 310 590 41 107 294 107 295 107 39 591 292 591 41 591 38 107 41 107 295 107 38 107 39 107 41 107 37 107 291 107 38 107 37 592 38 592 295 592 36 107 37 107 295 107 35 593 40 593 288 593 35 107 36 107 40 107 32 594 313 594 288 594 313 595 35 595 288 595 316 596 32 596 288 596 316 597 314 597 32 597 297 598 31 598 314 598 297 599 314 599 316 599 297 600 35 600 31 600 31 601 35 601 313 601 279 602 316 602 287 602 279 603 315 603 316 603 260 604 318 604 317 604 317 605 319 605 260 605 317 606 320 606 319 606 321 607 318 607 260 607 321 608 322 608 318 608 325 609 326 610 324 611 260 612 326 612 325 612 319 613 326 613 260 613 324 614 327 614 325 614 320 615 332 615 323 615 321 616 329 616 322 616 332 617 330 617 323 617 321 618 331 618 329 618 328 619 330 619 332 619 319 620 323 620 326 620 323 621 334 621 326 621 326 622 334 623 327 624 329 625 333 625 328 625 333 626 330 626 328 626 321 627 335 627 331 627 338 628 330 628 333 628 327 629 336 629 325 629 325 630 336 630 315 630 334 631 336 631 327 631 336 632 339 632 315 632 321 633 340 633 335 633 335 634 340 634 337 634 334 635 344 635 336 635 337 636 343 636 338 636 343 637 330 637 338 637 343 638 341 638 330 638 321 639 342 639 340 639 345 640 346 640 344 640 344 641 346 641 339 641 334 642 345 642 344 642 347 643 345 643 334 643 339 644 346 644 315 644 347 645 348 645 345 645 349 646 315 646 346 646 347 647 350 647 348 647 349 648 443 648 315 648 340 649 351 649 343 649 343 650 351 650 341 650 340 651 352 651 351 651 342 652 352 652 340 652 351 653 358 653 341 653 342 654 354 654 352 654 347 655 353 655 350 655 347 656 355 656 353 656 353 657 356 657 350 657 341 658 357 658 347 658 347 659 357 659 355 659 350 660 356 660 349 660 352 661 354 661 358 661 341 662 359 662 357 662 358 663 359 663 341 663 349 664 356 664 443 664 358 665 283 665 359 665 354 666 283 666 358 666 359 667 283 667 355 667 355 668 283 668 360 668 360 669 362 669 361 669 283 670 362 670 360 670 361 671 362 671 356 671 362 672 441 672 356 672 356 673 441 673 443 673 283 674 286 674 362 674 322 675 329 675 363 675 363 676 329 676 366 676 329 677 328 677 366 677 366 678 328 678 363 678 328 679 322 679 363 679 334 680 323 680 364 680 323 681 330 681 364 681 364 682 330 682 365 682 330 683 341 683 365 683 357 684 359 684 367 684 367 685 359 685 368 685 368 686 355 686 369 686 359 687 355 687 368 687 369 688 355 688 367 688 355 689 357 689 367 689 370 690 320 690 371 690 319 691 320 691 370 691 320 692 323 692 371 692 371 693 323 693 372 693 323 694 319 694 372 694 372 695 319 695 370 695 339 696 336 696 373 696 336 697 344 697 373 697 373 698 344 698 374 698 344 699 339 699 374 699 374 700 339 700 375 700 375 701 339 701 373 701 343 702 337 702 376 702 337 703 340 703 376 703 376 704 340 704 377 704 340 705 343 705 377 705 377 706 343 706 378 706 378 707 343 707 376 707 347 708 334 708 364 708 347 709 364 709 365 709 347 710 365 710 341 710 379 711 318 711 322 711 368 712 369 712 380 712 380 713 369 713 381 713 369 714 367 714 381 714 381 715 367 715 382 715 367 716 368 716 382 716 382 717 368 718 380 719 371 720 372 720 383 720 383 721 372 721 384 721 372 722 370 722 384 722 384 723 370 723 385 723 370 724 371 725 385 726 385 727 371 727 383 727 386 728 375 728 387 728 374 729 375 729 386 729 375 730 373 730 387 730 387 731 373 731 388 731 373 732 374 732 388 732 388 733 374 733 386 733 377 734 378 734 389 734 389 735 378 735 390 735 378 736 376 736 390 736 390 737 376 737 391 737 376 738 377 738 391 738 391 739 377 739 389 739 322 740 328 740 332 740 320 741 317 742 318 743 361 744 356 744 360 744 350 745 349 745 348 745 355 746 360 746 392 746 360 747 356 747 392 747 356 748 353 748 392 748 353 749 355 749 392 749 348 750 349 750 393 750 349 751 346 751 393 751 346 752 345 752 393 752 345 753 348 754 393 755 322 756 332 756 394 756 394 757 332 757 395 757 332 758 320 758 395 758 320 759 318 759 395 759 395 760 318 760 394 760 318 761 379 761 394 761 379 762 322 762 394 762 337 763 338 763 396 763 338 764 333 764 396 764 396 765 329 765 397 765 333 766 329 766 396 766 329 767 331 767 397 767 331 768 335 768 397 768 397 769 335 769 396 769 335 770 337 770 396 770 401 771 398 771 399 771 398 772 400 772 399 772 400 773 401 773 399 773 402 774 401 774 404 774 401 775 403 775 404 775 403 776 402 776 404 776 398 777 409 777 405 777 409 778 406 778 405 778 406 779 398 779 405 779 402 780 408 780 407 780 408 781 398 781 407 781 398 782 402 782 407 782 411 783 412 783 410 783 415 784 414 784 413 784 424 785 417 785 422 785 416 786 417 786 424 786 422 787 417 787 433 787 433 788 417 788 423 788 417 789 416 789 423 789 423 790 416 790 424 790 426 791 418 791 425 791 425 792 418 792 435 792 435 793 418 793 426 793 427 794 419 794 428 794 428 795 419 795 429 795 429 796 419 796 427 796 420 797 421 797 430 797 430 798 421 798 436 798 436 799 421 799 431 799 421 800 420 800 431 800 431 801 420 801 432 801 432 802 420 802 430 802 412 803 434 803 410 803 437 804 415 804 413 804 438 805 437 805 413 805 438 806 413 806 414 806 439 807 438 807 414 807 439 808 414 808 415 808 437 809 439 809 415 809 208 810 433 810 423 810 203 811 423 811 424 811 203 812 424 812 422 812 202 813 203 813 422 813 202 814 422 814 433 814 208 815 202 815 433 815 440 816 286 816 441 816 442 817 443 817 316 817 442 818 315 818 313 818 315 819 443 819 313 819 315 820 442 820 316 820 310 821 362 821 440 821 362 822 286 822 440 822 362 823 310 823 441 823 327 824 444 825 326 826 324 827 326 828 445 828 324 829 445 830 327 831 445 832 444 832 327 832 214 833 426 833 425 833 216 834 214 834 425 834 216 835 425 835 435 835 215 836 216 836 435 836 426 837 215 837 435 837 218 838 220 838 427 838 218 839 427 839 428 839 222 840 218 840 428 840 222 841 428 841 429 841 220 842 222 842 429 842 220 843 429 843 427 843 197 844 199 844 432 844 197 845 432 845 430 845 436 846 197 846 430 846 204 847 436 847 431 847 204 848 431 848 432 848 384 849 385 849 446 849 32 850 442 850 313 850 313 851 443 851 31 851 31 852 443 852 314 852 443 853 442 853 314 853 314 854 442 854 32 854 310 855 440 855 311 855 311 856 440 856 312 856 440 857 441 857 312 857 441 858 310 858 312 858 312 859 310 859 51 859 286 860 408 860 441 860 408 861 402 861 441 861 298 862 409 862 408 862 409 863 398 863 408 863 398 864 401 864 402 864 298 865 406 865 409 865 403 866 443 866 402 866 402 867 443 867 441 867 403 868 401 868 297 868 297 869 443 869 403 869 401 870 400 870 297 870 297 871 316 871 443 871 400 872 296 872 297 872 298 873 296 873 406 873 406 874 296 874 400 874 406 875 400 875 398 875 242 876 284 876 283 876 283 877 284 877 286 877 264 878 445 878 263 878 263 879 326 879 168 879 445 880 326 880 263 880 168 881 326 881 166 881 166 882 326 882 261 882 261 883 326 883 167 883 167 884 326 884 262 884 262 885 326 885 169 885 169 886 326 886 170 886 170 887 326 887 171 887 171 888 444 888 172 888 326 889 444 889 171 889 172 890 444 890 174 890 174 891 444 891 268 891 268 892 444 892 270 892 270 893 444 893 271 893 271 894 444 895 175 896 175 897 444 897 274 897 274 898 444 898 272 898 272 899 444 899 273 899 273 900 444 900 176 900 176 901 444 901 177 901 177 902 444 902 178 902 178 903 445 903 277 903 277 904 445 904 278 904 444 905 445 905 178 905 278 906 445 906 181 906 181 907 445 907 276 907 276 908 445 908 275 908 275 909 445 909 179 909 179 910 445 910 180 910 180 911 445 911 269 911 269 912 445 912 267 912 267 913 445 913 173 913 173 914 445 914 266 914 266 915 445 915 265 915 265 916 445 916 264 916 358 917 351 917 238 917 238 918 352 918 249 918 351 919 352 919 238 919 249 920 352 921 241 922 352 923 358 923 241 923 241 924 358 924 238 924 342 925 251 925 249 925 250 926 251 926 342 926 237 927 412 927 411 927 235 928 237 928 411 928 235 929 411 929 410 929 236 930 235 930 410 930 236 931 410 931 434 931 237 932 434 932 412 932 237 933 236 933 434 933 234 934 315 934 279 934 247 935 234 935 279 935 246 936 315 936 234 936 325 937 315 937 246 937 228 938 229 938 437 938 228 939 437 939 438 939 231 940 438 940 439 940 231 941 228 941 438 941 229 942 231 942 439 942 229 943 439 943 437 943 283 944 354 944 240 944 242 945 224 945 232 945 283 946 240 946 224 946 283 947 224 947 242 947 325 948 246 948 259 948 257 949 233 949 248 949 260 950 325 950 259 950 252 951 257 951 248 951 260 952 257 952 252 952 260 953 252 953 253 953 321 954 260 954 253 954 321 955 253 955 254 955 250 956 321 956 254 956 342 957 321 957 250 957 250 958 254 958 239 958 230 959 250 959 239 959 209 960 389 960 212 960 389 961 390 961 212 961 212 962 390 962 208 962 390 963 391 963 208 963 208 964 391 964 209 964 391 965 389 965 209 965 211 966 386 966 210 966 386 967 387 967 210 967 387 968 388 968 210 968 210 969 388 969 207 969 207 970 386 970 211 970 388 971 386 971 207 971 199 972 383 972 201 972 383 973 384 973 201 973 201 974 384 974 194 974 384 975 446 975 194 975 194 976 446 976 195 976 446 977 385 978 195 979 195 980 385 980 199 980 385 981 383 981 199 981 382 982 380 982 193 982 193 983 380 983 221 983 380 984 381 984 221 984 221 985 381 985 219 985 381 986 382 986 219 986 219 987 382 987 193 987 206 988 223 988 227 988 206 989 217 989 223 989 239 990 256 990 230 990 230 991 256 991 227 991 212 992 206 992 256 992 256 993 206 993 227 993 256 994 213 994 212 994 255 995 196 995 194 995 201 996 196 996 226 996 196 997 233 997 226 997 196 998 248 998 233 998 201 999 226 999 211 999 211 1000 226 1000 225 1000 225 1001 447 1001 211 1001 447 1002 207 1002 211 1002 225 1003 234 1003 447 1003 234 1004 247 1004 447 1004 279 1005 447 1005 247 1005 572 1006 573 1006 279 1006 293 1007 279 1007 573 1007 45 1008 572 1008 279 1008 725 1009 279 1009 293 1009 44 1010 45 1010 279 1010 575 1011 279 1011 725 1011 576 1012 279 1012 575 1012 184 1013 279 1013 576 1013 184 1014 576 1014 578 1014 46 1015 184 1015 578 1015 724 1016 184 1016 46 1016 287 1017 44 1017 279 1017 184 1018 290 1018 289 1018 184 1019 724 1019 290 1019 296 1020 184 1020 289 1020 185 1021 184 1021 296 1021 232 1022 192 1022 242 1022 62 1023 186 1023 61 1023 60 1024 61 1024 186 1024 590 1025 242 1025 186 1025 590 1026 186 1026 62 1026 585 1027 60 1027 186 1027 299 1028 585 1028 186 1028 63 1029 242 1029 590 1029 306 1030 242 1030 63 1030 64 1031 242 1031 306 1031 65 1032 242 1032 64 1032 302 1033 242 1033 65 1033 300 1034 242 1034 302 1034 583 1035 242 1035 300 1035 298 1036 186 1036 185 1036 298 1037 299 1037 186 1037 298 1038 185 1038 296 1038 284 1039 242 1039 583 1039 447 1040 279 1040 191 1040 447 1041 191 1041 207 1041 449 1042 448 1042 451 1042 449 1043 451 1043 450 1043 448 1044 450 1044 451 1044 448 1045 449 1045 450 1045 454 1046 453 1046 452 1046 455 1047 457 1047 452 1047 456 1048 452 1048 453 1048 456 1049 455 1049 452 1049 457 1050 453 1050 454 1050 457 1051 456 1051 453 1051 457 1052 454 1052 452 1052 458 1053 460 1053 455 1053 458 1054 455 1054 456 1054 458 1055 456 1055 457 1055 459 1056 458 1056 457 1056 459 1057 457 1057 455 1057 460 1058 459 1058 455 1058 461 1059 460 1059 458 1059 461 1060 458 1060 459 1060 461 1061 459 1062 460 1063 464 1064 463 1064 462 1064 465 1065 604 1065 464 1065 462 1066 463 1066 466 1066 466 1067 463 1067 467 1067 464 1068 468 1068 463 1068 463 1069 468 1069 467 1069 468 1070 541 1070 467 1070 464 1071 604 1071 468 1071 465 1072 462 1072 466 1072 464 1073 462 1073 465 1073 604 1074 465 1074 468 1074 465 1075 469 1075 468 1075 541 1076 466 1076 467 1076 541 1077 469 1077 466 1077 468 1078 469 1078 541 1078 469 1079 465 1079 470 1079 470 1080 465 1081 471 1082 465 1083 466 1084 471 1085 466 1086 469 1086 471 1086 472 1087 469 1087 470 1087 472 1088 470 1088 471 1088 472 1089 471 1089 469 1089 475 1090 473 1090 474 1090 475 1091 474 1091 476 1091 475 1092 476 1092 477 1092 473 1093 475 1093 477 1093 473 1094 477 1094 474 1094 477 1095 476 1095 474 1095 479 1096 480 1096 478 1096 478 1097 480 1097 481 1097 480 1098 482 1098 481 1098 481 1099 482 1099 483 1099 482 1100 489 1100 483 1100 489 1101 484 1101 483 1101 483 1102 479 1102 478 1102 484 1103 479 1103 483 1103 481 1104 485 1104 478 1104 483 1105 478 1105 486 1105 492 1106 488 1106 493 1106 488 1107 487 1107 493 1107 493 1108 487 1108 490 1108 490 1109 487 1109 491 1109 487 1110 484 1110 491 1110 491 1111 484 1111 494 1111 484 1112 489 1112 494 1112 494 1113 489 1113 492 1113 489 1114 488 1114 492 1114 495 1115 496 1115 699 1115 494 1116 496 1116 491 1116 494 1117 497 1117 496 1117 492 1118 497 1118 494 1118 498 1119 699 1119 653 1119 498 1120 495 1120 699 1120 490 1121 491 1121 501 1121 499 1122 495 1122 498 1122 500 1123 498 1123 653 1123 500 1124 653 1124 655 1124 499 1125 501 1125 495 1125 500 1126 655 1126 697 1126 502 1127 497 1127 492 1127 493 1128 490 1128 501 1128 500 1129 697 1129 503 1129 504 1130 501 1130 499 1130 506 1131 497 1131 502 1131 511 1132 493 1132 501 1132 505 1133 500 1133 503 1133 507 1134 500 1134 505 1134 507 1135 508 1135 500 1135 509 1136 497 1136 506 1136 510 1137 506 1137 511 1137 507 1138 504 1138 508 1138 512 1139 497 1139 509 1139 682 1140 507 1140 514 1140 512 1141 509 1141 513 1141 515 1142 513 1142 510 1142 516 1143 513 1143 515 1143 505 1144 517 1144 514 1144 518 1145 507 1145 682 1145 512 1146 513 1146 516 1146 519 1147 512 1147 516 1147 520 1148 517 1148 505 1148 521 1149 522 1149 683 1149 523 1150 515 1150 522 1150 523 1151 524 1151 515 1151 522 1152 521 1152 525 1152 535 1153 512 1153 519 1153 526 1154 522 1154 525 1154 533 1155 519 1155 524 1155 533 1156 535 1156 519 1156 533 1157 524 1157 523 1157 527 1158 525 1158 684 1158 528 1159 525 1159 527 1159 528 1160 526 1160 525 1160 528 1161 533 1161 523 1161 528 1162 523 1162 526 1162 520 1163 518 1163 517 1163 507 1164 501 1164 504 1164 501 1165 510 1165 511 1165 510 1166 522 1166 515 1166 683 1167 527 1167 684 1167 518 1168 529 1168 530 1168 518 1169 520 1169 529 1169 530 1170 507 1170 518 1170 510 1171 501 1171 531 1171 530 1172 683 1172 522 1172 532 1173 527 1173 467 1173 683 1174 530 1174 527 1174 527 1175 530 1175 467 1175 534 1176 512 1176 535 1176 537 1177 510 1177 531 1177 538 1178 510 1178 537 1178 530 1179 537 1179 531 1179 530 1180 539 1180 537 1180 522 1181 538 1181 539 1181 522 1182 539 1182 530 1182 522 1183 510 1183 538 1183 540 1184 529 1184 520 1184 467 1185 529 1185 541 1185 467 1186 530 1186 529 1186 530 1187 501 1187 507 1187 530 1188 531 1188 501 1188 535 1189 533 1189 536 1189 536 1190 533 1190 568 1190 692 1191 542 1191 535 1191 536 1192 687 1192 692 1192 534 1193 535 1193 542 1193 692 1194 535 1194 536 1194 504 1195 499 1195 498 1195 500 1196 508 1196 543 1196 543 1197 508 1197 544 1197 508 1198 504 1198 544 1198 504 1199 498 1199 544 1199 544 1200 498 1200 543 1200 498 1201 500 1201 543 1201 515 1202 524 1202 545 1202 545 1203 524 1203 546 1203 524 1204 519 1204 546 1204 519 1205 516 1205 546 1205 516 1206 515 1206 546 1206 546 1207 515 1207 545 1207 547 1208 548 1208 694 1208 547 1209 694 1209 696 1209 547 1210 696 1210 549 1210 550 1211 549 1211 696 1211 547 1212 549 1212 551 1212 654 1213 550 1213 696 1213 547 1214 551 1215 550 1216 547 1217 550 1217 654 1217 613 1218 547 1218 654 1218 555 1219 552 1219 553 1219 552 1220 554 1220 553 1220 554 1221 555 1221 553 1221 549 1222 561 1222 551 1222 551 1223 561 1223 550 1223 550 1224 561 1224 549 1224 694 1225 562 1225 582 1225 582 1226 563 1226 602 1226 562 1227 563 1227 582 1227 694 1228 548 1228 562 1228 563 1229 548 1229 602 1229 548 1230 563 1230 564 1230 563 1231 562 1231 564 1231 562 1232 548 1233 564 1234 289 1235 569 1235 718 1235 718 1236 569 1236 570 1236 713 1237 572 1237 715 1237 45 1238 572 1238 713 1238 715 1239 573 1239 574 1239 574 1240 573 1240 716 1240 572 1241 573 1241 715 1241 573 1242 293 1242 716 1242 716 1243 725 1243 717 1243 293 1244 725 1244 716 1244 717 1245 575 1245 714 1245 725 1246 575 1246 717 1246 575 1247 576 1247 714 1247 577 1248 578 1248 720 1248 720 1249 578 1249 721 1249 576 1248 578 1248 577 1248 578 1250 46 1250 721 1250 721 1251 724 1251 579 1251 579 1252 724 1252 719 1252 46 1251 724 1251 721 1251 724 1252 290 1252 719 1252 719 1253 289 1253 718 1253 290 1253 289 1253 719 1253 580 1254 571 1254 581 1254 44 1255 571 1255 580 1255 583 1256 582 1256 739 1256 739 1257 582 1257 584 1257 299 1258 585 1258 737 1258 737 1259 585 1259 586 1259 586 1260 60 1260 587 1260 585 1260 60 1260 586 1260 587 1261 61 1261 588 1261 588 1262 61 1262 589 1262 60 1263 61 1263 587 1263 61 1264 62 1264 589 1264 589 1265 590 1265 591 1265 62 1266 590 1266 589 1266 591 1267 63 1267 738 1267 590 1268 63 1268 591 1268 63 1269 306 1269 738 1269 742 1270 64 1270 741 1270 741 1271 64 1271 592 1271 306 1272 64 1272 742 1272 593 1273 302 1273 740 1273 302 1274 300 1274 740 1274 300 1275 583 1275 740 1275 299 1276 737 1276 594 1276 720 72 721 72 579 72 718 72 579 72 719 72 574 72 716 72 717 72 574 72 717 72 714 72 574 1277 714 1277 577 1277 574 1278 577 1278 720 1278 574 1279 720 1279 579 1279 574 1280 579 1280 718 1280 571 1281 713 1281 715 1281 571 72 715 72 574 72 571 72 574 72 718 72 710 1282 595 1282 718 1282 595 1283 571 1283 718 1283 570 1284 710 1284 718 1284 570 1285 596 1285 710 1285 581 1286 709 1286 596 1286 581 1287 596 1287 570 1287 581 1288 571 1288 709 1288 709 1289 571 1289 595 1289 742 72 741 72 592 72 740 1290 592 1290 593 1290 591 1291 738 1291 742 1291 589 1292 742 1292 592 1292 589 72 591 72 742 72 587 1293 588 1293 589 1293 587 72 589 72 592 72 586 1294 592 1294 740 1294 586 72 587 72 592 72 598 1295 597 1295 739 1295 597 1296 737 1296 739 1296 584 1297 598 1297 739 1297 584 1298 599 1298 598 1298 594 1299 734 1299 599 1299 594 1300 599 1300 584 1300 594 1301 737 1301 734 1301 734 1302 737 1302 597 1302 600 1303 601 1303 570 1303 602 1304 603 1304 584 1304 605 1305 540 1305 604 1305 468 1306 529 1306 605 1306 468 1307 605 1307 604 1307 608 1308 607 1308 606 1308 607 1309 612 1309 606 1309 612 1310 608 1310 606 1310 611 1311 608 1311 609 1311 608 1312 610 1312 609 1312 610 1313 611 1313 609 1313 485 1314 614 1314 613 1314 614 1315 618 1315 613 1315 485 1316 615 1316 614 1316 614 1317 615 1317 616 1317 615 1318 622 1318 616 1318 485 1319 617 1319 615 1319 557 1320 617 1320 485 1320 618 1321 620 1321 619 1321 616 1322 620 1322 618 1322 622 1323 620 1323 616 1323 619 1324 621 1324 618 1324 618 1325 621 1325 613 1325 613 1326 621 1326 547 1326 617 1327 623 1327 622 1327 557 1328 623 1328 617 1328 621 1329 624 1329 547 1329 625 1330 623 1330 557 1330 622 1331 623 1331 620 1331 547 1332 624 1332 548 1332 623 1333 626 1333 620 1333 624 1334 627 1334 548 1334 621 1335 628 1335 624 1335 629 1336 626 1336 623 1336 623 1337 625 1337 630 1337 621 1338 631 1338 628 1338 628 1339 631 1339 627 1339 627 1340 602 1340 548 1340 630 1341 625 1341 629 1341 627 1342 632 1342 602 1342 631 1343 632 1343 627 1343 629 1344 633 1344 626 1344 625 1345 633 1345 629 1345 635 1346 634 1346 631 1346 634 1347 636 1347 631 1347 626 1348 634 1348 635 1348 626 1349 633 1349 634 1349 633 1350 658 1350 634 1350 634 1351 658 1351 637 1351 637 1352 600 1352 636 1352 636 1353 600 1353 631 1353 631 1354 600 1354 632 1354 658 1355 600 1355 637 1355 658 1356 638 1356 600 1356 601 1357 600 1357 595 1357 600 1358 638 1358 595 1358 603 1359 602 1359 597 1359 602 1360 632 1360 597 1360 615 1361 617 1362 639 1363 617 1364 622 1364 640 1364 640 1365 622 1365 639 1365 622 1366 615 1366 639 1366 639 1367 617 1367 640 1367 641 1368 623 1368 642 1368 623 1369 630 1369 642 1369 630 1370 629 1370 642 1370 642 1371 629 1371 643 1371 629 1372 623 1372 643 1372 643 1373 623 1373 641 1373 636 1374 634 1374 644 1374 644 1375 634 1375 645 1375 645 1376 634 1376 646 1376 634 1377 637 1377 646 1377 637 1378 636 1378 646 1378 646 1379 636 1379 644 1379 647 1380 614 1380 648 1380 614 1381 616 1381 648 1381 616 1382 618 1382 648 1382 648 1383 618 1383 649 1383 618 1384 614 1384 649 1384 649 1385 614 1385 647 1385 650 1386 624 1386 651 1386 624 1387 628 1387 651 1387 628 1388 627 1388 651 1388 651 1389 627 1389 652 1389 652 1390 624 1390 650 1390 627 1391 624 1391 652 1391 620 1392 621 1392 619 1392 620 1393 631 1393 621 1393 626 1394 635 1394 620 1394 620 1395 635 1395 631 1395 566 1396 654 1396 653 1396 653 1397 654 1397 655 1397 655 1398 654 1398 656 1398 660 1399 638 1399 658 1399 658 1400 661 1400 659 1400 659 1401 580 1401 660 1401 660 1402 580 1402 638 1402 661 1403 580 1403 659 1403 664 1404 663 1404 662 1404 667 1405 666 1405 665 1405 667 1406 665 1406 506 1406 506 1407 665 1407 511 1407 665 1408 662 1408 511 1408 511 1409 662 1409 493 1409 662 1410 663 1410 493 1410 493 1411 663 1411 492 1411 663 1412 664 1412 492 1412 492 1413 664 1413 502 1413 664 1414 666 1414 502 1414 502 1415 666 1415 667 1415 674 1416 668 1416 672 1416 668 1417 669 1417 672 1417 672 1418 669 1418 673 1418 673 1419 669 1419 674 1419 669 1420 668 1420 674 1420 676 1421 670 1421 679 1421 670 1422 671 1422 679 1422 679 1423 671 1424 675 1425 675 1426 671 1426 676 1426 671 1427 670 1427 676 1427 672 1428 677 1428 674 1428 678 1429 679 1429 675 1429 514 1430 677 1430 682 1430 677 1431 672 1431 682 1431 682 1432 673 1432 518 1432 672 1433 673 1433 682 1433 518 1434 673 1434 517 1434 673 1435 674 1435 517 1435 674 1436 677 1436 517 1436 517 1437 677 1437 514 1437 683 1438 679 1438 521 1438 679 1439 678 1439 521 1439 521 1440 678 1440 525 1440 678 1441 675 1441 525 1441 675 1442 676 1442 525 1442 525 1443 676 1443 684 1443 684 1444 679 1444 683 1444 676 1445 679 1445 684 1445 665 1446 680 1446 662 1446 680 1447 685 1447 662 1447 662 1448 685 1448 664 1448 660 1449 681 1449 659 1449 659 1450 681 1450 658 1450 658 1451 681 1451 660 1451 664 1452 685 1452 556 1452 556 1453 680 1453 558 1453 685 1454 680 1454 556 1454 558 1455 665 1455 559 1455 680 1456 665 1456 558 1456 665 1457 666 1457 559 1457 559 1458 666 1458 556 1458 666 1459 664 1459 556 1459 540 1460 686 1460 529 1460 529 1461 686 1461 605 1461 605 1462 686 1463 540 1464 603 1465 689 1465 584 1465 689 1466 597 1466 632 1466 601 1467 690 1467 570 1467 690 1468 581 1468 570 1468 595 1469 581 1469 690 1469 581 1470 595 1470 638 1470 598 1471 603 1471 597 1471 597 1472 689 1472 734 1472 734 1473 689 1474 599 1475 689 1476 603 1476 599 1476 599 1477 603 1477 598 1477 710 1478 601 1478 595 1478 595 1479 690 1479 709 1479 709 1480 690 1480 596 1480 690 1481 601 1481 596 1481 596 1482 601 1482 710 1482 642 1483 693 1483 641 1483 503 1484 656 1484 657 1484 503 1485 697 1485 656 1485 697 1486 655 1486 656 1486 653 1487 699 1487 566 1487 566 1488 699 1488 565 1488 556 1489 558 1489 557 1489 658 1490 692 1490 661 1490 658 1491 633 1491 692 1491 687 1492 536 1492 567 1492 536 1493 568 1493 567 1493 537 1494 688 1494 538 1494 538 1495 688 1495 539 1495 539 1496 688 1496 537 1496 529 1497 468 1497 541 1497 520 1498 691 1498 540 1498 540 1499 691 1499 604 1499 638 1500 580 1500 581 1500 570 1501 607 1501 600 1501 570 1502 612 1502 607 1502 569 1503 612 1503 570 1503 467 1504 610 1504 612 1504 612 1505 610 1505 608 1505 467 1506 541 1506 610 1506 541 1507 468 1507 610 1507 611 1508 632 1508 608 1508 607 1509 632 1509 600 1509 608 1510 632 1510 607 1510 569 1511 532 1511 612 1511 612 1512 532 1512 467 1512 610 1513 604 1513 611 1513 468 1514 604 1514 610 1514 611 1515 689 1515 632 1515 604 1516 689 1516 611 1516 604 1517 594 1517 689 1517 594 1518 584 1518 689 1518 691 1519 594 1519 604 1519 584 1520 582 1520 602 1520 565 1521 698 1521 654 1521 566 1522 565 1522 654 1522 657 1523 656 1523 654 1523 657 1524 654 1524 696 1524 64 1525 694 1525 65 1525 302 1526 65 1526 694 1526 300 1527 302 1527 694 1527 306 1528 695 1528 694 1528 306 1529 694 1529 64 1529 63 1530 695 1530 306 1530 583 1531 300 1531 694 1531 590 1532 695 1532 63 1532 62 1533 695 1533 590 1533 695 1534 61 1534 60 1534 695 1535 62 1535 61 1535 585 1536 695 1536 60 1536 582 1537 583 1537 694 1537 691 1538 585 1538 299 1538 691 1539 695 1539 585 1539 542 1540 703 1540 534 1540 594 1541 691 1541 299 1541 692 1542 703 1542 542 1542 692 1543 687 1543 567 1543 692 1544 567 1544 568 1544 661 1545 692 1545 568 1545 578 1546 704 1546 46 1546 724 1547 46 1547 704 1547 576 1548 704 1548 578 1548 290 1549 724 1549 704 1549 289 1550 290 1550 704 1550 289 1551 704 1551 532 1551 575 1552 704 1552 576 1552 725 1553 704 1553 575 1553 725 1554 661 1554 704 1554 293 1555 661 1555 725 1555 573 1556 661 1556 293 1556 572 1557 661 1557 573 1557 45 1558 661 1558 572 1558 44 1559 661 1559 45 1559 569 1560 289 1560 532 1560 580 1561 661 1561 44 1561 704 1562 661 1562 532 1562 506 1563 502 1563 667 1563 510 1564 641 1564 506 1564 506 1565 641 1565 509 1565 641 1566 693 1566 509 1566 693 1567 642 1567 509 1567 509 1568 642 1568 513 1568 642 1569 643 1569 513 1569 513 1570 643 1570 510 1570 643 1571 641 1571 510 1571 644 1572 645 1572 522 1572 522 1573 645 1573 523 1573 645 1574 646 1574 523 1574 523 1575 646 1575 526 1575 646 1576 644 1576 526 1576 526 1577 644 1577 522 1577 649 1578 647 1578 495 1578 495 1579 647 1579 496 1579 496 1580 648 1580 491 1580 647 1581 648 1581 496 1581 491 1582 648 1582 501 1582 648 1583 649 1583 501 1583 501 1584 649 1584 495 1584 505 1585 650 1585 507 1585 650 1586 651 1586 507 1586 651 1587 652 1587 507 1587 507 1588 652 1588 514 1588 514 1589 652 1589 505 1589 652 1590 650 1590 505 1590 527 1591 532 1591 528 1591 532 1592 661 1592 528 1592 528 1593 568 1593 533 1593 661 1594 568 1594 528 1594 503 1595 696 1595 505 1595 696 1596 694 1596 505 1596 694 1597 695 1597 505 1597 505 1598 691 1598 520 1598 695 1599 691 1599 505 1599 657 1600 696 1601 503 1602 698 1603 565 1603 699 1603 512 1604 700 1604 497 1604 703 1605 700 1605 512 1605 700 1606 701 1606 497 1606 497 1607 701 1607 496 1607 701 1608 702 1608 496 1608 496 1609 698 1609 699 1609 702 1610 698 1610 496 1610 534 1611 703 1611 512 1611 613 1612 654 1612 698 1612 613 1613 698 1613 702 1613 486 1614 613 1614 702 1614 613 1615 486 1616 478 1617 483 1618 486 1618 702 1618 485 1619 613 1619 478 1619 701 1620 483 1620 702 1620 481 1621 483 1621 701 1621 485 1622 481 1622 701 1622 556 1623 485 1623 701 1623 559 1624 556 1624 701 1624 557 1625 485 1625 556 1625 560 1626 559 1626 701 1626 700 1627 560 1627 701 1627 700 1628 559 1628 560 1628 558 1629 559 1629 700 1629 625 1630 557 1630 558 1630 625 1631 558 1631 700 1631 625 1632 700 1632 703 1632 552 1633 555 1633 703 1633 555 1634 625 1634 703 1634 554 1635 552 1635 703 1635 633 1636 555 1636 554 1636 633 1637 625 1637 555 1637 692 1638 554 1638 703 1638 633 1639 554 1639 692 1639 488 1640 480 1640 487 1640 487 1641 479 1641 484 1641 480 1642 479 1642 487 1642 482 1643 488 1643 489 1643 482 1644 480 1644 488 1644 708 1645 705 1645 706 1645 705 1646 707 1646 706 1646 707 1647 708 1647 706 1647 705 1648 709 1648 707 1648 709 1649 708 1649 707 1649 708 1650 710 1650 705 1650 708 1651 709 1651 711 1651 711 1652 712 1652 708 1652 712 1653 710 1653 708 1653 705 1654 571 1654 709 1654 709 107 571 107 711 107 713 107 714 107 715 107 715 107 714 107 574 107 574 107 714 107 716 107 716 107 714 107 717 107 705 1655 718 1655 571 1655 571 107 719 107 713 107 718 107 719 107 571 107 714 1656 720 1656 577 1656 713 107 720 107 714 107 579 1657 721 1657 719 1657 713 1658 721 1658 720 1658 719 107 721 107 713 107 712 1659 718 1659 710 1659 710 1660 718 1660 705 1660 712 1661 722 1661 718 1661 723 1662 289 1662 722 1662 722 1663 289 1663 718 1663 579 1664 290 1664 724 1664 579 1664 719 1664 290 1664 720 1665 578 1665 576 1665 577 1665 720 1665 576 1665 714 1666 575 1666 725 1666 714 1667 577 1667 576 1667 717 1668 725 1668 293 1668 717 1669 714 1669 725 1669 716 1670 717 1670 293 1670 574 1671 293 1671 573 1671 574 1672 716 1672 293 1672 571 1673 45 1673 44 1673 571 1674 713 1674 45 1674 726 1675 722 1675 44 1675 722 1676 571 1676 44 1676 722 1677 711 1677 571 1677 711 1678 722 1678 712 1678 726 1679 723 1679 722 1679 293 1680 572 1680 573 1680 289 1681 723 1681 726 1681 289 1682 726 1682 44 1682 575 1683 293 1683 725 1683 724 72 290 72 289 72 724 1684 45 1684 572 1684 724 1685 44 1685 45 1685 724 72 289 72 44 72 46 1686 576 1686 578 1686 46 72 575 72 576 72 46 1687 572 1687 293 1687 46 1688 293 1688 575 1688 46 72 724 72 572 72 728 1689 727 1689 729 1689 727 1690 728 1690 729 1690 730 1691 732 1691 731 1691 732 1692 733 1692 731 1692 733 1693 730 1694 731 1695 732 1696 734 1696 733 1696 733 1697 598 1697 730 1697 598 1698 732 1698 730 1698 733 1699 734 1699 735 1699 735 1700 736 1700 733 1700 736 1701 598 1701 733 1701 732 1702 737 1702 734 1702 734 107 737 107 735 107 586 1703 738 1703 587 1703 587 1704 738 1704 588 1704 588 107 738 107 589 107 589 1705 738 1705 591 1705 732 1706 739 1706 737 1706 737 1707 740 1707 586 1707 739 107 740 107 737 107 738 1708 741 1708 742 1708 586 107 741 107 738 107 586 1709 592 1709 741 1709 736 1710 739 1710 598 1710 598 1711 739 1711 732 1711 736 1712 743 1712 739 1712 66 1713 583 1713 743 1713 743 1714 583 1714 739 1714 740 1715 739 1715 583 1715 593 1716 300 1716 302 1716 593 1717 740 1717 300 1717 592 1718 302 1718 65 1718 592 1719 65 1719 64 1719 592 1720 593 1720 302 1720 741 1721 64 1721 306 1721 742 1722 741 1722 306 1722 738 1723 63 1723 590 1723 738 1724 742 1724 306 1724 591 1725 590 1725 62 1725 591 1726 738 1726 590 1726 589 1727 591 1727 62 1727 588 1728 62 1728 61 1728 588 1729 589 1729 62 1729 744 1730 743 1730 299 1730 743 1731 737 1731 299 1731 743 1732 735 1732 737 1732 735 1733 743 1733 736 1733 744 1734 66 1734 743 1734 62 1735 60 1735 61 1735 583 1736 66 1736 744 1736 583 1737 744 1737 299 1737 63 128 62 128 590 128 302 72 300 72 583 72 302 1738 585 1738 60 1738 302 1739 299 1739 585 1739 302 72 583 72 299 72 65 72 306 72 64 72 65 1740 63 1740 306 1740 65 1741 60 1741 62 1741 65 1742 62 1742 63 1742 65 72 302 72 60 72 747 1743 745 1743 746 1743 747 1744 746 1744 748 1744 745 1745 747 1745 748 1745 745 1746 748 1746 749 1746 745 1747 749 1747 746 1747 748 1748 746 1748 749 1748 752 1749 751 1749 750 1749 753 1750 755 1750 750 1750 753 1751 750 1751 751 1751 754 1752 753 1752 751 1752 754 1753 751 1753 752 1753 755 1754 754 1754 752 1754 755 1755 752 1755 750 1755 758 1756 755 1757 753 1758 756 1759 758 1759 753 1759 756 1760 753 1760 754 1760 757 1761 756 1761 754 1761 757 1762 754 1762 755 1762 758 1763 757 1763 755 1763 759 1764 758 1764 756 1764 759 1765 756 1766 757 1767 759 1768 757 1768 758 1768 762 1769 761 1769 760 1769 761 1770 762 1770 760 1770 765 1771 763 1771 764 1771 768 1772 763 1772 765 1772 766 1773 767 1773 768 1773 763 1774 768 1774 767 1774 764 1775 769 1775 770 1775 771 1776 764 1776 763 1776 771 1777 763 1777 767 1777 771 1778 769 1778 764 1778 766 1779 772 1779 771 1779 766 1780 771 1780 767 1780 768 1781 772 1781 766 1781 765 1782 772 1782 768 1782 773 1783 772 1783 765 1783 774 1784 773 1784 770 1784 770 1785 765 1785 764 1785 773 1786 765 1786 770 1786 777 1787 778 1787 775 1787 779 107 777 107 775 107 780 1788 778 1788 777 1788 780 1789 776 1789 778 1789 774 1790 780 1790 779 1790 781 1791 779 1791 775 1791 781 1792 774 1792 779 1792 774 1793 776 1793 780 1793 774 1794 782 1794 776 1794 776 1795 782 1795 783 1795 774 1796 770 1796 782 1796 776 1797 783 1797 775 1797 775 1798 783 1798 784 1798 786 1799 780 1799 777 1799 780 1800 785 1800 779 1800 785 1801 786 1801 779 1801 779 1802 786 1802 777 1802 778 1803 787 1803 775 1803 787 1804 788 1804 775 1804 775 1805 788 1805 776 1805 776 1806 788 1806 778 1806 789 1807 782 1807 790 1807 792 1808 791 1808 790 1808 789 1809 791 1809 784 1809 790 1810 791 1810 789 1810 783 1811 782 1811 789 1811 792 1812 782 1812 791 1812 785 1813 792 1813 786 1813 792 1814 790 1814 786 1814 786 1815 782 1815 780 1815 790 1816 782 1816 786 1816 780 1817 792 1817 785 1817 782 1818 792 1818 780 1818 778 1819 789 1820 787 1821 789 1822 784 1822 787 1822 787 1823 784 1824 788 1825 784 1826 783 1826 788 1826 788 1827 783 1827 778 1827 783 1828 789 1828 778 1828 769 1829 774 1829 781 1829 773 1830 774 1830 769 1830 772 1831 769 1831 771 1831 772 1832 773 1832 769 1832 791 1833 775 1833 784 1833 781 1834 775 1834 791 1834 782 1835 770 1835 791 1835 769 1836 781 1836 770 1836 781 1837 791 1837 770 1837 802 1838 793 1838 798 1838 798 1839 793 1839 795 1839 793 1840 794 1840 795 1840 796 1841 797 1841 798 1841 799 1842 797 1842 796 1842 802 1843 800 1843 801 1843 803 1844 798 1844 797 1844 803 1845 802 1845 798 1845 803 1846 800 1846 802 1846 804 1847 803 1847 797 1847 799 1848 804 1848 797 1848 796 1849 804 1849 799 1849 795 1850 804 1850 796 1850 794 1851 804 1851 795 1851 805 1852 804 1852 794 1852 795 1853 796 1853 798 1853 806 1854 805 1854 801 1854 801 1855 794 1855 802 1855 805 1856 794 1856 801 1856 802 1857 794 1857 793 1857 811 1858 809 1858 810 1858 811 1859 810 1859 807 1859 809 1860 808 1860 810 1860 812 1861 808 1861 809 1861 806 1862 812 1862 811 1862 813 1863 811 1863 807 1863 813 1864 806 1864 811 1864 806 1865 808 1865 812 1865 806 1866 814 1866 808 1866 808 1867 814 1867 815 1867 806 1868 801 1868 814 1868 808 1869 815 1869 807 1869 807 1870 815 1870 816 1870 810 1871 817 1871 807 1871 817 1872 818 1873 807 1874 807 1875 818 1875 808 1875 808 1876 817 1876 810 1876 816 1877 815 1877 819 1877 815 72 821 72 819 72 821 1878 820 1878 816 1878 821 1879 822 1879 820 1879 815 1880 814 1880 822 1880 815 72 822 72 821 72 812 1881 814 1881 811 1881 814 1882 820 1882 811 1882 811 1883 820 1883 809 1883 820 1884 822 1884 809 1884 809 1885 822 1885 812 1885 822 1886 814 1886 812 1886 821 1887 816 1887 817 1887 817 1888 816 1888 818 1888 816 1889 819 1889 818 1889 819 1890 821 1890 818 1890 818 1891 821 1891 808 1891 808 1892 821 1892 817 1892 800 1893 806 1893 813 1893 805 1894 806 1894 800 1894 804 1895 800 1895 803 1895 804 1896 805 1896 800 1896 800 1897 813 1897 820 1897 820 1898 807 1898 816 1898 813 1899 807 1899 820 1899 814 1900 801 1900 820 1900 800 1901 820 1901 801 1901 828 1902 829 1902 825 1902 829 1903 835 1903 825 1903 828 1904 1122 1904 829 1904 833 1905 1119 1905 830 1905 833 1906 831 1906 832 1906 836 1907 1120 1907 835 1907 837 1908 836 1909 835 1910 837 1911 835 1911 1122 1911 838 1912 833 1912 834 1912 1122 1913 1120 1913 837 1913 838 1914 835 1914 833 1914 835 1915 1119 1915 833 1915 827 1916 839 1916 828 1916 839 1917 1122 1917 828 1917 838 1918 1122 1918 840 1918 840 1919 1122 1919 839 1919 835 1920 838 1920 841 1920 841 1921 838 1921 840 1921 834 1922 833 1922 840 1922 840 1923 833 1923 841 1923 842 1924 832 1924 840 1924 832 1925 834 1925 840 1925 833 1926 830 1926 829 1926 829 1927 830 1927 843 1927 833 1928 829 1928 831 1928 831 1929 829 1929 842 1929 843 1930 830 1930 842 1930 830 1931 831 1931 842 1931 825 1932 1120 1932 843 1932 835 1933 1120 1933 825 1933 1119 1934 835 1934 843 1934 843 1935 835 1935 829 1935 829 1936 1122 1936 841 1936 841 1937 1122 1937 835 1937 841 1938 833 1938 842 1938 842 1939 833 1939 832 1939 1120 1940 1119 1940 843 1940 839 1941 827 1941 840 1941 827 1942 826 1942 840 1942 840 1943 824 1943 842 1943 826 1944 824 1944 840 1944 824 1945 823 1945 842 1945 842 1946 823 1946 843 1946 823 1947 825 1947 843 1947 829 1948 841 1948 842 1948 824 1949 826 1949 845 1949 824 1950 845 1950 846 1950 823 1951 824 1951 846 1951 823 1952 846 1952 847 1952 872 1953 849 1953 848 1953 872 1954 848 1954 847 1954 850 1955 872 1955 847 1955 870 1956 872 1956 850 1956 853 1957 851 1957 852 1957 849 1958 851 1958 853 1958 880 1959 854 1959 851 1959 849 1960 880 1960 851 1960 857 1961 861 1961 856 1961 855 1962 858 1962 857 1962 857 1963 858 1963 861 1963 858 1964 859 1964 861 1964 858 1965 862 1965 859 1965 855 1966 862 1966 858 1966 861 1967 863 1967 860 1967 865 1968 866 1969 860 1970 860 1971 866 1971 861 1971 861 1972 867 1972 864 1972 861 1973 864 1973 863 1973 859 1974 867 1974 861 1974 863 1975 864 1975 865 1975 865 1976 864 1976 866 1976 864 1977 868 1977 866 1977 859 1978 854 1978 867 1978 855 1979 869 1979 862 1979 862 1980 869 1980 870 1980 869 1981 871 1981 870 1981 871 1982 875 1982 870 1982 870 1983 874 1983 872 1983 875 1984 874 1984 870 1984 866 1985 877 1985 876 1985 873 1986 878 1986 868 1986 875 1987 879 1987 874 1987 874 1988 880 1988 872 1988 868 1989 883 1989 866 1989 878 1990 883 1990 868 1990 866 1991 883 1991 877 1991 875 1992 885 1992 879 1992 874 1993 882 1993 880 1993 877 1994 883 1994 881 1994 874 1995 884 1995 882 1995 879 1996 884 1996 874 1996 869 1997 885 1997 875 1997 854 1998 886 1998 873 1998 880 1999 886 1999 854 1999 882 2000 887 2001 880 2002 887 2003 889 2004 880 2005 879 2006 888 2006 884 2006 880 2007 889 2007 886 2007 885 2008 888 2008 879 2008 884 2009 887 2009 882 2009 884 2010 890 2010 887 2010 888 2011 890 2011 884 2011 878 2012 891 2012 883 2012 887 2013 892 2013 889 2013 881 2014 891 2014 876 2014 883 2015 891 2015 881 2015 890 2016 892 2016 887 2016 890 2017 896 2017 892 2017 892 2018 893 2018 889 2018 889 2019 893 2019 886 2019 892 2020 894 2020 893 2020 890 2021 895 2021 896 2021 896 2022 894 2022 892 2022 888 2023 895 2023 890 2023 895 2024 894 2024 896 2024 895 2025 898 2025 894 2025 893 2026 897 2026 899 2026 893 2027 900 2027 897 2027 894 2028 900 2028 893 2028 898 2029 900 2029 894 2029 900 2030 901 2030 897 2030 897 2031 901 2031 899 2031 891 2032 902 2032 876 2032 901 2033 902 2033 899 2033 899 2034 902 2034 891 2034 900 2035 902 2035 901 2035 898 2036 902 2036 900 2036 869 2037 902 2037 885 2037 885 2038 902 2038 888 2038 888 2039 902 2039 895 2039 895 2040 902 2040 898 2040 856 2041 861 2041 904 2041 904 2042 869 2042 856 2042 904 2043 905 2043 869 2043 876 2044 906 2044 866 2044 876 2045 903 2045 906 2045 903 2046 907 2046 906 2046 905 2047 907 2047 869 2047 869 2048 907 2048 903 2048 906 2049 904 2049 866 2049 866 2050 904 2050 861 2050 912 2051 913 2051 909 2051 910 2052 915 2052 905 2052 914 2053 915 2053 910 2053 912 2054 915 2054 913 2054 913 2055 915 2055 914 2055 918 2056 917 2056 915 2056 912 2057 918 2057 915 2057 920 2058 916 2058 917 2058 921 2059 917 2059 918 2059 921 2060 920 2060 917 2060 922 2061 924 2061 923 2061 927 2062 928 2062 926 2062 926 2063 928 2063 925 2063 921 2064 929 2064 925 2064 925 2065 929 2065 923 2065 921 2066 919 2066 929 2066 930 2067 926 2067 1058 2067 999 2068 926 2068 925 2068 1058 2069 926 2069 999 2069 925 2070 931 2070 932 2070 950 2071 949 2071 933 2071 953 2072 933 2072 924 2072 953 2073 950 2073 933 2073 922 2074 953 2074 924 2074 934 2075 926 2075 954 2075 934 2076 927 2076 926 2076 938 2077 935 2077 936 2077 934 2078 936 2078 935 2078 940 2079 937 2079 938 2079 940 2080 938 2080 936 2080 937 2081 934 2081 938 2081 939 2082 941 2082 940 2082 943 2083 940 2083 936 2083 943 2084 939 2084 940 2084 1089 2085 941 2085 939 2085 1089 2086 937 2086 941 2086 945 2087 942 2087 943 2087 944 2088 943 2088 942 2088 944 2089 1089 2089 943 2089 946 2090 945 2090 928 2090 928 2091 945 2091 943 2091 928 2092 943 2092 936 2092 946 2093 944 2093 945 2093 927 2094 946 2094 947 2094 927 2095 944 2095 946 2095 927 2096 947 2096 928 2096 927 2097 934 2097 1089 2097 1089 2098 934 2098 937 2098 927 2099 1089 2099 944 2099 928 2100 948 2100 925 2100 928 2101 936 2101 948 2101 952 2102 951 2102 950 2102 953 2103 952 2103 950 2103 916 2104 920 2104 905 2104 936 2105 954 2105 948 2105 936 2106 934 2106 954 2106 933 2107 907 2107 954 2107 954 2108 907 2108 905 2108 933 2109 949 2109 907 2109 954 2110 930 2110 1000 2110 955 2111 948 2111 954 2111 956 2112 948 2112 955 2112 948 2113 956 2113 931 2113 949 2114 951 2114 907 2114 907 2115 951 2115 908 2115 951 2116 957 2116 908 2116 911 2117 952 2117 923 2117 958 2118 952 2118 911 2118 951 2119 952 2119 957 2119 957 2120 952 2121 958 2122 952 2123 922 2123 923 2123 919 2124 912 2124 929 2124 929 2125 912 2125 909 2125 915 2126 916 2126 905 2126 959 2127 961 2127 904 2127 904 2128 963 2128 962 2128 964 2129 961 2129 959 2129 960 2130 962 2130 964 2130 962 2131 965 2131 964 2131 967 2132 966 2132 963 2132 963 2133 966 2133 965 2133 966 2134 969 2134 965 2134 906 2135 968 2135 967 2135 967 2136 968 2136 969 2136 968 2137 970 2137 969 2137 965 2138 970 2138 964 2138 969 2139 970 2139 965 2139 971 2140 972 2140 970 2140 906 2141 972 2141 971 2141 970 2142 972 2142 964 2142 964 2143 972 2143 961 2143 904 2144 906 2144 963 2144 963 2145 906 2145 967 2145 909 2146 961 2146 973 2146 908 2147 974 2147 972 2147 975 2148 977 2148 973 2148 977 2149 978 2149 973 2149 975 2150 979 2150 976 2150 979 2151 980 2151 976 2151 976 2152 980 2152 978 2152 980 2153 981 2153 978 2153 975 2154 982 2154 979 2154 982 2155 983 2155 979 2155 975 2156 985 2156 982 2156 973 2157 985 2157 975 2157 979 2158 983 2158 981 2158 982 2159 985 2159 984 2159 973 2160 974 2160 985 2160 974 2161 987 2161 985 2161 985 2162 986 2162 984 2162 984 2163 988 2163 983 2163 974 2164 988 2164 987 2164 988 2165 978 2165 981 2165 988 2166 981 2166 983 2166 978 2167 909 2167 973 2167 906 2168 908 2168 972 2168 989 2169 990 2169 961 2169 961 2170 972 2170 989 2170 991 2171 973 2171 990 2171 972 2172 992 2172 989 2172 992 2173 993 2173 989 2173 989 2174 993 2174 991 2174 991 2175 993 2175 973 2175 994 2176 974 2176 993 2176 992 2177 974 2177 994 2177 993 2178 974 2178 973 2178 973 2179 961 2179 990 2179 972 2180 974 2180 992 2180 961 2181 910 2181 904 2181 910 2182 905 2182 904 2182 909 2183 910 2183 961 2183 978 2184 929 2184 909 2184 995 2185 923 2185 996 2185 988 2186 923 2186 995 2186 995 2187 978 2187 988 2187 995 2188 997 2188 978 2188 996 2189 929 2189 998 2189 998 2190 929 2190 997 2190 923 2191 929 2191 996 2191 997 2192 929 2192 978 2192 974 2193 911 2193 988 2193 911 2194 923 2194 988 2194 908 2195 911 2195 974 2195 907 2196 908 2196 906 2196 996 2197 997 2197 995 2197 996 2198 998 2198 997 2198 1000 2199 933 2199 954 2199 999 2200 933 2200 1000 2200 923 2201 999 2201 925 2201 923 2202 933 2202 999 2202 924 2203 933 2203 923 2203 954 2204 926 2204 930 2204 920 2205 921 2205 905 2205 955 2206 954 2206 905 2206 921 2207 932 2207 955 2207 921 2208 955 2208 905 2208 925 2209 932 2209 921 2209 925 2210 948 2210 931 2210 921 2211 918 2211 919 2211 909 2212 914 2212 910 2212 913 2213 914 2213 909 2213 957 2214 911 2214 908 2214 957 2215 958 2215 911 2215 856 2216 869 2216 855 2216 902 2217 903 2217 876 2217 903 2218 902 2218 869 2218 886 2219 1001 2219 873 2219 878 2220 873 2220 1001 2220 893 2221 899 2221 1002 2221 886 2222 893 2222 1002 2222 859 2223 862 2223 851 2223 854 2224 859 2224 851 2224 872 2225 880 2225 849 2225 1001 2226 886 2226 1003 2226 886 2227 1002 2227 1004 2227 1003 2228 1002 2228 1007 2228 1003 2229 1004 2229 1002 2229 899 2230 1003 2230 878 2230 1004 2231 1003 2231 899 2231 1001 2232 1003 2232 1005 2232 878 2233 1001 2233 1005 2233 878 2234 1005 2234 1006 2234 899 2235 878 2235 1006 2235 1002 2236 899 2236 1006 2236 1003 2237 1007 2237 1008 2237 1005 2238 1003 2238 1008 2238 1005 2239 1008 2239 1009 2239 1005 2240 1009 2240 1010 2240 1006 2241 1005 2241 1010 2241 1006 2242 1010 2242 1103 2242 1002 2243 1006 2243 1103 2243 1002 2244 1103 2244 1007 2244 850 2245 847 2245 846 2245 850 2246 846 2246 862 2246 849 2247 850 2247 862 2247 849 2248 862 2248 852 2248 851 2249 862 2249 846 2249 851 2250 846 2250 845 2250 852 2251 851 2251 845 2251 845 2252 849 2252 852 2252 848 2253 849 2253 845 2253 971 2254 968 2254 1011 2254 1011 2255 906 2255 1012 2255 968 2256 906 2256 1011 2256 1012 2257 906 2257 1013 2257 1013 2258 971 2258 1011 2258 906 2259 971 2259 1013 2259 1014 2260 977 2260 1015 2260 978 2261 977 2261 1014 2261 977 2262 976 2262 1015 2262 1015 2263 978 2263 1016 2263 976 2264 978 2264 1015 2264 1016 2265 978 2265 1014 2265 960 2266 959 2266 1017 2266 959 2267 904 2267 1017 2267 1017 2268 904 2268 1018 2268 1018 2269 962 2269 960 2269 960 2270 1017 2270 1019 2270 1018 2271 960 2271 1019 2271 904 2272 962 2272 1018 2272 986 2273 988 2273 984 2273 1020 2274 988 2274 1021 2274 1021 2275 986 2275 1022 2275 988 2276 986 2276 1021 2276 1022 2277 986 2277 1020 2277 986 2278 987 2278 1020 2278 987 2279 988 2279 1020 2279 990 2280 989 2280 1023 2280 1023 2281 989 2281 991 2281 993 2282 992 2282 1024 2282 965 2283 962 2283 1026 2283 962 2284 963 2284 1026 2284 1026 2285 963 2285 1025 2285 963 2286 965 2286 1025 2286 987 2287 986 2287 1027 2287 986 2288 985 2288 1027 2288 1027 2289 985 2289 1028 2289 985 2290 987 2290 1028 2290 982 2291 984 2291 1029 2291 984 2292 983 2292 1029 2292 980 2293 979 2293 1030 2293 1030 2294 979 2294 981 2294 959 2295 960 2295 1031 2295 960 2296 964 2296 1031 2296 966 2297 967 2297 1032 2297 1032 2298 967 2298 969 2298 970 2299 968 2299 1034 2299 968 2300 971 2300 1034 2300 1034 2301 971 2301 1033 2301 971 2302 970 2302 1033 2302 976 2303 977 2303 1036 2303 977 2304 975 2304 1036 2304 1036 2305 975 2305 1035 2305 975 2306 976 2306 1035 2306 1037 2307 1019 2307 1038 2307 1019 2308 1017 2308 1038 2308 1017 2309 1018 2309 1038 2309 1038 2310 1018 2310 1039 2310 1018 2311 1019 2311 1039 2311 1039 2312 1019 2312 1037 2312 1042 2313 1014 2313 1040 2313 1014 2314 1015 2314 1040 2314 1040 2315 1015 2315 1041 2315 1041 2316 1015 2316 1042 2316 1015 2317 1016 2317 1042 2317 1016 2318 1014 2318 1042 2318 1045 2319 1021 2319 1043 2319 1021 2320 1022 2320 1043 2320 1043 2321 1022 2321 1044 2321 1022 2322 1020 2322 1044 2322 1044 2323 1020 2323 1045 2323 1020 2324 1021 2324 1045 2324 1046 2325 1011 2325 1047 2325 1011 2326 1012 2326 1047 2326 1012 2327 1013 2327 1047 2327 1047 2328 1013 2328 1048 2328 1013 2329 1011 2329 1048 2329 1048 2330 1011 2330 1046 2330 1050 2331 1040 2331 1049 2331 1049 2332 1040 2332 1041 2332 1041 2333 1042 2333 1050 2333 1042 2334 1040 2334 1050 2334 919 2335 1049 2335 912 2335 1049 2336 1041 2336 912 2336 912 2337 1041 2337 918 2337 1041 2338 1050 2338 918 2338 1050 2339 1049 2339 918 2339 918 2340 1049 2340 919 2340 1046 2341 1047 2341 1051 2341 1051 2342 1047 2342 1052 2342 1047 2343 1048 2343 1052 2343 1052 2344 1048 2344 1053 2344 1053 2345 1048 2345 1051 2345 1048 2346 1046 2346 1051 2346 1051 2347 1052 2347 950 2347 950 2348 1052 2348 949 2348 1052 2349 1053 2349 949 2349 1053 2350 1051 2350 949 2350 949 2351 1051 2351 951 2351 951 2352 1051 2352 950 2352 1043 2353 1044 2353 1054 2353 1044 2354 1045 2354 1055 2354 1055 2355 1045 2355 1054 2355 1045 2356 1043 2356 1054 2356 922 2357 1054 2357 953 2357 1054 2358 1044 2358 953 2358 1044 2359 1055 2359 953 2359 953 2360 1055 2360 952 2360 1055 2361 1054 2361 952 2361 952 2362 1054 2362 922 2362 1037 2363 1038 2364 1056 2365 1056 2366 1038 2366 1057 2366 1038 2367 1039 2367 1057 2367 1057 2368 1039 2369 1037 2370 917 2371 1056 2371 915 2371 1056 2372 1057 2372 915 2372 915 2373 1057 2373 916 2373 916 2374 1057 2374 917 2374 1057 2375 1037 2375 917 2375 1037 2376 1056 2376 917 2376 1058 2377 932 2377 931 2377 955 2378 1000 2378 956 2378 956 2379 1000 2379 930 2379 999 2380 932 2380 1058 2380 932 2381 1000 2381 955 2381 999 2382 1000 2382 932 2382 947 2383 1059 2383 928 2383 1059 2384 1060 2384 928 2384 928 2385 1060 2385 946 2385 946 2386 1060 2386 947 2386 1060 2387 1061 2387 947 2387 1061 2388 1059 2388 947 2388 938 2389 1062 2389 935 2389 1062 2390 1063 2390 935 2390 1063 2391 1064 2391 935 2391 935 2392 1064 2392 934 2392 1064 2393 1062 2393 934 2393 934 2394 1062 2394 938 2394 945 2395 1065 2395 942 2395 944 2396 1065 2396 945 2396 944 2397 1066 2397 1065 2397 1065 2398 1066 2398 942 2398 942 2399 1066 2399 944 2399 941 2400 1067 2400 940 2400 940 2401 1067 2401 937 2401 1067 2402 1068 2402 937 2402 937 2403 1068 2403 941 2403 941 2404 1069 2404 1067 2404 1067 2405 1069 2405 1068 2405 1068 2406 1069 2406 941 2406 1070 2407 990 2407 1023 2407 1070 2408 991 2408 990 2408 1070 2409 1023 2409 991 2409 1072 2410 964 2410 959 2410 1072 2411 959 2411 1031 2411 1071 2412 1072 2412 1031 2412 1071 2413 1073 2413 1072 2413 1073 2414 1071 2414 1031 2414 1073 2415 1031 2415 964 2415 1072 2416 1073 2416 964 2416 1074 2417 965 2417 1026 2417 1075 2418 1025 2418 965 2418 1074 2419 1075 2419 965 2419 1075 2420 1074 2420 1026 2420 1075 2421 1026 2421 1025 2421 1076 2422 966 2422 1032 2422 966 2423 1076 2423 969 2423 1076 2424 1032 2424 969 2424 1078 2425 1033 2425 970 2425 1078 2426 970 2426 1034 2426 1077 2427 1078 2427 1034 2427 1077 2428 1033 2428 1078 2428 1033 2429 1077 2429 1034 2429 1079 2430 1027 2430 1028 2430 1080 2431 1079 2431 1028 2431 1079 2432 1080 2432 1027 2432 1080 2433 1028 2433 987 2433 1027 2434 1080 2434 987 2434 1081 2435 983 2435 982 2435 1082 2436 1029 2436 983 2436 1081 2437 1082 2437 983 2437 1082 2438 1081 2438 982 2438 1082 2439 982 2439 1029 2439 1083 2440 980 2440 1030 2440 1083 2441 981 2441 980 2441 981 2442 1083 2442 1030 2442 1084 2443 976 2443 1036 2443 1085 2444 1084 2444 1036 2444 1084 2445 1085 2445 976 2445 1085 2446 1036 2446 1035 2446 976 2447 1085 2447 1035 2447 1024 2448 992 2448 994 2448 1024 2449 994 2449 993 2449 1059 2450 1061 2450 1087 2450 1060 2451 1059 2451 1087 2451 1060 2452 1087 2452 1086 2452 1061 2453 1086 2453 1087 2453 1060 2454 1086 2454 1061 2454 1062 2455 1088 2455 1063 2455 1088 2456 1064 2456 1063 2456 1062 2457 1064 2457 1088 2457 956 2458 1058 2458 931 2458 930 2459 1058 2459 956 2459 1089 2460 939 2460 1090 2460 943 2461 1090 2461 939 2461 943 2462 1089 2462 1090 2462 865 2463 860 2463 1091 2463 860 2464 863 2464 1091 2464 863 2465 865 2465 1091 2465 1093 2466 864 2466 867 2466 854 2467 1092 2467 867 2467 1092 2468 868 2468 867 2468 868 2469 1093 2469 867 2469 1092 2470 854 2470 873 2470 1092 2471 873 2471 868 2471 864 2472 1093 2472 868 2472 877 2473 881 2473 876 2473 875 2474 871 2474 869 2474 857 2475 856 2475 855 2475 1003 2476 1094 2476 878 2476 1094 2477 891 2477 878 2477 1094 2478 899 2478 891 2478 1004 2479 899 2479 1094 2479 1004 2480 1094 2480 886 2480 886 2481 1094 2481 1003 2481 870 2482 1095 2482 862 2482 862 2483 1095 2483 852 2483 1095 2484 853 2484 852 2484 870 2485 853 2485 1095 2485 870 2486 849 2486 853 2486 849 2487 870 2487 850 2487 1008 2488 1007 2488 1096 2488 1097 2489 1010 2489 1009 2489 1009 2490 1098 2490 1097 2490 1009 2491 1008 2491 1098 2491 1098 2492 1008 2492 1099 2492 1008 2493 1096 2493 1099 2493 1101 2494 1100 2494 1099 2494 1099 2495 1096 2495 1101 2495 1096 2496 1007 2496 1101 2496 1007 2497 1103 2497 1101 2497 1101 2498 1103 2498 1102 2498 1103 2499 1010 2499 1102 2499 1102 2500 1010 2500 1097 2500 1104 2501 1099 2502 1100 2503 1102 2504 1100 2504 1101 2504 1102 2505 1104 2505 1100 2505 1113 2506 1105 2506 1104 2506 1113 2507 1102 2507 1106 2507 1104 2508 1102 2508 1113 2508 1106 2509 1102 2509 1107 2509 1102 2510 1097 2510 1107 2510 1107 2511 1097 2511 1098 2511 1110 2512 1107 2512 1098 2512 1110 2513 1098 2513 1099 2513 1109 2514 1110 2514 1099 2514 1108 2515 1109 2515 1099 2515 1105 2516 1099 2516 1104 2516 1105 2517 1108 2517 1099 2517 1109 2518 1112 2518 1110 2518 1110 2519 1111 2519 1107 2519 1105 2520 1113 2521 1111 2522 1105 2523 1111 2523 1109 2523 1106 2524 1111 2524 1114 2524 1111 2525 1113 2526 1114 2527 1113 2528 1106 2529 1114 2530 1111 2531 1106 2532 1115 2533 1106 2534 1107 2534 1115 2534 1107 2535 1111 2535 1115 2535 1111 2536 1110 2537 1116 2538 1110 2539 1112 2539 1116 2539 1112 2540 1111 2541 1116 2542 1109 2543 1108 2543 1117 2543 1108 2544 1105 2544 1117 2545 1105 2546 1109 2547 1117 2548 1111 2549 1112 2549 1118 2549 1112 2550 1109 2551 1118 2552 1109 2553 1111 2554 1118 2555 844 2556 823 2556 847 2556 844 2557 847 2557 848 2557 844 2558 848 2558 845 2558 826 2559 844 2559 845 2559 823 2560 844 2560 825 2560 825 2561 844 2561 827 2561 844 2562 826 2562 827 2562 836 2563 837 2563 825 2563 825 2564 837 2564 828 2564 828 2565 1120 2566 827 2567 837 2568 1120 2568 828 2568 827 2569 836 2569 825 2569 1120 2570 836 2571 827 2572 831 2573 1121 2573 832 2573 1121 2574 838 2574 834 2574 831 2575 1120 2575 1121 2575 1120 2576 1122 2576 1121 2576 1123 2577 831 2577 1119 2577 1123 2578 1119 2578 1120 2578 1123 2579 1120 2579 831 2579 1124 2580 838 2581 1121 2582 1124 2583 1121 2583 1122 2583 1124 2584 1122 2584 838 2584 1125 2585 834 2585 832 2585 1125 2586 832 2586 1121 2586 1125 2587 1121 2587 834 2587 1126 2588 831 2588 830 2588 1126 2589 830 2590 1119 2591 1126 2592 1119 2592 831 2592 1127 2593 1128 2593 1129 2593 1128 2594 1127 2594 1129 2594 1130 2595 1131 2595 1132 2595 1131 2596 1130 2596 1132 2596 1133 2597 1135 2597 1134 2597 1135 2598 1133 2598 1134 2598 1136 2599 1138 2599 1137 2599 1138 2600 1136 2600 1137 2600 1139 2601 1141 2601 1140 2601 1141 2602 1139 2602 1140 2602 1142 2603 1144 2603 1143 2603 1144 2604 1142 2604 1143 2604 1145 2605 1147 2605 1146 2605 1147 2606 1145 2606 1146 2606 1148 2607 1150 2607 1149 2607 1150 2608 1148 2608 1149 2608 1151 2609 1153 2609 1152 2609 1153 2610 1151 2610 1152 2610 1154 2611 1156 2611 1155 2611 1156 2612 1154 2612 1155 2612 1157 2613 1159 2613 1158 2613 1159 2614 1157 2614 1158 2614 1160 2615 1162 2615 1161 2615 1162 2616 1160 2616 1161 2616 1168 2617 1164 2617 1163 2617 1169 2618 1168 2618 1163 2618 1170 2619 1169 2619 1163 2619 1171 2620 1170 2620 1163 2620 1170 2621 1164 2621 1168 2621 1172 2622 1164 2622 1170 2622 1173 2623 1171 2623 1163 2623 1173 2624 1174 2624 1171 2624 1167 2625 1173 2625 1163 2625 1165 2626 1174 2626 1173 2626 1176 2627 1173 2627 1167 2627 1166 2628 1176 2628 1167 2628 1166 2629 1165 2629 1176 2629 1165 2630 1164 2630 1172 2630 1165 2631 1172 2631 1174 2631 1174 2632 1172 2632 1171 2632 1163 2633 1165 2633 1167 2633 1164 2634 1165 2634 1163 2634 1167 2635 1165 2635 1166 2635 1172 2636 1170 2636 1171 2636 1170 2637 1168 2637 1169 2637 1175 2638 1165 2638 1173 2638 1175 2639 1173 2639 1176 2639 1176 2640 1165 2640 1175 2640 1183 2641 1182 2641 1177 2641 1182 2642 1178 2642 1177 2642 1184 2643 1183 2643 1177 2643 1185 2644 1184 2644 1177 2644 1184 2645 1178 2645 1182 2645 1186 2646 1178 2646 1184 2646 1187 2647 1185 2647 1177 2647 1187 2648 1188 2648 1185 2648 1181 2649 1187 2649 1177 2649 1179 2650 1188 2650 1187 2650 1180 2651 1187 2651 1181 2651 1179 2652 1178 2652 1186 2652 1179 2653 1186 2653 1188 2653 1188 2654 1186 2654 1185 2654 1177 2655 1179 2655 1181 2655 1178 2656 1179 2656 1177 2656 1181 2657 1179 2657 1180 2657 1186 2658 1184 2658 1185 2658 1184 2659 1182 2659 1183 2659 1189 2660 1179 2660 1187 2660 1180 2661 1179 2661 1189 2661 1180 2662 1189 2662 1187 2662 1192 2663 1190 2663 1191 2663 1192 2664 1193 2664 1190 2664 1194 2665 1193 2665 1192 2665 1196 2666 1193 2666 1195 2666 1193 2667 1198 2667 1195 2667 1197 2668 1200 2668 1196 2668 1198 2669 1197 2669 1196 2669 1198 2670 1199 2670 1197 2670 1193 2671 1199 2671 1198 2671 1201 2672 1202 2672 1200 2672 1200 2673 1202 2673 1196 2673 1199 2674 1201 2674 1200 2674 1199 2675 1204 2675 1201 2675 1203 2676 1206 2676 1202 2676 1202 2677 1206 2677 1196 2677 1204 2678 1203 2678 1202 2678 1204 2679 1205 2679 1203 2679 1207 2680 1208 2680 1206 2680 1205 2681 1207 2681 1206 2681 1205 2682 1211 2682 1207 2682 1209 2683 1210 2683 1208 2683 1211 2684 1209 2684 1208 2684 1206 2685 1210 2685 1196 2685 1208 2686 1210 2686 1206 2686 1211 2687 1212 2687 1209 2687 1212 2688 1194 2688 1210 2688 1211 2689 1194 2689 1212 2689 1193 2690 1194 2690 1204 2690 1193 2691 1204 2691 1199 2691 1204 2692 1194 2692 1205 2692 1205 2693 1194 2693 1211 2693 1190 2694 1210 2694 1191 2694 1196 2695 1210 2695 1190 2695 1213 2696 1190 2696 1193 2696 1215 2697 1213 2697 1193 2697 1213 2698 1196 2698 1190 2698 1214 2699 1196 2699 1213 2699 1193 2700 1196 2700 1214 2700 1193 2701 1214 2701 1215 2701 1191 2702 1217 2702 1192 2702 1210 2703 1216 2703 1191 2703 1216 2704 1194 2704 1217 2704 1217 2705 1194 2705 1192 2705 1210 2706 1194 2706 1216 2706 1209 2707 1218 2707 1226 2707 1226 2708 1218 2708 1217 2708 1217 2709 1218 2709 1212 2709 1212 2710 1218 2710 1209 2710 1213 2711 1220 2711 1219 2711 1219 2712 1220 2712 1198 2712 1213 2713 1195 2714 1198 2713 1198 2715 1220 2715 1213 2715 1195 2716 1219 2716 1196 2716 1196 2717 1219 2717 1198 2717 1197 2718 1221 2718 1200 2718 1221 2719 1199 2719 1200 2719 1197 2720 1222 2720 1221 2720 1221 2721 1222 2721 1199 2721 1199 2722 1222 2722 1197 2722 1201 2723 1223 2723 1202 2723 1202 2724 1223 2724 1204 2724 1204 2725 1223 2725 1201 2725 1203 2726 1224 2726 1206 2726 1206 2727 1224 2727 1205 2727 1205 2728 1224 2728 1203 2728 1207 2729 1225 2729 1208 2729 1208 2730 1225 2730 1211 2730 1211 2731 1225 2731 1207 2731 1209 2732 1226 2732 1210 2732 1226 2733 1212 2733 1210 2733 1213 2734 1219 2734 1214 2734 1219 2735 1195 2736 1214 2737 1214 2738 1195 2738 1215 2738 1195 2739 1213 2739 1215 2739 1217 2740 1191 2740 1226 2740 1191 2741 1216 2742 1226 2742 1226 2743 1216 2743 1212 2743 1212 2744 1216 2744 1217 2744 1227 2745 1228 2745 1229 2745 1229 2746 1231 2746 1227 2746 1230 2747 1231 2747 1229 2747 1230 2748 1232 2748 1231 2748 1234 2749 1232 2749 1233 2749 1232 2750 1236 2750 1233 2750 1235 2751 1238 2751 1234 2751 1236 2752 1235 2752 1234 2752 1236 2753 1237 2753 1235 2753 1232 2754 1237 2754 1236 2754 1239 2755 1240 2755 1238 2755 1238 2756 1240 2756 1234 2756 1237 2757 1239 2757 1238 2757 1241 2758 1244 2758 1240 2758 1242 2759 1244 2759 1241 2759 1240 2760 1244 2760 1234 2760 1239 2761 1242 2761 1241 2761 1239 2762 1243 2762 1242 2762 1245 2763 1246 2763 1244 2763 1243 2764 1245 2764 1244 2764 1243 2765 1249 2765 1245 2765 1247 2766 1248 2766 1246 2766 1249 2767 1247 2767 1246 2767 1248 2768 1228 2768 1246 2768 1244 2769 1228 2769 1234 2769 1246 2770 1228 2770 1244 2770 1249 2771 1250 2771 1247 2771 1250 2772 1230 2772 1248 2772 1248 2773 1230 2773 1228 2773 1249 2774 1230 2774 1250 2774 1232 2775 1230 2775 1239 2775 1232 2776 1239 2776 1237 2776 1239 2777 1230 2777 1243 2777 1243 2778 1230 2778 1249 2778 1234 2779 1228 2779 1227 2779 1251 2780 1227 2780 1231 2780 1253 2781 1251 2781 1231 2781 1251 2782 1234 2782 1227 2782 1252 2783 1234 2783 1251 2783 1232 2784 1234 2784 1252 2784 1232 2785 1253 2785 1231 2785 1232 2786 1252 2786 1253 2786 1229 2787 1255 2787 1230 2787 1228 2788 1255 2788 1229 2788 1254 2789 1230 2789 1255 2789 1228 2790 1230 2790 1254 2790 1247 2791 1256 2791 1266 2791 1266 2792 1256 2793 1255 2794 1255 2795 1250 2795 1248 2795 1255 2796 1256 2797 1250 2798 1250 2799 1256 2799 1247 2799 1253 2800 1257 2800 1258 2800 1258 2801 1257 2802 1236 2803 1236 2804 1257 2804 1233 2804 1233 2805 1257 2805 1253 2805 1233 2806 1258 2806 1234 2806 1258 2807 1236 2807 1234 2807 1235 2808 1259 2808 1238 2808 1259 2809 1237 2809 1238 2809 1235 2810 1260 2810 1259 2810 1259 2811 1260 2811 1237 2811 1237 2812 1260 2812 1235 2812 1239 2813 1262 2813 1240 2813 1240 2814 1261 2814 1241 2814 1241 2815 1261 2815 1239 2815 1261 2816 1262 2816 1239 2816 1262 2817 1263 2817 1240 2817 1240 2818 1263 2818 1261 2818 1261 2819 1263 2819 1262 2819 1242 2820 1264 2820 1244 2820 1244 2821 1264 2821 1243 2821 1243 2822 1264 2822 1242 2822 1245 2823 1265 2823 1246 2823 1246 2824 1265 2824 1249 2824 1249 2825 1265 2825 1245 2825 1247 2826 1266 2826 1248 2826 1253 2827 1258 2827 1251 2827 1251 2828 1258 2828 1252 2828 1258 2829 1233 2830 1252 2831 1252 2832 1233 2832 1253 2832 1255 2833 1228 2834 1266 2835 1228 2836 1254 2836 1266 2836 1266 2837 1254 2837 1248 2837 1248 2838 1254 2838 1255 2838 1267 2839 1276 2839 1275 2839 1267 2840 1268 2840 1276 2840 1306 2841 1268 2841 1267 2841 1271 2842 1306 2842 1267 2842 1271 2843 1273 2843 1269 2843 1269 2844 1274 2844 1272 2844 1271 2845 1275 2845 1273 2845 1275 2846 1276 2846 1273 2846 1421 2847 1270 2848 1275 2849 1276 2850 1277 2850 1273 2850 1278 2851 1277 2851 1276 2851 1273 2852 1279 2852 1274 2852 1270 2853 1281 2853 1275 2853 1275 2854 1281 2854 1278 2854 1283 2855 1281 2855 1270 2855 1280 2856 1282 2856 1272 2856 1279 2857 1280 2857 1274 2857 1274 2858 1280 2858 1272 2858 1278 2859 1281 2859 1277 2859 1281 2860 1285 2860 1277 2860 1280 2861 1279 2861 1284 2861 1284 2862 1287 2862 1282 2862 1283 2863 1286 2863 1285 2863 1279 2864 1288 2864 1284 2864 1285 2865 1289 2865 1277 2865 1277 2866 1289 2866 1288 2866 1288 2867 1287 2867 1284 2867 1285 2868 1286 2868 1289 2868 1286 2869 1290 2869 1289 2869 1290 2870 1287 2870 1288 2870 1291 2871 1292 2871 1278 2871 1278 2872 1292 2872 1275 2872 1421 2873 1292 2873 1270 2873 1291 2874 1306 2874 1292 2874 1306 2875 1270 2875 1292 2875 1295 2876 1293 2876 1294 2876 1296 2877 1294 2877 1293 2877 1297 2878 1295 2878 1294 2878 1297 2879 1296 2879 1295 2879 1299 2880 1296 2880 1298 2880 1298 2881 1296 2881 1297 2881 1307 2882 1297 2882 1300 2882 1306 2883 1296 2883 1299 2883 1268 2884 1306 2884 1299 2884 1304 2885 1303 2885 1298 2885 1304 2886 1302 2886 1303 2886 1304 2887 1298 2887 1297 2887 1305 2888 1306 2888 1291 2888 1304 2889 1297 2889 1307 2889 1308 2890 1309 2890 1268 2890 1308 2891 1268 2891 1303 2891 1309 2892 1291 2892 1268 2892 1308 2893 1303 2893 1302 2893 1304 2894 1307 2894 1301 2894 1310 2895 1304 2895 1301 2895 1311 2896 1308 2896 1302 2896 1312 2897 1291 2897 1309 2897 1313 2898 1312 2898 1309 2898 1314 2899 1306 2899 1305 2899 1314 2900 1305 2900 1315 2900 1316 2901 1313 2901 1311 2901 1317 2902 1313 2902 1316 2902 1317 2903 1312 2903 1313 2903 1316 2904 1311 2904 1310 2904 1318 2905 1314 2905 1315 2905 1322 2906 1312 2906 1317 2906 1322 2907 1315 2907 1312 2907 1320 2908 1318 2908 1315 2908 1320 2909 1315 2909 1322 2909 1320 2910 1319 2910 1318 2910 1321 2911 1316 2911 1310 2911 1321 2912 1310 2912 1301 2912 1321 2913 1322 2913 1316 2913 1323 2914 1322 2914 1321 2914 1323 2915 1320 2915 1322 2915 1324 2916 1320 2916 1323 2916 1314 2917 1296 2917 1306 2917 1300 2918 1326 2918 1327 2918 1300 2919 1297 2919 1326 2919 1326 2920 1328 2920 1327 2920 1328 2921 1325 2921 1327 2921 1297 2922 1294 2922 1328 2922 1328 2923 1294 2923 1325 2923 1301 2924 1300 2924 1329 2924 1329 2925 1300 2925 1327 2925 1321 2926 1329 2926 1330 2926 1321 2927 1301 2927 1329 2927 1324 2928 1321 2928 1330 2928 1319 2929 1331 2929 1332 2929 1319 2930 1320 2930 1331 2930 1331 2931 1333 2931 1332 2931 1333 2932 1330 2932 1332 2932 1320 2933 1324 2933 1333 2933 1333 2934 1324 2934 1330 2934 1314 2935 1319 2935 1334 2935 1334 2936 1319 2936 1332 2936 1296 2937 1314 2937 1335 2937 1335 2938 1314 2938 1334 2938 1294 2939 1296 2939 1325 2939 1325 2940 1296 2940 1335 2940 1336 2941 1337 2941 1325 2941 1337 2942 1338 2942 1325 2942 1335 2943 1271 2943 1269 2943 1335 2944 1269 2944 1336 2944 1269 2945 1272 2945 1336 2945 1336 2946 1272 2946 1337 2946 1335 2947 1270 2947 1271 2947 1337 2948 1272 2948 1339 2948 1338 2949 1327 2949 1325 2949 1338 2950 1341 2950 1327 2950 1340 2951 1341 2951 1338 2951 1341 2952 1329 2952 1327 2952 1339 2953 1272 2953 1338 2953 1338 2954 1272 2954 1340 2954 1272 2955 1329 2955 1340 2955 1272 2956 1282 2956 1329 2956 1270 2957 1334 2957 1283 2957 1282 2958 1287 2958 1329 2958 1334 2959 1286 2959 1283 2959 1334 2960 1342 2960 1286 2960 1342 2961 1343 2961 1286 2961 1332 2962 1343 2962 1342 2962 1343 2963 1344 2963 1286 2963 1344 2964 1345 2964 1286 2964 1290 2965 1330 2965 1287 2965 1290 2966 1346 2966 1330 2966 1347 2967 1346 2967 1286 2967 1286 2968 1346 2968 1290 2968 1345 2969 1347 2969 1286 2969 1346 2970 1348 2970 1330 2970 1343 2971 1330 2971 1345 2971 1345 2972 1330 2972 1347 2972 1347 2973 1330 2973 1348 2973 1330 2974 1329 2974 1287 2974 1332 2975 1330 2975 1343 2975 1335 2976 1334 2976 1270 2976 1349 2977 1297 2977 1328 2977 1326 2978 1297 2978 1349 2978 1331 2979 1320 2979 1350 2979 1350 2980 1320 2980 1333 2980 1268 2981 1299 2981 1355 2981 1355 2982 1299 2982 1351 2982 1351 2983 1299 2983 1352 2983 1299 2984 1298 2984 1352 2984 1352 2985 1298 2985 1353 2985 1298 2986 1303 2986 1353 2986 1353 2987 1303 2987 1354 2987 1354 2988 1268 2988 1355 2988 1303 2989 1268 2989 1354 2989 1354 2990 1274 2990 1353 2990 1355 2991 1351 2991 1356 2991 1355 2992 1356 2992 1354 2992 1322 2993 1317 2993 1357 2993 1357 2994 1317 2994 1358 2994 1359 2995 1289 2995 1358 2995 1359 2996 1358 2996 1360 2996 1361 2997 1358 2997 1289 2997 1357 2998 1358 2998 1361 2998 1317 2999 1316 2999 1358 2999 1358 3000 1316 3000 1360 3000 1360 3001 1316 3001 1362 3001 1316 3002 1322 3002 1362 3002 1362 3003 1322 3003 1357 3003 1305 3004 1291 3004 1363 3004 1363 3005 1291 3005 1364 3005 1281 3006 1363 3006 1364 3006 1285 3007 1281 3007 1364 3007 1366 3008 1365 3008 1285 3008 1364 3009 1291 3009 1285 3009 1291 3010 1312 3010 1285 3010 1285 3011 1312 3011 1366 3011 1312 3012 1315 3012 1366 3012 1366 3013 1315 3013 1363 3013 1315 3014 1305 3014 1363 3014 1302 3015 1304 3015 1370 3015 1370 3016 1304 3016 1367 3016 1367 3017 1304 3017 1368 3017 1304 3018 1310 3018 1368 3018 1368 3019 1310 3019 1369 3019 1310 3020 1311 3020 1369 3020 1369 3021 1311 3021 1284 3021 1284 3022 1302 3022 1370 3022 1311 3023 1302 3023 1284 3023 1371 3024 1370 3024 1367 3024 1371 3025 1280 3025 1370 3025 1284 3026 1370 3026 1280 3026 1284 3027 1372 3027 1369 3027 1356 3028 1374 3028 1269 3028 1356 3029 1269 3029 1273 3029 1373 3030 1269 3030 1374 3030 1373 3031 1274 3031 1269 3031 1356 3032 1273 3032 1354 3032 1273 3033 1274 3033 1354 3033 1371 3034 1375 3034 1282 3034 1371 3035 1282 3035 1280 3035 1376 3036 1282 3036 1377 3036 1377 3037 1282 3037 1375 3037 1282 3038 1372 3038 1284 3038 1376 3039 1372 3039 1282 3039 1378 3040 1281 3040 1283 3040 1378 3041 1283 3041 1379 3041 1379 3042 1283 3042 1383 3042 1365 3043 1383 3043 1283 3043 1365 3044 1283 3044 1285 3044 1290 3045 1361 3045 1289 3045 1380 3046 1361 3046 1290 3046 1380 3047 1290 3047 1381 3047 1359 3048 1381 3048 1290 3048 1359 3049 1290 3049 1288 3049 1359 3050 1288 3050 1289 3050 1270 3051 1306 3051 1271 3051 1276 3052 1268 3052 1278 3052 1268 3053 1291 3053 1278 3053 1382 3054 1274 3054 1373 3054 1374 3055 1356 3055 1382 3055 1356 3056 1274 3056 1382 3056 1371 3057 1372 3057 1375 3057 1375 3058 1372 3058 1376 3058 1361 3059 1381 3059 1359 3059 1378 3060 1383 3060 1281 3060 1281 3061 1383 3061 1365 3061 1348 3062 1346 3062 1321 3062 1321 3063 1346 3063 1323 3063 1346 3064 1347 3064 1323 3064 1323 3065 1347 3065 1324 3065 1347 3066 1348 3066 1324 3066 1324 3067 1348 3067 1321 3067 1295 3068 1325 3068 1293 3068 1336 3069 1325 3070 1295 3071 1325 3072 1335 3072 1293 3072 1293 3073 1336 3073 1296 3073 1335 3074 1336 3075 1293 3076 1296 3077 1336 3077 1295 3077 1385 3078 1314 3078 1318 3078 1314 3079 1385 3079 1319 3079 1385 3080 1384 3080 1319 3080 1319 3081 1384 3081 1318 3081 1332 3082 1342 3082 1384 3082 1384 3083 1342 3084 1318 3085 1342 3086 1334 3087 1318 3088 1318 3089 1334 3089 1385 3089 1334 3090 1332 3091 1385 3092 1385 3093 1332 3093 1384 3093 1301 3094 1386 3094 1300 3094 1386 3095 1387 3095 1300 3095 1300 3096 1387 3096 1307 3096 1301 3097 1307 3097 1386 3097 1329 3098 1341 3098 1386 3098 1386 3099 1341 3099 1387 3099 1341 3100 1340 3100 1387 3100 1387 3101 1340 3101 1307 3101 1340 3102 1329 3102 1307 3102 1307 3103 1329 3103 1386 3103 1326 3104 1338 3104 1328 3104 1338 3105 1337 3105 1328 3105 1337 3106 1339 3106 1328 3106 1328 3107 1339 3107 1349 3107 1339 3108 1338 3108 1349 3108 1349 3109 1338 3109 1326 3109 1345 3110 1344 3110 1333 3110 1333 3111 1344 3111 1350 3111 1344 3112 1343 3112 1350 3112 1350 3113 1343 3113 1331 3113 1331 3114 1343 3114 1333 3114 1343 3115 1345 3115 1333 3115 1274 3116 1356 3116 1353 3116 1361 3117 1359 3117 1357 3117 1281 3118 1365 3118 1388 3118 1363 3119 1281 3119 1388 3119 1359 3120 1360 3120 1389 3120 1359 3121 1389 3121 1390 3121 1357 3122 1359 3122 1390 3122 1391 3123 1390 3123 1389 3123 1357 3124 1390 3124 1391 3124 1362 3125 1357 3125 1391 3125 1362 3126 1391 3126 1389 3126 1360 3127 1362 3127 1389 3127 1393 3128 1381 3128 1361 3128 1392 3129 1393 3129 1361 3129 1392 3130 1361 3130 1380 3130 1393 3131 1392 3131 1380 3131 1393 3132 1380 3132 1381 3132 1368 3133 1369 3133 1394 3133 1367 3134 1394 3134 1396 3134 1367 3135 1368 3135 1394 3135 1371 3136 1367 3136 1396 3136 1395 3137 1396 3137 1394 3137 1372 3138 1371 3138 1396 3138 1372 3139 1396 3139 1395 3139 1369 3140 1372 3140 1395 3140 1369 3141 1395 3141 1394 3141 1398 3142 1377 3142 1375 3142 1397 3143 1398 3143 1375 3143 1397 3144 1375 3144 1376 3144 1398 3145 1397 3145 1376 3145 1398 3146 1376 3146 1377 3146 1365 3147 1399 3147 1401 3147 1388 3148 1365 3148 1401 3148 1388 3149 1401 3149 1400 3149 1363 3150 1388 3150 1400 3150 1402 3151 1400 3151 1399 3151 1400 3152 1401 3152 1399 3152 1363 3153 1400 3153 1402 3153 1366 3154 1363 3154 1402 3154 1366 3155 1402 3155 1399 3155 1365 3156 1366 3156 1399 3156 1404 3157 1383 3157 1378 3157 1403 3158 1404 3158 1378 3158 1403 3159 1378 3159 1379 3159 1403 3160 1379 3160 1383 3160 1404 3161 1403 3161 1383 3161 1352 3162 1353 3162 1406 3162 1352 3163 1406 3163 1405 3163 1351 3164 1352 3164 1405 3164 1407 3165 1405 3165 1406 3165 1356 3166 1351 3166 1405 3166 1356 3167 1405 3167 1407 3167 1356 3168 1407 3168 1406 3168 1353 3169 1356 3169 1406 3169 1408 3170 1409 3170 1373 3170 1408 3171 1373 3171 1374 3171 1408 3172 1374 3172 1382 3172 1409 3173 1408 3173 1382 3173 1409 3174 1382 3174 1373 3174 1410 3175 1279 3175 1411 3175 1279 3176 1273 3176 1411 3176 1412 3177 1288 3177 1410 3177 1410 3178 1288 3178 1279 3178 1277 3179 1413 3179 1273 3179 1273 3180 1413 3180 1411 3180 1288 3181 1412 3181 1277 3181 1412 3182 1413 3182 1277 3182 1415 3183 1414 3183 1410 3183 1415 3184 1410 3184 1411 3184 1416 3185 1415 3185 1411 3185 1416 3186 1411 3186 1413 3186 1417 3187 1416 3187 1413 3187 1418 3188 1417 3188 1413 3188 1418 3189 1413 3189 1412 3189 1419 3190 1418 3190 1412 3190 1419 3191 1412 3191 1410 3191 1414 3192 1419 3192 1410 3192 1417 3193 1414 3193 1416 3193 1416 3194 1414 3194 1415 3194 1417 3195 1419 3195 1414 3195 1418 3196 1419 3196 1417 3196 1311 3197 1309 3197 1308 3197 1311 3198 1313 3198 1309 3198 1275 3199 1420 3199 1267 3199 1271 3200 1267 3200 1292 3200 1421 3201 1271 3201 1292 3201 1275 3202 1292 3202 1420 3202 1292 3203 1267 3203 1420 3203 1421 3204 1275 3204 1271 3204 1424 3205 1422 3205 1423 3205 1422 3206 1424 3206 1423 3206 1425 3207 1426 3207 1427 3207 1428 3208 1425 3208 1427 3208 1429 3209 1426 3209 1425 3209 1430 3210 1425 3210 1428 3210 1431 3211 1426 3211 1429 3211 1432 3212 1431 3212 1429 3212 1430 3213 1428 3213 1433 3213 1430 3214 1433 3214 1434 3214 1435 3215 1431 3215 1432 3215 1435 3216 1436 3216 1431 3216 1437 3217 1430 3217 1434 3217 1436 3218 1435 3218 1438 3218 1439 3219 1437 3219 1434 3219 1439 3220 1440 3220 1437 3220 1441 3221 1436 3221 1438 3221 1442 3222 1441 3222 1438 3222 1443 3223 1440 3223 1439 3223 1444 3224 1443 3224 1439 3224 1442 3225 1438 3225 1445 3225 1445 3226 1443 3226 1444 3226 1446 3227 1442 3227 1445 3227 1446 3228 1445 3228 1444 3228 1431 3229 1447 3229 1426 3229 1426 3230 1447 3230 1427 3230 1427 3231 1447 3231 1428 3231 1447 3232 1448 3232 1428 3232 1428 3233 1448 3234 1433 3235 1433 3236 1449 3236 1434 3236 1448 3237 1449 3237 1433 3237 1434 3238 1449 3238 1439 3238 1449 3239 1450 3240 1439 3241 1439 3242 1450 3242 1444 3242 1444 3243 1450 3244 1446 3245 1446 3246 1450 3246 1442 3246 1450 3247 1451 3247 1442 3247 1442 3248 1451 3248 1441 3248 1441 3249 1452 3249 1436 3249 1451 3250 1452 3250 1441 3250 1436 3251 1452 3251 1431 3251 1452 3252 1447 3252 1431 3252 1429 3253 1447 3253 1432 3253 1425 3254 1447 3254 1429 3254 1448 3255 1447 3255 1425 3255 1430 3256 1448 3256 1425 3256 1449 3257 1448 3257 1430 3257 1437 3258 1449 3258 1430 3258 1449 3259 1437 3259 1440 3259 1450 3260 1449 3260 1440 3260 1443 3261 1450 3261 1440 3261 1445 3262 1450 3262 1443 3262 1451 3263 1450 3264 1445 3265 1438 3266 1451 3266 1445 3266 1452 3267 1451 3267 1438 3267 1435 3268 1452 3268 1438 3268 1452 3269 1435 3269 1432 3269 1447 3270 1452 3270 1432 3270 1462 3271 1453 3271 1458 3271 1458 3272 1453 3272 1455 3272 1453 3273 1454 3273 1455 3273 1456 3274 1457 3274 1458 3274 1459 3275 1457 3275 1456 3275 1462 3276 1460 3276 1461 3276 1463 3277 1458 3277 1457 3277 1463 3278 1462 3278 1458 3278 1463 3279 1460 3279 1462 3279 1464 3280 1463 3280 1457 3280 1459 3281 1464 3281 1457 3281 1456 3282 1464 3282 1459 3282 1455 3283 1464 3283 1456 3283 1454 3284 1464 3284 1455 3284 1465 3285 1464 3285 1454 3285 1455 3286 1456 3286 1458 3286 1466 3287 1465 3287 1461 3287 1461 3288 1454 3288 1462 3288 1465 3289 1454 3289 1461 3289 1462 3290 1454 3290 1453 3290 1469 3291 1470 3291 1467 3291 1472 3292 1469 3292 1467 3292 1469 3293 1468 3293 1470 3293 1471 3294 1468 3294 1469 3294 1466 3295 1471 3295 1472 3295 1473 3296 1472 3296 1467 3296 1473 3297 1466 3297 1472 3297 1466 3298 1468 3298 1471 3298 1466 3299 1474 3299 1468 3299 1468 3300 1474 3300 1475 3300 1466 3301 1461 3301 1474 3301 1468 3302 1475 3302 1467 3302 1467 3303 1475 3303 1476 3303 1470 3304 1477 3304 1467 3304 1467 3305 1477 3305 1468 3305 1476 3306 1475 3306 1478 3306 1475 72 1479 72 1478 72 1479 3307 1480 3307 1481 3307 1479 3308 1481 3308 1476 3308 1475 3309 1474 3309 1480 3309 1475 72 1480 72 1479 72 1471 3310 1474 3310 1472 3310 1474 3311 1481 3311 1472 3311 1472 3312 1481 3312 1469 3312 1481 3313 1480 3313 1469 3313 1480 3314 1474 3314 1469 3314 1469 3315 1474 3315 1471 3315 1479 3316 1476 3316 1470 3316 1470 3317 1476 3317 1477 3317 1476 3318 1478 3318 1477 3318 1477 3319 1479 3319 1468 3319 1478 3320 1479 3320 1477 3320 1468 3321 1479 3321 1470 3321 1460 3322 1466 3322 1473 3322 1465 3323 1466 3323 1460 3323 1464 3324 1460 3324 1463 3324 1464 3325 1465 3325 1460 3325 1460 3326 1473 3326 1481 3326 1481 3327 1467 3327 1476 3327 1473 3328 1467 3328 1481 3328 1474 3329 1461 3329 1481 3329 1460 3330 1481 3330 1461 3330</p>
        </triangles>
      </mesh>
    </geometry>
  </library_geometries>
  <library_visual_scenes>
    <visual_scene id="Scene" name="Scene">
      <node id="Camera_007" name="Camera.007" type="NODE">
        <matrix sid="transform">0.6859207 -0.3240135 0.6515582 7.358891 0.7276763 0.3054209 -0.6141704 -6.925791 -4.01133e-9 0.8953956 0.4452714 4.958309 0 0 0 1</matrix>
        <instance_camera url="#Camera_007-camera"/>
      </node>
      <node id="Light_005" name="Light.005" type="NODE">
        <matrix sid="transform">-0.290865 -0.7711006 0.5663931 4.076245 0.955171 -0.1998836 0.2183914 1.005454 -0.05518911 0.6045247 0.7946723 5.903862 0 0 0 1</matrix>
        <instance_light url="#Light_005-light"/>
      </node>
      <node id="Camera_006" name="Camera.006" type="NODE">
        <matrix sid="transform">0.6859207 -0.3240135 0.6515582 7.358891 0.7276763 0.3054209 -0.6141704 -6.925791 -4.01133e-9 0.8953956 0.4452714 4.958309 0 0 0 1</matrix>
        <instance_camera url="#Camera_006-camera"/>
      </node>
      <node id="node0" name="node0" type="NODE">
        <matrix sid="transform">1 0 0 0 0 1 0 0 0 0 1 0 0 0 0 1</matrix>
        <instance_geometry url="#Mesh_002-mesh" name="node0">
          <bind_material>
            <technique_common>
              <instance_material symbol="Mesh_002-material" target="#Mesh_002-material"/>
            </technique_common>
          </bind_material>
        </instance_geometry>
      </node>
      <node id="Camera_005" name="Camera.005" type="NODE">
        <matrix sid="transform">0.6859207 -0.3240135 0.6515582 7.358891 0.7276763 0.3054209 -0.6141704 -6.925791 -4.01133e-9 0.8953956 0.4452714 4.958309 0 0 0 1</matrix>
        <instance_camera url="#Camera_005-camera"/>
      </node>
      <node id="Light_004" name="Light.004" type="NODE">
        <matrix sid="transform">-0.2908649 -0.7711007 0.5663932 4.076245 0.9551711 -0.1998835 0.2183914 1.005454 -0.05518913 0.6045247 0.7946723 5.903862 0 0 0 1</matrix>
        <instance_light url="#Light_004-light"/>
      </node>
      <node id="Light_003" name="Light.003" type="NODE">
        <matrix sid="transform">-0.2908648 -0.7711008 0.5663932 4.076245 0.9551711 -0.1998834 0.2183913 1.005454 -0.05518911 0.6045247 0.7946723 5.903862 0 0 0 1</matrix>
        <instance_light url="#Light_003-light"/>
      </node>
      <node id="Camera_004" name="Camera.004" type="NODE">
        <matrix sid="transform">0.6859207 -0.3240135 0.6515582 7.358891 0.7276763 0.3054209 -0.6141704 -6.925791 -4.01133e-9 0.8953956 0.4452714 4.958309 0 0 0 1</matrix>
        <instance_camera url="#Camera_004-camera"/>
      </node>
      <node id="Light" name="Light" type="NODE">
        <matrix sid="transform">-0.2908648 -0.7711008 0.5663932 4.076245 0.9551711 -0.1998834 0.2183913 1.005454 -0.05518911 0.6045247 0.7946723 5.903862 0 0 0 1</matrix>
        <instance_light url="#Light-light"/>
      </node>
      <node id="Camera_003" name="Camera.003" type="NODE">
        <matrix sid="transform">0.6859207 -0.3240135 0.6515582 7.358891 0.7276763 0.3054209 -0.6141704 -6.925791 -4.01133e-9 0.8953956 0.4452714 4.958309 0 0 0 1</matrix>
        <instance_camera url="#Camera_003-camera"/>
      </node>
      <node id="Light_002" name="Light.002" type="NODE">
        <matrix sid="transform">-0.2908648 -0.7711008 0.5663932 4.076245 0.9551711 -0.1998834 0.2183913 1.005454 -0.05518911 0.6045247 0.7946723 5.903862 0 0 0 1</matrix>
        <instance_light url="#Light_002-light"/>
      </node>
      <node id="Camera_002" name="Camera.002" type="NODE">
        <matrix sid="transform">0.6859207 -0.3240135 0.6515582 7.358891 0.7276763 0.3054209 -0.6141704 -6.925791 -4.01133e-9 0.8953956 0.4452714 4.958309 0 0 0 1</matrix>
        <instance_camera url="#Camera_002-camera"/>
      </node>
      <node id="Camera_001" name="Camera.001" type="NODE">
        <matrix sid="transform">0.6859207 -0.3240135 0.6515582 7.358891 0.7276763 0.3054209 -0.6141704 -6.925791 -4.01133e-9 0.8953956 0.4452714 4.958309 0 0 0 1</matrix>
        <instance_camera url="#Camera_001-camera"/>
      </node>
      <node id="Light_001" name="Light.001" type="NODE">
        <matrix sid="transform">-0.2908649 -0.7711007 0.5663932 4.076245 0.9551711 -0.1998835 0.2183914 1.005454 -0.05518913 0.6045247 0.7946723 5.903862 0 0 0 1</matrix>
        <instance_light url="#Light_001-light"/>
      </node>
      <node id="Camera" name="Camera" type="NODE">
        <matrix sid="transform">0.6859207 -0.3240135 0.6515582 7.358891 0.7276763 0.3054208 -0.6141704 -6.925791 0 0.8953956 0.4452714 4.958309 0 0 0 1</matrix>
        <instance_camera url="#Camera-camera"/>
      </node>
    </visual_scene>
  </library_visual_scenes>
  <scene>
    <instance_visual_scene url="#Scene"/>
  </scene>
</COLLADA>