<?xml version="1.0" encoding="utf-8"?>
<COLLADA xmlns="http://www.collada.org/2005/11/COLLADASchema" version="1.4.1" xmlns:xsi="http://www.w3.org/2001/XMLSchema-instance">
  <asset>
    <contributor>
      <author>Blender User</author>
      <authoring_tool>Blender 4.4.3 commit date:2025-04-29, commit time:14:09, hash:802179c51ccc</authoring_tool>
    </contributor>
    <created>2025-08-26T11:03:09</created>
    <modified>2025-08-26T11:03:09</modified>
    <unit name="meter" meter="1"/>
    <up_axis>Z_UP</up_axis>
  </asset>
  <library_cameras>
    <camera id="Camera_012-camera" name="Camera.012">
      <optics>
        <technique_common>
          <perspective>
            <xfov sid="xfov">39.59775</xfov>
            <aspect_ratio>1.777778</aspect_ratio>
            <znear sid="znear">0.1</znear>
            <zfar sid="zfar">100</zfar>
          </perspective>
        </technique_common>
      </optics>
      <extra>
        <technique profile="blender">
          <shiftx sid="shiftx" type="float">0</shiftx>
          <shifty sid="shifty" type="float">0</shifty>
          <dof_distance sid="dof_distance" type="float">10</dof_distance>
        </technique>
      </extra>
    </camera>
    <camera id="Camera_011-camera" name="Camera.011">
      <optics>
        <technique_common>
          <perspective>
            <xfov sid="xfov">39.59775</xfov>
            <aspect_ratio>1.777778</aspect_ratio>
            <znear sid="znear">0.1</znear>
            <zfar sid="zfar">100</zfar>
          </perspective>
        </technique_common>
      </optics>
      <extra>
        <technique profile="blender">
          <shiftx sid="shiftx" type="float">0</shiftx>
          <shifty sid="shifty" type="float">0</shifty>
          <dof_distance sid="dof_distance" type="float">10</dof_distance>
        </technique>
      </extra>
    </camera>
    <camera id="Camera_010-camera" name="Camera.010">
      <optics>
        <technique_common>
          <perspective>
            <xfov sid="xfov">39.59775</xfov>
            <aspect_ratio>1.777778</aspect_ratio>
            <znear sid="znear">0.1</znear>
            <zfar sid="zfar">100</zfar>
          </perspective>
        </technique_common>
      </optics>
      <extra>
        <technique profile="blender">
          <shiftx sid="shiftx" type="float">0</shiftx>
          <shifty sid="shifty" type="float">0</shifty>
          <dof_distance sid="dof_distance" type="float">10</dof_distance>
        </technique>
      </extra>
    </camera>
    <camera id="Camera_009-camera" name="Camera.009">
      <optics>
        <technique_common>
          <perspective>
            <xfov sid="xfov">39.59775</xfov>
            <aspect_ratio>1.777778</aspect_ratio>
            <znear sid="znear">0.1</znear>
            <zfar sid="zfar">100</zfar>
          </perspective>
        </technique_common>
      </optics>
      <extra>
        <technique profile="blender">
          <shiftx sid="shiftx" type="float">0</shiftx>
          <shifty sid="shifty" type="float">0</shifty>
          <dof_distance sid="dof_distance" type="float">10</dof_distance>
        </technique>
      </extra>
    </camera>
    <camera id="Camera_008-camera" name="Camera.008">
      <optics>
        <technique_common>
          <perspective>
            <xfov sid="xfov">39.59775</xfov>
            <aspect_ratio>1.777778</aspect_ratio>
            <znear sid="znear">0.1</znear>
            <zfar sid="zfar">100</zfar>
          </perspective>
        </technique_common>
      </optics>
      <extra>
        <technique profile="blender">
          <shiftx sid="shiftx" type="float">0</shiftx>
          <shifty sid="shifty" type="float">0</shifty>
          <dof_distance sid="dof_distance" type="float">10</dof_distance>
        </technique>
      </extra>
    </camera>
    <camera id="Camera_007-camera" name="Camera.007">
      <optics>
        <technique_common>
          <perspective>
            <xfov sid="xfov">39.59775</xfov>
            <aspect_ratio>1.777778</aspect_ratio>
            <znear sid="znear">0.1</znear>
            <zfar sid="zfar">100</zfar>
          </perspective>
        </technique_common>
      </optics>
      <extra>
        <technique profile="blender">
          <shiftx sid="shiftx" type="float">0</shiftx>
          <shifty sid="shifty" type="float">0</shifty>
          <dof_distance sid="dof_distance" type="float">10</dof_distance>
        </technique>
      </extra>
    </camera>
    <camera id="Camera_006-camera" name="Camera.006">
      <optics>
        <technique_common>
          <perspective>
            <xfov sid="xfov">39.59775</xfov>
            <aspect_ratio>1.777778</aspect_ratio>
            <znear sid="znear">0.1</znear>
            <zfar sid="zfar">100</zfar>
          </perspective>
        </technique_common>
      </optics>
      <extra>
        <technique profile="blender">
          <shiftx sid="shiftx" type="float">0</shiftx>
          <shifty sid="shifty" type="float">0</shifty>
          <dof_distance sid="dof_distance" type="float">10</dof_distance>
        </technique>
      </extra>
    </camera>
    <camera id="Camera_005-camera" name="Camera.005">
      <optics>
        <technique_common>
          <perspective>
            <xfov sid="xfov">39.59775</xfov>
            <aspect_ratio>1.777778</aspect_ratio>
            <znear sid="znear">0.1</znear>
            <zfar sid="zfar">100</zfar>
          </perspective>
        </technique_common>
      </optics>
      <extra>
        <technique profile="blender">
          <shiftx sid="shiftx" type="float">0</shiftx>
          <shifty sid="shifty" type="float">0</shifty>
          <dof_distance sid="dof_distance" type="float">10</dof_distance>
        </technique>
      </extra>
    </camera>
    <camera id="Camera_004-camera" name="Camera.004">
      <optics>
        <technique_common>
          <perspective>
            <xfov sid="xfov">39.59775</xfov>
            <aspect_ratio>1.777778</aspect_ratio>
            <znear sid="znear">0.1</znear>
            <zfar sid="zfar">100</zfar>
          </perspective>
        </technique_common>
      </optics>
      <extra>
        <technique profile="blender">
          <shiftx sid="shiftx" type="float">0</shiftx>
          <shifty sid="shifty" type="float">0</shifty>
          <dof_distance sid="dof_distance" type="float">10</dof_distance>
        </technique>
      </extra>
    </camera>
    <camera id="Camera_003-camera" name="Camera.003">
      <optics>
        <technique_common>
          <perspective>
            <xfov sid="xfov">39.59775</xfov>
            <aspect_ratio>1.777778</aspect_ratio>
            <znear sid="znear">0.1</znear>
            <zfar sid="zfar">100</zfar>
          </perspective>
        </technique_common>
      </optics>
      <extra>
        <technique profile="blender">
          <shiftx sid="shiftx" type="float">0</shiftx>
          <shifty sid="shifty" type="float">0</shifty>
          <dof_distance sid="dof_distance" type="float">10</dof_distance>
        </technique>
      </extra>
    </camera>
    <camera id="Camera_002-camera" name="Camera.002">
      <optics>
        <technique_common>
          <perspective>
            <xfov sid="xfov">39.59775</xfov>
            <aspect_ratio>1.777778</aspect_ratio>
            <znear sid="znear">0.1</znear>
            <zfar sid="zfar">100</zfar>
          </perspective>
        </technique_common>
      </optics>
      <extra>
        <technique profile="blender">
          <shiftx sid="shiftx" type="float">0</shiftx>
          <shifty sid="shifty" type="float">0</shifty>
          <dof_distance sid="dof_distance" type="float">10</dof_distance>
        </technique>
      </extra>
    </camera>
    <camera id="Camera_001-camera" name="Camera.001">
      <optics>
        <technique_common>
          <perspective>
            <xfov sid="xfov">39.59775</xfov>
            <aspect_ratio>1.777778</aspect_ratio>
            <znear sid="znear">0.1</znear>
            <zfar sid="zfar">100</zfar>
          </perspective>
        </technique_common>
      </optics>
      <extra>
        <technique profile="blender">
          <shiftx sid="shiftx" type="float">0</shiftx>
          <shifty sid="shifty" type="float">0</shifty>
          <dof_distance sid="dof_distance" type="float">10</dof_distance>
        </technique>
      </extra>
    </camera>
    <camera id="Camera-camera" name="Camera">
      <optics>
        <technique_common>
          <perspective>
            <xfov sid="xfov">39.59775</xfov>
            <aspect_ratio>1.777778</aspect_ratio>
            <znear sid="znear">0.1</znear>
            <zfar sid="zfar">100</zfar>
          </perspective>
        </technique_common>
      </optics>
      <extra>
        <technique profile="blender">
          <shiftx sid="shiftx" type="float">0</shiftx>
          <shifty sid="shifty" type="float">0</shifty>
          <dof_distance sid="dof_distance" type="float">10</dof_distance>
        </technique>
      </extra>
    </camera>
  </library_cameras>
  <library_lights>
    <light id="Light_009-light" name="Light.010">
      <technique_common>
        <point>
          <color sid="color">1000 1000 1000</color>
          <constant_attenuation>1</constant_attenuation>
          <linear_attenuation>0</linear_attenuation>
          <quadratic_attenuation>0</quadratic_attenuation>
        </point>
      </technique_common>
      <extra>
        <technique profile="blender">
          <type sid="type" type="int">0</type>
          <flag sid="flag" type="int">0</flag>
          <mode sid="mode" type="int">2097153</mode>
          <red sid="red" type="float">1</red>
          <green sid="green" type="float">1</green>
          <blue sid="blue" type="float">1</blue>
          <energy sid="blender_energy" type="float">1000</energy>
          <spotsize sid="spotsize" type="float">75</spotsize>
          <spotblend sid="spotblend" type="float">0.15</spotblend>
          <clipsta sid="clipsta" type="float">0.04999995</clipsta>
          <clipend sid="clipend" type="float">40</clipend>
          <radius sid="radius" type="float">0.1</radius>
          <area_shape sid="area_shape" type="int">1</area_shape>
          <area_size sid="area_size" type="float">0.1</area_size>
          <area_sizey sid="area_sizey" type="float">0.1</area_sizey>
          <area_sizez sid="area_sizez" type="float">1</area_sizez>
        </technique>
      </extra>
    </light>
    <light id="Light_008-light" name="Light.009">
      <technique_common>
        <point>
          <color sid="color">1000 1000 1000</color>
          <constant_attenuation>1</constant_attenuation>
          <linear_attenuation>0</linear_attenuation>
          <quadratic_attenuation>0</quadratic_attenuation>
        </point>
      </technique_common>
      <extra>
        <technique profile="blender">
          <type sid="type" type="int">0</type>
          <flag sid="flag" type="int">0</flag>
          <mode sid="mode" type="int">2097153</mode>
          <red sid="red" type="float">1</red>
          <green sid="green" type="float">1</green>
          <blue sid="blue" type="float">1</blue>
          <energy sid="blender_energy" type="float">1000</energy>
          <spotsize sid="spotsize" type="float">75</spotsize>
          <spotblend sid="spotblend" type="float">0.15</spotblend>
          <clipsta sid="clipsta" type="float">0.04999995</clipsta>
          <clipend sid="clipend" type="float">40</clipend>
          <radius sid="radius" type="float">0.1</radius>
          <area_shape sid="area_shape" type="int">1</area_shape>
          <area_size sid="area_size" type="float">0.1</area_size>
          <area_sizey sid="area_sizey" type="float">0.1</area_sizey>
          <area_sizez sid="area_sizez" type="float">1</area_sizez>
        </technique>
      </extra>
    </light>
    <light id="Light_007-light" name="Light.008">
      <technique_common>
        <point>
          <color sid="color">1000 1000 1000</color>
          <constant_attenuation>1</constant_attenuation>
          <linear_attenuation>0</linear_attenuation>
          <quadratic_attenuation>0</quadratic_attenuation>
        </point>
      </technique_common>
      <extra>
        <technique profile="blender">
          <type sid="type" type="int">0</type>
          <flag sid="flag" type="int">0</flag>
          <mode sid="mode" type="int">2097153</mode>
          <red sid="red" type="float">1</red>
          <green sid="green" type="float">1</green>
          <blue sid="blue" type="float">1</blue>
          <energy sid="blender_energy" type="float">1000</energy>
          <spotsize sid="spotsize" type="float">75</spotsize>
          <spotblend sid="spotblend" type="float">0.15</spotblend>
          <clipsta sid="clipsta" type="float">0.04999995</clipsta>
          <clipend sid="clipend" type="float">40</clipend>
          <radius sid="radius" type="float">0.1</radius>
          <area_shape sid="area_shape" type="int">1</area_shape>
          <area_size sid="area_size" type="float">0.1</area_size>
          <area_sizey sid="area_sizey" type="float">0.1</area_sizey>
          <area_sizez sid="area_sizez" type="float">1</area_sizez>
        </technique>
      </extra>
    </light>
    <light id="Light_006-light" name="Light.007">
      <technique_common>
        <point>
          <color sid="color">1000 1000 1000</color>
          <constant_attenuation>1</constant_attenuation>
          <linear_attenuation>0</linear_attenuation>
          <quadratic_attenuation>0</quadratic_attenuation>
        </point>
      </technique_common>
      <extra>
        <technique profile="blender">
          <type sid="type" type="int">0</type>
          <flag sid="flag" type="int">0</flag>
          <mode sid="mode" type="int">2097153</mode>
          <red sid="red" type="float">1</red>
          <green sid="green" type="float">1</green>
          <blue sid="blue" type="float">1</blue>
          <energy sid="blender_energy" type="float">1000</energy>
          <spotsize sid="spotsize" type="float">75</spotsize>
          <spotblend sid="spotblend" type="float">0.15</spotblend>
          <clipsta sid="clipsta" type="float">0.04999995</clipsta>
          <clipend sid="clipend" type="float">40</clipend>
          <radius sid="radius" type="float">0.1</radius>
          <area_shape sid="area_shape" type="int">1</area_shape>
          <area_size sid="area_size" type="float">0.1</area_size>
          <area_sizey sid="area_sizey" type="float">0.1</area_sizey>
          <area_sizez sid="area_sizez" type="float">1</area_sizez>
        </technique>
      </extra>
    </light>
    <light id="Light_005-light" name="Light.006">
      <technique_common>
        <point>
          <color sid="color">1000 1000 1000</color>
          <constant_attenuation>1</constant_attenuation>
          <linear_attenuation>0</linear_attenuation>
          <quadratic_attenuation>0</quadratic_attenuation>
        </point>
      </technique_common>
      <extra>
        <technique profile="blender">
          <type sid="type" type="int">0</type>
          <flag sid="flag" type="int">0</flag>
          <mode sid="mode" type="int">2097153</mode>
          <red sid="red" type="float">1</red>
          <green sid="green" type="float">1</green>
          <blue sid="blue" type="float">1</blue>
          <energy sid="blender_energy" type="float">1000</energy>
          <spotsize sid="spotsize" type="float">75</spotsize>
          <spotblend sid="spotblend" type="float">0.15</spotblend>
          <clipsta sid="clipsta" type="float">0.04999995</clipsta>
          <clipend sid="clipend" type="float">40</clipend>
          <radius sid="radius" type="float">0.1</radius>
          <area_shape sid="area_shape" type="int">1</area_shape>
          <area_size sid="area_size" type="float">0.1</area_size>
          <area_sizey sid="area_sizey" type="float">0.1</area_sizey>
          <area_sizez sid="area_sizez" type="float">1</area_sizez>
        </technique>
      </extra>
    </light>
    <light id="Light_004-light" name="Light.005">
      <technique_common>
        <point>
          <color sid="color">1000 1000 1000</color>
          <constant_attenuation>1</constant_attenuation>
          <linear_attenuation>0</linear_attenuation>
          <quadratic_attenuation>0</quadratic_attenuation>
        </point>
      </technique_common>
      <extra>
        <technique profile="blender">
          <type sid="type" type="int">0</type>
          <flag sid="flag" type="int">0</flag>
          <mode sid="mode" type="int">2097153</mode>
          <red sid="red" type="float">1</red>
          <green sid="green" type="float">1</green>
          <blue sid="blue" type="float">1</blue>
          <energy sid="blender_energy" type="float">1000</energy>
          <spotsize sid="spotsize" type="float">75</spotsize>
          <spotblend sid="spotblend" type="float">0.15</spotblend>
          <clipsta sid="clipsta" type="float">0.04999995</clipsta>
          <clipend sid="clipend" type="float">40</clipend>
          <radius sid="radius" type="float">0.1</radius>
          <area_shape sid="area_shape" type="int">1</area_shape>
          <area_size sid="area_size" type="float">0.1</area_size>
          <area_sizey sid="area_sizey" type="float">0.1</area_sizey>
          <area_sizez sid="area_sizez" type="float">1</area_sizez>
        </technique>
      </extra>
    </light>
    <light id="Light_003-light" name="Light.004">
      <technique_common>
        <point>
          <color sid="color">1000 1000 1000</color>
          <constant_attenuation>1</constant_attenuation>
          <linear_attenuation>0</linear_attenuation>
          <quadratic_attenuation>0</quadratic_attenuation>
        </point>
      </technique_common>
      <extra>
        <technique profile="blender">
          <type sid="type" type="int">0</type>
          <flag sid="flag" type="int">0</flag>
          <mode sid="mode" type="int">2097153</mode>
          <red sid="red" type="float">1</red>
          <green sid="green" type="float">1</green>
          <blue sid="blue" type="float">1</blue>
          <energy sid="blender_energy" type="float">1000</energy>
          <spotsize sid="spotsize" type="float">75</spotsize>
          <spotblend sid="spotblend" type="float">0.15</spotblend>
          <clipsta sid="clipsta" type="float">0.04999995</clipsta>
          <clipend sid="clipend" type="float">40</clipend>
          <radius sid="radius" type="float">0.1</radius>
          <area_shape sid="area_shape" type="int">1</area_shape>
          <area_size sid="area_size" type="float">0.1</area_size>
          <area_sizey sid="area_sizey" type="float">0.1</area_sizey>
          <area_sizez sid="area_sizez" type="float">1</area_sizez>
        </technique>
      </extra>
    </light>
    <light id="Light-light" name="Light.003">
      <technique_common>
        <point>
          <color sid="color">1000 1000 1000</color>
          <constant_attenuation>1</constant_attenuation>
          <linear_attenuation>0</linear_attenuation>
          <quadratic_attenuation>0</quadratic_attenuation>
        </point>
      </technique_common>
      <extra>
        <technique profile="blender">
          <type sid="type" type="int">0</type>
          <flag sid="flag" type="int">0</flag>
          <mode sid="mode" type="int">2097153</mode>
          <red sid="red" type="float">1</red>
          <green sid="green" type="float">1</green>
          <blue sid="blue" type="float">1</blue>
          <energy sid="blender_energy" type="float">1000</energy>
          <spotsize sid="spotsize" type="float">75</spotsize>
          <spotblend sid="spotblend" type="float">0.15</spotblend>
          <clipsta sid="clipsta" type="float">0.04999995</clipsta>
          <clipend sid="clipend" type="float">40</clipend>
          <radius sid="radius" type="float">0.1</radius>
          <area_shape sid="area_shape" type="int">1</area_shape>
          <area_size sid="area_size" type="float">0.1</area_size>
          <area_sizey sid="area_sizey" type="float">0.1</area_sizey>
          <area_sizez sid="area_sizez" type="float">1</area_sizez>
        </technique>
      </extra>
    </light>
    <light id="Light_002-light" name="Light.002">
      <technique_common>
        <point>
          <color sid="color">1000 1000 1000</color>
          <constant_attenuation>1</constant_attenuation>
          <linear_attenuation>0</linear_attenuation>
          <quadratic_attenuation>0</quadratic_attenuation>
        </point>
      </technique_common>
      <extra>
        <technique profile="blender">
          <type sid="type" type="int">0</type>
          <flag sid="flag" type="int">0</flag>
          <mode sid="mode" type="int">2097153</mode>
          <red sid="red" type="float">1</red>
          <green sid="green" type="float">1</green>
          <blue sid="blue" type="float">1</blue>
          <energy sid="blender_energy" type="float">1000</energy>
          <spotsize sid="spotsize" type="float">75</spotsize>
          <spotblend sid="spotblend" type="float">0.15</spotblend>
          <clipsta sid="clipsta" type="float">0.04999995</clipsta>
          <clipend sid="clipend" type="float">40</clipend>
          <radius sid="radius" type="float">0.1</radius>
          <area_shape sid="area_shape" type="int">1</area_shape>
          <area_size sid="area_size" type="float">0.1</area_size>
          <area_sizey sid="area_sizey" type="float">0.1</area_sizey>
          <area_sizez sid="area_sizez" type="float">1</area_sizez>
        </technique>
      </extra>
    </light>
    <light id="Light_001-light" name="Light.001">
      <technique_common>
        <point>
          <color sid="color">1000 1000 1000</color>
          <constant_attenuation>1</constant_attenuation>
          <linear_attenuation>0</linear_attenuation>
          <quadratic_attenuation>0</quadratic_attenuation>
        </point>
      </technique_common>
      <extra>
        <technique profile="blender">
          <type sid="type" type="int">0</type>
          <flag sid="flag" type="int">0</flag>
          <mode sid="mode" type="int">2097153</mode>
          <red sid="red" type="float">1</red>
          <green sid="green" type="float">1</green>
          <blue sid="blue" type="float">1</blue>
          <energy sid="blender_energy" type="float">1000</energy>
          <spotsize sid="spotsize" type="float">75</spotsize>
          <spotblend sid="spotblend" type="float">0.15</spotblend>
          <clipsta sid="clipsta" type="float">0.04999995</clipsta>
          <clipend sid="clipend" type="float">40</clipend>
          <radius sid="radius" type="float">0.1</radius>
          <area_shape sid="area_shape" type="int">1</area_shape>
          <area_size sid="area_size" type="float">0.1</area_size>
          <area_sizey sid="area_sizey" type="float">0.1</area_sizey>
          <area_sizez sid="area_sizez" type="float">1</area_sizez>
        </technique>
      </extra>
    </light>
  </library_lights>
  <library_effects>
    <effect id="Mesh001_001-effect">
      <profile_COMMON>
        <technique sid="common">
          <lambert>
            <emission>
              <color sid="emission">0 0 0 1</color>
            </emission>
            <diffuse>
              <color sid="diffuse">0.6784314 0.709804 0.7411765 1</color>
            </diffuse>
            <index_of_refraction>
              <float sid="ior">1.5</float>
            </index_of_refraction>
          </lambert>
        </technique>
      </profile_COMMON>
    </effect>
  </library_effects>
  <library_images/>
  <library_materials>
    <material id="Mesh001_001-material" name="Mesh001.001">
      <instance_effect url="#Mesh001_001-effect"/>
    </material>
  </library_materials>
  <library_geometries>
    <geometry id="Mesh001_001-mesh" name="Mesh001.001">
      <mesh>
        <source id="Mesh001_001-mesh-positions">
          <float_array id="Mesh001_001-mesh-positions-array" count="1713">-0.002610206 -0.001320779 0.008725166 -0.003719747 -6.24433e-5 0.008179128 -0.0501942 -0.03996658 -0.01720607 -0.06914556 -0.003058671 -0.01803725 -0.0700739 -0.01010274 -0.0119217 0.07675004 -0.01794201 0.02047377 0.06810235 -0.002292335 0.02067959 0.04525363 5.60009e-4 0.02238976 0.03169435 -0.01720672 0.02057176 0.03533345 -0.03608667 0.02302038 0.05779051 -0.04377061 0.02238965 0.07408791 -0.03176015 0.02074539 -0.04806137 -0.03604894 -0.02089697 -0.05704903 -0.02403026 -0.02246081 -0.04527229 -0.02387815 -0.02214848 -0.04147529 0.04645085 -0.02249014 -0.04163473 0.0335564 -0.02207899 -0.06206464 -0.005943477 -0.02219253 -0.0662508 2.90183e-4 -0.0224772 -0.05933517 0.02922779 -0.02098685 -0.05319857 0.03402668 -0.02262997 -0.05493021 0.02071976 -0.02199405 0.0965107 0.00458616 0.001444876 -0.07182967 0.01031053 0.002060651 -0.03912448 0.03548169 -0.01931411 -0.04308706 0.03145718 -0.01818627 -0.05288535 -0.02045035 -0.01865959 -0.04358637 -0.02438116 -0.01807439 -0.04281622 -0.03136163 -0.01941335 0.06985658 -4.32826e-4 -0.002384126 0.07796812 -0.01179188 -0.002454042 0.07531577 -0.03373545 -0.001976907 0.05716109 -0.04487961 -0.001997351 0.03457975 -0.03725838 -0.002166867 0.104776 -0.00530523 0.003647327 0.09703254 0.002554655 0.004249155 0.08959347 -0.004640996 0.004039824 0.0923323 -0.01250672 0.004119813 0.1032224 -0.01155787 0.002029478 0.01354086 0.02009147 0.008777022 0.03004491 0.02088552 0.008515477 0.03693926 0.004326701 0.008289873 0.023126 -0.006894409 0.008459508 0.009701132 -8.15035e-4 0.008460044 0.007259488 0.008216977 0.008473694 -0.0249719 0.008493661 -0.002080082 -0.01184183 0.01432114 -0.002074003 -0.004975914 0.00316292 -0.001808226 -0.007253706 -0.004271864 -0.001884818 -0.02021241 -0.007674098 -0.002089202 -0.005854427 -0.00294131 0.008620381 0.00891292 -0.007114052 0.008609294 0.01127022 -0.01616042 0.008438169 0.002211987 -0.02591109 0.009385168 -0.0126059 -0.01783734 0.009137868 -0.04841381 -0.04817885 0.00317949 -0.0506379 -0.05606108 0.003181517 -0.04517531 -0.06123721 0.003093659 -0.03833109 -0.05911058 0.003174245 -0.06732439 -0.006065368 0.002922773 -0.07679927 0.001777648 0.003356456 -0.08210635 -0.005739212 0.003093183 -0.07671993 -0.01283591 0.003112733 0.08043879 -0.01421791 0.02214783 0.04454487 -0.04532802 0.02228033 0.02783972 -0.02169501 0.02133351 0.03762328 1.18413e-5 0.02230435 0.05451905 0.005544722 0.02065485 0.06643021 0.002162754 0.02111983 0.07703781 -0.03297996 0.02232623 0.06726753 -0.04363167 0.02222251 -0.001930236 0.02316558 0.01949483 0.01249617 0.03499156 0.0195955 0.03516882 0.03373783 0.01950991 0.05275744 0.01888471 0.0195176 0.05611538 0.01532351 0.01954859 0.1033437 0.01632636 0.005293488 0.02938342 -0.01117956 0.019984 0.03929167 9.81139e-4 0.01994299 -0.00727123 0.01057845 0.01462519 -0.007917404 0.01311081 0.004816591 -0.04971516 0.04728078 0.002884805 0.01931488 -0.0357967 0.004714369 0.05529409 0.01881521 0.005044817 -0.02633422 -0.002349972 0.004909276 -0.02640658 0.005934417 0.008468449 -0.00806719 0.008583247 0.00889796 0.1118623 -8.58512e-4 -0.01301032 0.1035345 0.01378774 -0.01305162 0.101764 0.00685209 -0.01314985 0.03445589 0.04435086 0.005045652 -0.04880744 0.05041491 0.001577198 -0.03889381 0.05692541 9.72917e-4 -0.06092786 0.03920203 0.001457512 -0.06671351 0.02637487 0.002187788 -0.03871327 0.0377838 -0.01666545 -0.05188292 -0.02093702 -0.01713681 -0.04358476 -0.03267151 -0.01754641 -0.06256049 -7.95348e-4 -0.008656263 -0.06032806 -0.002672016 -0.008874237 -0.06524956 -0.009685337 -0.008039236 0.02716767 0.04082953 -0.002436578 -0.01316654 0.0232833 -0.002395927 -0.03403061 0.009424746 -0.002395927 -0.03951519 0.01142102 -0.008204162 -0.02356958 0.02125638 -0.002416253 -0.006690502 0.03381675 -0.002450883 0.007814466 0.04189825 -0.002400994 0.004664778 0.04928267 -0.01025336 0.09754037 0.01276147 -0.002423882 -0.03793162 -0.01059037 -0.007925808 -0.03301751 -0.006336152 -0.002416312 -0.01137 -0.03503859 -0.002417385 -0.01486498 -0.04221618 -0.01027154 0.00734955 -0.03560847 -0.002419829 0.0188049 -0.03888177 -0.01058155 0.01957869 -0.02879279 -0.002410411 0.09722059 0.0110988 0.00156027 0.1001119 0.01752239 0.001626193 0.02542537 0.038859 0.001657664 -0.006766974 0.03768891 0.001508593 -0.01557701 -0.04824173 -1.44672e-4 0.01685458 -0.03932249 0.001527905 -0.02696031 -0.04697316 -2.50672e-4 0.02925574 -0.01798278 0.00891 0.0342105 -0.005686044 0.008937895 0.04630571 0.002737045 0.01056736 0.04918998 0.003797769 0.008293032 0.06892979 -6.33249e-4 0.009796559 0.07928961 -0.018085 0.009642362 0.07118886 -0.03940171 0.009703993 0.05513644 -0.04537582 0.009587824 0.03819757 -0.03983944 0.009471058 -0.03974121 -0.04761368 0.002610266 -0.03594607 -0.05317044 0.002715289 -0.08302813 1.78115e-4 0.00209558 -0.06904894 -2.873e-4 0.00263381 -0.06969422 -0.01117622 0.002746462 -0.07469928 0.00371778 -0.009388685 -0.08238953 4.70926e-4 -0.01041531 -0.08422613 -0.006144344 -0.01046043 -0.07439154 0.004681408 3.59168e-4 -0.03888171 -0.06259942 0.001423299 -0.05297607 -0.05401653 7.2623e-4 -0.04900348 -0.06059843 4.03492e-6 -0.05141907 -0.04833495 3.62025e-4 -0.03809475 -0.05825936 -0.01143246 -0.07283991 0.003513753 -0.01159512 -0.07984459 -0.01323395 -0.01033872 0.1021565 -7.50623e-4 -0.01078242 0.09027248 -0.004739642 -0.01078242 0.09868043 -0.0125882 -0.01078242 0.106018 0.03148746 -0.01792442 0.1094508 0.02621024 -0.01798689 0.1050649 0.02584761 -0.01785612 -0.06599086 -0.005766093 -0.01625704 -0.06529629 -0.002848207 -0.0179376 -0.06323105 -0.005480766 -0.01490211 -0.06066215 -0.002818524 -0.01875013 -0.04769563 -0.03049129 -0.01754856 -0.06443065 -0.005225777 -0.009141206 0.1068649 0.02837765 -0.009141147 0.02058458 -0.04751908 -0.01803243 0.014871 -0.04487228 -0.01306647 0.01612341 -0.04689055 -0.01803243 0.01425588 -0.05242145 -0.01278781 0.01750403 -0.05248367 -0.01803243 0.02251112 -0.04597157 -0.01306343 0.03263211 0.04656136 -0.01425665 0.02928793 0.05427187 -0.01803243 0.02930182 0.05668163 -0.0125038 0.02784109 0.04825025 -0.01803243 0.0258516 0.04729884 -0.0130608 0.1004853 0.01438474 -0.01808637 0.104669 0.007293999 -0.01803243 0.1105275 0.007187902 -0.01303231 0.1138753 0.007335186 -0.0180006 0.1000487 0.005860388 0.004589319 -0.04454392 0.05321151 -0.004744231 -0.06079316 0.01675504 -0.017578 -0.06142461 0.004908561 -0.01914107 -0.02571475 -0.02942734 0.004691421 -0.04905188 -0.01226335 -0.01941394 -0.04440826 -0.015477 -0.01935803 -0.04703974 -0.0136038 -0.005597293 -0.03595381 -0.02240324 -0.01936143 -0.06782215 0.0224511 -0.004847109 -0.07105284 0.01535916 -0.005125045 0.01806467 -0.02265703 0.01665216 0.01491439 -0.02990514 0.005093753 0.017219 -0.0252074 0.004795372 0.0141704 -0.02927446 0.01643109 0.008432924 -0.002827703 0.01670914 -0.00266546 -5.86106e-4 0.01648312 0.007062911 -0.003913998 0.008847296 0.05213177 0.0139203 0.01971751 0.05301851 0.01566064 0.006736993 0.01664167 -0.02799165 0.01971751 0.01899224 -0.03016501 0.01971751 0.02022802 -0.0273419 0.01971751 0.01858997 -0.02840572 0.006737053 0.04472368 0.001391112 0.0194692 0.06138318 -0.04375213 0.01946938 0.03790932 -0.03820979 0.01946866 0.01440423 -0.001686334 0.01649552 0.009649217 0.008077919 0.01647996 0.01546943 0.01856577 0.01654011 0.03168618 0.01729428 0.01655405 0.02997958 -0.002179384 0.01655077 -0.007098197 -0.001002192 0.005968093 -0.007614314 0.009116113 0.005900859 -0.02258729 0.00593996 0.005968213 -0.01612442 -0.005673289 0.005984723 -0.007214367 -0.006626665 0.01588028 0.004852592 -0.006233274 0.01585084 0.008959949 -0.01692372 0.0157606 -0.004501104 -0.02348673 0.01570957 -0.01120543 -0.0154097 0.01589113 0.06561499 -0.04518115 0.001187443 0.03608173 -0.04012256 0.01974803 0.07647448 -0.03611481 0.001799285 0.0381003 -0.04210007 0.005135893 -0.02705383 0.004990637 0.004935443 -0.004102349 0.003187477 0.008520781 -0.003752291 0.01397311 0.008963048 0.001615583 0.02437484 0.00885719 0.03020185 0.03554672 -0.00233972 0.03890079 0.03145241 -0.002221584 0.04037088 0.02723008 0.00885415 0.05074375 0.007029652 -0.001750111 0.04907989 0.002761185 -0.002129316 -0.04755097 -0.02459043 -0.01760929 -0.05423849 -0.02669799 -0.01751154 -0.04612374 0.04132932 -0.01653242 -0.0485835 0.04034274 -0.01803243 -0.04850816 0.03622663 -0.01724076 -0.04242068 0.03615903 -0.01753872 -0.06223511 -0.008189082 -0.01773279 -0.0105099 0.02892082 0.001482307 -0.009711802 0.03088116 -0.02128088 -0.005057513 0.05443036 -0.01997524 -0.01270371 0.05815976 0.002433121 -0.01118564 0.05603009 0.002814829 -0.05832213 0.03867483 0.001600563 -0.08263891 -9.68197e-4 6.7764e-5 -0.08037853 -0.01277095 1.28213e-4 -0.05231392 -0.05883479 0.002231717 -0.04670339 -0.06369775 0.00162512 0.09831607 0.003228306 -0.01314419 0.09736138 0.005369961 -0.01803213 0.09028089 5.29174e-4 -0.01329028 0.08626806 -0.004892587 0.001707017 0.08930242 -0.01040506 -0.01324963 -0.0307582 -0.05095738 -0.01758253 -0.06669396 -0.01637315 -0.01719969 -0.04297465 -0.04751342 -0.01176446 -0.06658422 0.001737773 0.001968622 -0.08349448 -0.01171725 0.001941144 -0.06083744 -0.01902228 -0.01617264 -0.0591365 -0.02387493 -0.01642572 -0.04683208 -0.03798407 -0.006248593 -0.04684817 -0.03727018 -0.01634889 -0.03503638 -0.04492712 -0.01629853 -0.04289174 -0.04181712 0.002331972 -0.03430867 -0.04602646 0.002593517 -0.06145048 -0.01976072 -0.006334722 -0.06453597 -0.01807302 0.002633929 -0.05709433 -0.03095132 0.002963483 -0.05952316 -0.0229904 -0.006380438 -0.05090194 -0.03767853 0.002529859 -0.02889227 -0.0420109 0.004340171 0.081299 -0.04562091 -0.01803046 0.1069557 -0.001943886 -0.01464265 -0.04165482 0.04775154 -0.01803332 -0.01377379 0.05401116 -0.02194291 -0.05566823 0.03511703 -0.0180329 -0.0291444 -0.04610466 -0.02250182 -0.06149041 -0.003791749 -0.0186519 -0.05676108 -0.01691347 -0.01924365 -0.06427645 -0.009714901 -0.0161944 0.02152734 0.05887293 -0.01308751 0.05729961 0.05553162 -0.01803213 -0.02674907 0.05849522 -0.01805418 0.03988552 0.05705916 0.002252995 0.1106623 0.03516674 -0.01802796 -0.007563591 0.04984158 0.00447154 0.02375191 0.04528784 0.004888832 0.03343433 0.03560382 0.005015909 0.07777577 -0.006952583 0.004971504 -0.008286476 -0.03785634 0.004957914 0.1019127 0.04037857 0.002331078 0.112879 0.02687895 0.002179682 0.0259301 -0.05631142 -0.01306664 0.06597644 -0.05599987 -0.0180273 0.008806049 -0.05409139 0.00231415 0.06273847 -0.05796718 8.49118e-4 0.080931 -0.04774224 6.98681e-4 0.02371942 -0.04331296 0.004645884 0.09667301 0.03937089 -0.001411616 0.09924566 0.03884869 -0.01803213 0.03661268 -0.05380791 -0.001345455 0.02668452 -0.05092597 -6.376e-4 0.08957451 0.04142236 -0.001036107 -0.0707671 0.009903371 -0.01754814 -0.06519061 0.007689833 -0.01585334 -0.0372622 0.0543673 -0.01713812 -0.0495733 0.04741674 -0.004799604 -0.06349307 0.03724426 -0.004321277 -0.06619828 0.02596229 -0.004775524 -0.01005214 0.0345745 0.004447102 -0.01187598 0.03449785 -0.01946771 -0.06555801 0.02470386 -0.01589703 -0.05878019 0.02172559 -0.0178253 -0.05845713 0.03654044 -0.01613378 -0.03292185 0.04705679 -0.01832634 -0.04814571 0.04713219 -0.01735723 -0.0101515 0.05432593 -0.01641809 0.01864457 0.05633991 -0.01800978 0.02229338 0.0429058 -0.01803243 0.04170846 0.05453777 -0.01801502 0.03526198 0.04171496 -0.01803243 -0.02832472 -0.04688483 -0.01794159 0.0123285 -0.0399065 -0.01803225 0.1116048 0.01876533 -0.01787102 0.02543592 -0.04106575 -0.01803237 0.007187187 -0.05161154 -0.01803237 0.0282517 -0.05343496 -0.01803237 0.006184279 -0.02774369 0.001786589 0.005998909 -0.02658468 0.01638489 -0.01568001 -0.009083986 -0.001585364 -0.01614397 -0.009939134 0.001645445 0.03597986 -0.001858532 0.0165342 0.03020656 -0.01832491 -0.002198755 0.018175 -0.02028131 -0.002082705 0.02227264 -0.018476 0.008850574 0.01831376 -0.01807737 0.008855402 0.04865157 0.004819512 0.01650476 0.04481196 0.02079117 0.01652055 0.04056799 0.02667355 0.01649999 0.02862137 0.03312778 0.01653397 0.009785354 0.03083497 0.01651591 0.004977047 0.02741277 0.01651406 0.001293003 0.02386599 0.01647943 -0.002954244 0.01395434 0.01654434 0.02835804 -0.01751667 0.01651322 0.03480446 -0.003333449 0.008613109 0.04571896 0.02072268 0.008768975 0.04714673 0.01689451 0.008935153 0.02282512 -0.01789808 0.01651304 0.02315616 -0.008522212 0.01647078 0.03359794 -0.004648745 0.01658296 0.01212066 -0.01602995 0.01651686 -0.00360018 0.009164392 0.01655137 0.005702853 0.008191108 0.01647335 0.006719946 0.01191669 0.008850276 0.008797287 0.01765483 0.01647156 0.02463912 0.0241658 0.008459329 0.0309298 0.02213495 0.01649647 0.03846317 0.01269602 0.01653397 0.002567291 0.02916103 -0.002181589 -0.0166046 0.01440429 -0.001683354 -0.02683484 0.005335628 -0.001883268 0.04994082 0.0203039 -0.002087593 -0.01423949 -0.01696932 -0.0022493 0.0518788 0.01172065 -0.001838028 0.00523442 -0.02546381 -0.001958608 0.002583801 -0.02791959 -0.001810014 0.0483821 -0.04756081 -0.001211225 0.08101284 -0.02657175 -0.001188635 0.09757834 -0.01601278 -0.002300024 0.05835145 -0.05532389 -0.002214312 0.04193532 0.02939188 -0.002096652 0.04284387 0.03024893 0.001482605 0.03339344 -0.03799527 0.001536309 0.05069756 0.01846474 0.001509428 0.0521568 0.01230072 0.001481592 0.05386829 0.05118143 -0.001106679 -0.02155888 -0.02414304 0.001504719 -0.02520191 -0.004745066 0.001524686 0.02133429 0.04241675 0.001729488 0.004559814 0.05480235 -2.10058e-4 0.01825582 0.05552905 -9.02873e-4 -0.01707208 0.01490598 0.001672983 -0.03498792 0.02052175 0.001450717 -0.02142065 0.01326882 -0.001887261 -0.02063041 -0.008800268 0.001492559 -0.02653497 -0.02189797 0.001700401 -0.02643883 -0.003133296 -0.002132534 -0.007159173 0.03222942 0.001520395 -0.0116921 0.01547032 0.001496136 -0.007612466 0.01386934 0.001481771 0.001551508 0.03009766 0.001495003 0.02455103 0.0377689 -0.001780152 0.01222288 0.03675103 0.001496851 1.64707e-4 0.05527085 -1.87533e-4 -0.009469628 -0.02646195 0.001513957 -0.007603347 -0.02705109 -0.002342283 -0.01975572 -0.04830062 -2.45232e-4 0.02140486 -0.0395829 0.001534461 0.03083008 -0.03451293 0.002040743 0.01113188 -0.01863092 -0.002216279 0.01176792 -0.02030336 0.01654368 0.02731531 -0.02171772 0.01645576 0.02152073 -0.03154563 0.0158872 -0.03014361 -0.04214847 -0.01813209 -0.03213429 -0.02545702 -0.01937747 -0.02702736 -0.0293315 -0.01934027 -0.008764982 0.05049687 -0.01900631 -0.01109904 0.04071635 -0.019387 -0.01007276 0.03965914 0.004523217 -0.03447276 0.02697765 -0.01935207 -0.02371799 0.03289294 -0.01936936 -0.04441308 0.005556166 0.004522085 -0.01114761 -0.02361726 0.005088925 -0.04570823 0.005724608 -0.01936334 -0.03741514 0.02314221 0.004356086 -0.01959735 0.01430124 0.004956722 -0.01469886 -0.0108298 0.008898317 -0.04430764 0.01055955 0.004420042 -0.05356985 0.03107011 -0.01757866 0.05698633 0.01371622 0.004926562 -0.005744278 -0.02803903 0.001510143 0.0023247 -0.0283941 0.00147736 0.03615444 -0.04110246 0.001875579 0.03634727 -0.04070568 -0.001709282 0.02857095 0.03892111 0.001837491 0.03636461 0.04110711 0.001871526 0.04084199 0.03346586 0.002113819 -0.003236353 0.05511415 -6.87106e-7 -0.02739715 0.004983901 0.001509547 -0.02701556 -0.001118123 0.001493394 0.1102162 -0.001564323 0.002320826 0.1100139 0.02494269 -8.93284e-4 -0.008280277 -0.02454584 0.0195378 -0.0140174 -0.01589745 0.01947224 -7.43288e-4 0.02719867 -0.001842975 0.07922857 -0.009428501 0.001912772 0.06694835 0.002888679 0.001443743 -0.03512293 -0.01719361 -0.0223453 -0.04326641 0.008397579 -0.02230018 -0.02792286 0.02615594 -0.008010149 -0.02306997 0.03004229 -0.02250415 -0.01302987 0.02912896 -0.008268773 -0.02295589 -0.02230542 -0.002494812 -0.02276349 -0.02443915 -0.02236306 0.09409552 -0.01568824 -0.001459538 0.05325645 -0.0478838 0.002907216 0.02792942 -0.02092331 -0.001243233 0.02233958 -0.02263748 0.0165773 0.01938581 -0.007810473 0.008856952 0.01789307 -0.01764756 0.01651298 0.01886743 -0.008134365 0.01646417 -0.01516401 -0.01224851 0.01502317 -0.02576357 -0.002853333 0.008204936 -0.0447666 0.01215761 -0.01933354 -0.0145865 -0.0151363 0.004905283 -0.009667754 -0.03569453 0.01607608 -0.01383042 -0.03285866 0.004887878 -0.02301514 -0.02914315 0.01494574 -0.05870085 0.03845131 -0.004822134 -0.03465986 0.02659702 0.004664838 -0.01885306 0.01412284 0.008507549 -0.06159085 0.0355488 0.002133071 -0.03893756 0.02299159 -0.0193125 -0.0401287 0.04352355 -0.0182603 -0.0447126 0.05032533 -0.004298865 -0.03392434 -0.02354276 -0.005668282 -0.0458799 -0.03440231 -0.01725053 -0.04288983 -0.03976666 -0.01621466 -0.04378169 -0.04013013 -0.006151556 -0.04044437 -0.03636854 -0.01916396 -0.06154692 0.03771883 0.005981087 -0.06854313 0.02532368 0.005896508 0.02111434 -0.03247785 0.001709401 0.02205014 -0.02863031 0.004989206 0.02183371 -0.02127772 -0.001687049 -0.01512545 0.02930068 0.001547753 0.01006031 0.03614366 -0.002049863 -0.03724789 -0.01089131 0.001476049 -0.04114943 0.008623063 0.001594126 -0.02611219 0.008822262 0.001493275 -0.03867805 0.01333069 0.001538455 -0.02821475 0.02544063 0.001476585 -0.02206629 0.01340544 0.001509547 0.07758623 0.03491282 0.001658201 0.08450657 0.03379154 0.001590907 0.05847948 0.04987061 -4.76121e-4 0.01048547 -0.04050123 -0.008847892 -0.01752597 -0.0486617 -0.01037436 0.003355145 0.05516743 -0.0102396 -0.02479511 0.02758747 -0.007670521 -0.03950661 -0.007468223 -0.007822275 0.04679083 0.01635199 0.01655161 0.03362107 0.01926088 0.008863568 0.0366162 0.02993762 0.01647388 0.03711968 0.02973419 0.008907437 0.02386015 0.03385931 0.0165466 0.02266848 0.02449458 0.01648253 0.02409303 0.03454804 0.008945226 0.01788574 0.02392232 0.0164957 0.01441973 0.03302496 0.01650708 0.01748472 0.02351242 0.008841454 0.01384657 0.03302729 0.008873939 0.01331937 0.02097839 0.01662057 0.004348456 0.02762073 0.008921444 0.006431818 0.01247274 0.0164892 -0.00404644 0.009582996 0.008889913 0.01011472 0.03149914 0.008801937 0.02857315 0.03387695 0.008938968 0.01041442 -0.005351364 0.01668578 -0.007382631 0.01354426 -0.001693904 0.03489476 0.01725262 0.01665812 0.03768712 0.01443111 0.008470833 0.00953257 0.01759773 0.008785903 0.01192861 -0.004128515 0.008775651 -0.003977358 0.001331925 0.00811094 -0.004000425 0.00248456 0.008422136 0.02673262 0.02363288 0.01636296 0.02989578 -0.03355777 0.01657646 0.01723492 -0.03102135 0.00346136 -0.03668266 0.05475223 0.001721739 -0.06084764 0.03540205 -0.004883408 -0.06531131 -7.07421e-4 -0.01424688 -0.04416006 -0.00879985 0.003976225 -0.04539424 -0.006497979 -0.01946538 0.04133123 0.05321168 -9.00335e-4 0.1109281 0.01933741 -7.10952e-4 0.02705514 -0.04359537 -0.001771569 0.1050698 0.03237611 -9.21966e-4 0.1027837 0.02584528 0.001176834 0.1152575 0.01539075 -0.01266998 0.114473 0.01608633 0.002397239 0.03894829 0.05716603 -0.01298296 0.02104645 0.05822968 0.002257823 0.01352697 -0.0424214 0.004630506 0.02655363 -0.05577468 0.00219655 0.02736759 -0.04317581 0.001475453 0.01133424 -0.03998953 0.00140661 0.009552717 -0.04845446 3.60965e-4 -0.02696108 -0.05104732 0.00217396 -0.0350418 -0.0570808 -0.009410142 -0.03020328 -0.05295717 -0.01140987 -0.05253332 -0.05631625 -0.01042795 -0.04915523 -0.06163924 -0.01015633 -0.05112838 -0.04860347 -0.009384214 -0.04095607 -0.06323409 -0.01049166 -0.07220673 -0.01464605 2.52712e-4 -0.03444802 -0.05700814 3.78646e-4 -0.07184153 -0.01519298 -0.009880721 -0.05053848 -0.0426104 -0.01145428 -0.02407145 0.02761578 0.001555323 -0.03910237 -0.006806313 0.001537561 0.07697492 -0.0477246 -0.002289354 -0.001473426 0.02729195 0.001503467 0.008468806 0.03499495 0.001502335 0.04902791 0.02228838 0.001505315 0.05206668 0.006961286 0.001720428 0.03139883 -0.03306502 -0.001917541 0.03946435 -0.05556756 0.001506984 -0.07200384 0.009973704 0.005878686 0.02428495 -0.03647089 0.01865506 0.008980691 0.03425335 0.004854381 0.08112287 -0.02235013 0.004416763 0.004564642 0.03148859 0.01523721 -0.04820823 0.049528 0.004163324 0.003471732 0.03082746 0.004885971 -0.06858068 0.02342432 0.002273738 -0.05589997 -0.02189433 -0.01765042 -0.06645411 -0.001523077 -0.008076846 -0.06346601 7.70712e-5 -0.01358902 0.0986483 -0.01509743 -0.01327878</float_array>
          <technique_common>
            <accessor source="#Mesh001_001-mesh-positions-array" count="571" stride="3">
              <param name="X" type="float"/>
              <param name="Y" type="float"/>
              <param name="Z" type="float"/>
            </accessor>
          </technique_common>
        </source>
        <source id="Mesh001_001-mesh-normals">
          <float_array id="Mesh001_001-mesh-normals-array" count="3597">0.164185 -0.2672798 -0.9495287 -0.4165903 0.2378551 0.8774266 -0.5574821 -0.6301302 -0.5405088 0.5213174 -0.8039478 0.2861754 -0.1407444 -0.8168367 -0.5594363 0.1329969 -0.4612576 0.8772419 -0.2280676 0.1272149 0.9652987 0.04983872 0.4913497 -0.8695353 -0.3855511 0.4232873 -0.8198648 -0.8468939 0.04906016 0.5294939 -0.3787509 0.922104 -0.07919585 -0.5647419 0.8193032 0.09903955 -0.9634876 0.2673977 0.01378828 -0.8503289 -0.5258671 -0.02011692 -0.955253 -0.1817453 0.2333678 -0.2399005 -0.9698135 0.04370003 -0.2239941 -0.9740762 0.03166109 -0.8946973 -0.400164 0.1984578 -0.9921558 -0.1228337 -0.02321082 0.06362265 -0.9977473 -0.02127051 0.9117108 -0.257171 0.3203852 0.6692598 -0.7387784 -0.07935839 0.682824 0.7224603 -0.1086398 0.1467508 0.952515 0.2667951 -0.2968837 0.9535633 0.05076587 -0.6381841 -0.7679377 -0.05470776 -0.9278364 -0.252022 -0.2749629 0.6494379 -0.7557362 0.08422249 0.8137522 -0.5706672 -0.1102105 0.8425089 0.5181651 -0.1472538 0.7808932 0.5921484 -0.1989125 -0.298859 0.953407 0.04121261 -0.58249 0.8052082 -0.1111094 -0.9664518 0.2287603 0.1167892 -0.7129112 -0.6954433 -0.09009081 0.3033469 -0.9037157 0.3021237 0.6942543 -0.7187993 0.03658795 0.943462 0.3289315 0.04103314 0.6559484 0.7026994 0.2755817 -0.09548848 0.9943621 -0.04611098 -0.9356264 0.1497721 0.3196433 -0.9279075 0.272473 0.2544525 -0.1021466 -0.7848619 -0.6111939 -0.8693999 0.1665214 -0.4652037 0.2319012 0.7423251 -0.6286297 0.5216438 0.3291608 0.7871091 0.9288796 -0.3242269 -0.1790522 -0.7111125 -0.6932094 -0.1173874 -0.07373189 0.9955067 -0.0594151 0.9741244 -0.1664696 -0.1528712 -0.8336611 -0.5409749 -0.1111546 -0.08726668 0.961368 -0.2610678 -0.1339839 -0.9302278 0.3416497 -0.1309582 -0.9295147 0.3447499 0.960441 -0.0682944 0.2699796 0.8330771 0.2056373 0.5135132 -0.5800918 0.7267422 -0.367885 -0.8383409 0.5201993 0.1630253 -0.9317151 -0.3320761 0.1470802 0.9675597 -0.2324805 0.09890002 0.8922329 -0.3453574 0.2909448 0.1470466 0.9589765 0.2423663 -0.4595401 -0.8707328 0.1750639 -0.6172673 -0.6553077 -0.4353769 0.7506068 0.4465722 0.4869937 0.8265647 -0.2035659 -0.5247397 -0.03910475 0.9969886 0.06696838 -0.004567205 0.999637 0.02655732 -0.9443382 0.3241394 0.05620586 -0.3728584 0.9135265 -0.1626225 -0.4206457 0.892292 -0.1639277 -0.9029235 -0.09715366 -0.4186768 -0.9634215 0.2365073 -0.1260291 -0.9728041 0.181438 -0.1439872 0.5924595 -0.1363412 0.7939791 0.8971511 -0.4146616 0.152236 0.9689515 -0.2390387 -0.06319588 -0.7193294 -0.676911 0.1560661 0.9911018 -0.1228517 0.0512337 -0.3265323 0.9394853 0.1036539 0.1779696 -0.9823222 0.05805146 0.6768103 0.7319885 0.07823437 -0.9129561 0.3996401 0.08245635 0.7729983 -0.5592984 -0.2994311 -0.1382533 -0.9588956 -0.2478008 -0.5057176 0.601571 -0.6183543 0.2207579 0.93502 0.2774953 0.2985472 0.8988665 -0.320794 0.847776 0.2256572 0.4799528 0.4083806 0.90182 -0.1412312 0.8504742 0.230629 -0.4727618 0.8701195 0.4233245 -0.252366 0.8555614 -0.4458522 -0.2631171 0.8353044 -0.4618377 -0.2982828 0.0438432 -0.9781686 -0.2031354 -0.07148134 -0.9160482 -0.394647 -0.9229701 -0.3845109 0.01666629 -0.7891436 0.06926012 -0.6102913 -0.6278672 0.7741235 0.08072042 0.02884888 0.8528244 -0.5214003 0.2569714 0.9502431 -0.176079 0.198939 0.9757786 -0.0909909 -0.8476268 -0.5189301 0.1106373 0.3152123 -0.7095647 -0.6302057 0.19302 -0.9173137 -0.3482512 0.9416071 0.2772988 -0.1910015 0.76174 0.4232119 -0.4905548 -0.2507148 0.9616345 -0.1113616 -0.432854 0.8352192 -0.3391849 -0.9507631 0.2923402 -0.1028931 -0.9562503 -0.0506916 -0.2881249 0.9095642 -0.4136406 -0.03993302 0.9096881 -0.413414 -0.03945344 0.02803057 -0.8934488 -0.4482895 -0.2717698 -0.9617106 -0.03541314 -0.8424485 -0.3200182 -0.4334384 -0.9199775 -0.2337756 -0.3146273 -0.7307981 0.6632279 -0.1614403 -0.3390219 0.7002355 -0.628279 0.4696608 0.8670703 0.1661565 0.7128124 0.5998337 -0.3634531 -0.486653 0.1811164 0.8546144 -0.745221 0.6062508 -0.2776793 -0.2900967 0.9397658 0.1807875 -0.5414077 -0.5877905 0.6011491 -0.8576921 -0.4102804 0.3098942 0.7454813 0.6474593 0.158285 0.9749282 0.2141128 -0.06058597 0.9772371 -0.1760156 0.1184326 0.9458093 -0.3238707 0.0235064 0.7340068 -0.6740757 0.08280122 0.6406651 -0.7677953 0.006228148 0.07386624 -0.9838555 0.1630099 0.220543 -0.9738584 0.0544123 -0.5323163 -0.8455573 0.04089426 -0.3613285 -0.9315983 -0.03957933 -0.9830818 -0.096924 0.1554215 -0.9768036 -0.07746142 0.1996358 -0.7802898 0.6249577 -0.0239923 -0.7227867 0.6658603 0.1849584 0.9964362 -0.003851711 -0.08426332 0.9967128 -0.06599289 -0.04699587 0.9477158 -0.2725934 0.1659151 0.8815249 -0.456161 -0.1217831 0.7503447 -0.6276531 -0.2074478 0.5439363 -0.8148682 -0.2003083 0.379227 -0.9230815 -0.06409049 0.1427029 -0.9705998 0.1938352 0.2251915 -0.9736589 0.03573763 -0.1463216 -0.975292 -0.1655166 -0.4285936 -0.8827357 -0.192575 -0.5981537 -0.772024 -0.2149209 -0.4146959 -0.8869579 -0.2033057 -0.7534558 -0.6162236 -0.2292879 -0.5391289 -0.8083103 -0.2365896 -0.9365181 -0.3471596 0.04913324 -0.9703495 -0.1417863 -0.1957514 -0.9302666 -0.3660466 0.02478259 -0.9305914 0.3651006 -0.02648144 -0.9437026 0.2375489 -0.2302085 -0.9081928 0.3392074 0.2452027 -0.7513486 0.4883847 0.443797 -0.8770809 0.4098652 0.250479 -0.6784214 0.7327657 0.0529043 -0.6425915 0.7600234 -0.09716278 -0.5489534 0.8358528 -4.62708e-4 -0.3477366 -0.4128993 0.8417799 0.557296 -0.1469728 -0.8172028 -0.1500033 -0.9836747 0.099415 0.9714837 0.2245177 0.07623332 0.9084273 0.3664847 -0.2011193 0.317082 0.9419579 0.1103381 0.3086899 0.9464584 0.09448301 -0.3485823 0.9370478 -0.02078193 -0.5101863 0.830725 0.2227243 -0.9234476 0.3504755 -0.156242 -0.9778341 0.1218925 0.1702435 -0.7965701 -0.5675492 -0.20824 -0.8578523 -0.508593 -0.07363826 -0.2165455 -0.9757305 -0.0325306 -0.1508932 -0.9731255 -0.1739485 0.5733306 -0.8190305 -0.02193945 0.7471907 -0.5459358 -0.3790254 0.9146785 -0.3681738 -0.1667675 0.9334949 0.2874861 -0.214334 0.9252907 0.3776513 -0.03488385 0.3083127 0.9402644 -0.1443822 0.219791 0.930854 -0.2918953 -0.3484376 0.9349598 0.06664443 -0.6327078 0.7045169 -0.3214605 -0.9738887 0.1900627 0.1241654 -0.9124009 0.3460978 -0.2184973 -0.8517795 -0.5043865 -0.1416549 -0.8594943 -0.4723697 -0.1952853 -0.1455525 -0.9763418 -0.1599101 0.957852 -0.2858793 -0.02815651 0.8161816 -0.5526794 0.1685023 0.6341117 -0.7692511 0.07845652 0.9850505 -0.1500191 -0.08467459 0.9743469 -0.1855079 -0.1274167 0.9647039 -0.1787127 0.1934123 0.6899861 -0.6965084 -0.1969652 0.7776026 -0.6281832 -0.02683532 0.9887189 0.145754 -0.03450804 -0.1548414 -0.2527344 -0.9550651 -0.2710434 0.03508126 -0.9619277 -0.2004165 -0.06448471 -0.9775863 -0.1051188 -0.987303 0.1190919 -0.09031093 -0.979647 0.1792641 -0.06610143 0.2642867 0.9621763 -0.09584796 0.2357115 0.967085 -0.04949688 0.1419122 0.988641 0.4288189 -0.3246788 0.8430291 -0.07037448 -0.07801663 0.9944651 -0.4246216 0.4506097 0.7852691 -0.2227385 -0.9591116 0.1746212 -0.2844611 -0.8879144 -0.3615106 -0.4164557 -0.908519 0.0340287 -0.2905604 -0.9555346 -0.05028235 -0.4773074 0.7225679 -0.5000733 -0.007270991 0.9951456 -0.09814512 -0.3233641 0.8777016 -0.3536604 -0.9766978 0.04102462 -0.2106624 -0.3739876 -0.323037 -0.8693563 -0.855808 -0.5140246 -0.05806517 -0.313812 0.9410319 -0.126416 -0.6756515 0.7324201 0.08399957 -0.9697646 0.08593463 -0.2284119 -0.4389595 -0.8729621 -0.2127245 -0.8001151 -0.5970621 0.05773127 -0.1147387 -0.9889732 -0.09363365 -0.5288798 -0.81048 -0.2518102 -0.9138197 -0.1908166 -0.3585003 -0.7330551 -0.6781531 0.05233216 -0.8192511 -0.5729246 -0.02418923 -0.865265 -0.4986729 0.05140215 -0.4582462 -0.796869 -0.3937136 -0.4629961 -0.6781506 -0.570742 -0.3730955 -0.8919404 -0.2554257 -0.813139 0.04983752 -0.5799322 0.06038272 0.07588195 0.9952869 -0.2426334 0.002522349 0.9701149 -0.7137271 0.2015663 0.6707941 -0.1879565 -0.2146283 0.95844 0.04790884 0.05158078 0.9975191 -0.2372561 -0.3849924 0.8919028 0.04626333 0.0584675 0.9972168 0.3967548 -0.4609963 0.7937682 -0.03696447 0.04429608 0.9983344 -0.6814112 0.017214 0.7316983 0.1814438 0.100518 0.9782507 0.1797767 0.1025779 0.9783446 -0.1914999 -0.1426758 0.9710672 0.04751938 0.01924896 0.9986849 -0.01500076 -0.02752393 0.9995087 -0.2317422 -0.6085271 0.7589403 0.1732502 0.09563243 0.9802239 0.08700191 -0.180209 0.9797732 0.2015019 -0.2005465 0.9587379 0.2261455 -0.2551355 0.9400873 0.7359643 0.675417 0.04656761 0.5480327 0.8327514 0.07864689 0.5702084 0.8151096 0.1022688 0.5077095 0.8609868 0.03054571 0.9346242 0.3455314 0.08417654 0.9239034 0.3667968 0.1089154 0.9309392 0.3606836 0.05709463 0.9359178 0.2105439 0.2823636 0.8414705 0.499238 0.2066127 0.8464558 0.4941914 0.1982109 0.9530778 0.3025592 0.01004141 0.6664861 0.7201966 0.1926481 0.4549893 0.8719933 0.1805895 0.709976 0.6337379 0.3070999 0.433239 0.8915836 0.1318435 -0.1198694 -0.2555826 0.9593274 0.01922184 -0.05529105 0.9982853 5.34309e-4 0.008688867 0.9999622 -0.8380092 0.544449 -0.03627765 -0.8462594 0.5066559 -0.1647567 -0.8371321 0.5075653 -0.2039301 -0.2475488 0.9273458 -0.2806234 -0.9075938 0.2310481 0.3505572 -0.7527701 0.1468509 0.6416947 -0.6166704 0.6244258 -0.4793852 -0.893481 -0.2532676 0.3708737 -0.8924496 -0.3883213 -0.2296527 -0.4726904 -0.8787996 -0.06538408 0.1196773 -0.001642107 0.9928115 0.4296329 0.1144509 0.8957214 0.4987317 0.1862596 0.8465071 0.5273873 0.1873923 0.8287019 -0.001853525 0.9991233 0.04182314 0.03259569 0.9215385 -0.3869168 0.1594551 0.7398133 0.653644 -0.06866216 0.8487641 -0.5242949 -0.01022702 0.9996744 0.02338087 0.08912193 0.9960197 0.001502811 0.2566476 0.9550439 0.1484028 0.355246 0.9308434 -0.08562028 -0.01215153 0.008067727 0.9998937 -0.01323771 0.01460087 0.9998058 -0.006945669 0.006177604 0.9999568 -0.01479208 -0.001668453 0.9998892 -0.003605663 -0.002975225 0.9999892 -0.03757715 -0.03562384 0.9986585 0.04970616 0.04052859 0.9979413 -0.02896749 -0.0623815 0.997632 -0.05944138 -0.04837334 0.9970591 0.02696394 0.02132451 0.999409 0.1043775 -0.1365598 0.9851177 0.07171958 0.03510951 0.9968068 0.04873734 -0.02538162 0.9984892 -0.02564346 -0.02142465 0.9994416 -0.007857799 -0.1088339 0.9940289 -0.01928204 -0.1694459 0.9853509 -0.01324331 -0.1343392 0.990847 0.9125655 0.1049645 -0.3952298 0.9770314 -0.2053372 0.05697762 0.7657639 0.6201533 0.1703397 0.9882254 0.1449626 -0.04895305 0.9708634 0.236332 0.0396409 -0.005212247 -0.9945071 -0.1045403 -0.05904555 -0.9975511 0.03749066 -0.08343285 -0.9867408 -0.1392173 -0.03269171 -0.999464 0.00173366 -0.04858744 -0.8925615 -0.4483006 -0.1099911 -0.3954611 0.9118732 0.02493882 -0.03204953 0.9991751 0.05766957 -0.07214981 0.9957252 0.01711642 -0.08771848 0.9959982 0.02646762 -0.03239214 0.9991248 -0.01682895 -0.1965144 0.9803565 0.04442214 -0.255723 0.9657289 0.05565071 -0.2545152 0.9654663 -0.02405279 -0.2379019 0.9709914 -0.008570432 -0.1913474 0.9814851 0.05082637 0.1935865 0.9797658 0.04723417 0.1248743 0.9910477 0.02690935 0.2731734 0.9615884 -0.005368351 0.1727077 0.9849585 0.0046736 0.2001553 0.979753 0.1742177 0.1305772 0.9760112 0.2525928 0.05677437 0.9659057 0.7069562 -0.5844762 0.398247 0.9468244 0.1551746 -0.2818589 -0.6357208 -0.7683387 -0.07426112 -0.735875 -0.6770939 -0.005652785 0.2694849 0.9562744 -0.113654 0.06919479 0.99756 -0.00927931 0.0678302 0.9976284 -0.01169008 -0.1606283 -0.9837866 -0.07976597 -0.2782441 -0.9604239 -0.01289284 -0.2742351 -0.9616419 0.006333231 -0.2622817 -0.9649728 -0.005984544 -0.2630717 -0.9647696 -0.003600955 0.4359523 0.8276585 -0.3534502 -0.8607105 -0.0281471 -0.508316 -0.1117022 0.1063908 -0.9880301 0.1958475 -0.1607334 -0.967372 -0.1311942 0.1121672 -0.9849907 -0.1385614 0.1435262 -0.9798985 -0.1556619 0.07697457 -0.9848067 -0.0887137 0.06129896 -0.9941692 0.02237761 0.02897262 -0.9993298 -0.04982596 0.9974808 0.05049216 0.103322 -0.1461192 0.9838566 -0.1812291 0.2679333 0.9462388 0.2245754 -0.1153731 0.9676027 0.1606069 -0.1154218 0.9802466 -0.01996099 0.1338794 0.9907966 0.1029661 -0.1838151 0.9775531 0.2006262 0.206044 0.9577552 0.2738956 0.008982896 0.9617176 -0.3015867 0.1854872 0.9352219 0.04681134 -0.1427938 0.9886448 -0.1825352 -0.1087089 0.977171 0.1079773 -0.07381862 0.991409 0.06242865 -0.1238979 0.9903292 -0.02640569 -0.1756279 0.9841024 -0.121209 0.2116978 -0.9697899 -0.1805417 0.248634 -0.9516228 -0.1129736 0.1055335 -0.9879776 0.04883861 -0.04579287 -0.9977565 -0.4210655 0.3115253 -0.8518545 -0.076303 0.1035388 -0.9916943 0.1363047 -0.1847013 -0.9732967 -0.4523273 0.2542591 -0.8548406 -0.07008165 0.09530121 -0.9929786 -0.02759301 0.6926199 -0.7207748 0.02640897 0.5388505 -0.8419875 -0.2787859 0.06829583 -0.9579219 0.1028959 0.07443821 -0.991903 0.02364045 0.04064875 -0.9988939 -0.001802027 -0.0585252 -0.9982844 0.02712118 -0.02276861 -0.9993728 -3.92366e-4 0.008930861 -0.9999601 -0.002032577 4.88434e-4 -0.9999979 -0.003061354 -0.06334108 -0.9979873 -0.001286923 0.001336455 -0.9999983 0.002658665 -0.0589205 -0.9982591 0.01059406 -0.4360525 -0.899859 -0.05433148 -0.03540247 -0.9978952 5.75044e-7 2.28034e-7 -1 0.5904371 0.6704487 -0.4493134 -0.5715348 0.2883709 -0.7682384 -0.05889129 -0.04091668 -0.9974256 -0.02306014 -0.03003817 -0.9992827 -0.9285724 0.2344574 -0.2877205 -9.47003e-4 -0.002382218 -0.9999967 -0.32517 -0.5486412 -0.770232 0.001923024 0.004831612 -0.9999865 0.07541304 -0.1322025 -0.9883499 -0.006189167 -0.02031904 -0.9997745 -0.02089166 -0.001759767 -0.9997802 0.02584356 -0.008080899 -0.9996334 -0.01319462 -0.07999324 -0.9967081 -0.1464811 -0.01788216 -0.9890518 -1.01449e-5 1.57853e-5 -1 4.04615e-6 2.31047e-5 -1 -6.4524e-6 1.27867e-5 -1 0.001703381 -0.006602048 -0.9999768 -1.80293e-6 -4.09637e-7 -1 0.01381391 0.01408141 -0.9998055 0.08540952 -0.3245195 -0.9420151 0.004779994 -0.3434333 -0.9391649 1.80968e-6 -9.17461e-7 -1 5.5841e-6 4.07456e-6 -1 -5.76872e-5 -7.99918e-4 -0.9999997 -0.814213 0.501034 -0.2932953 -0.01930534 -0.2858505 -0.9580798 -0.01458925 -0.1685341 -0.985588 0.9324657 0.3608675 -0.01681041 -0.967297 0.2292205 -0.1086031 -0.06861841 0.9881297 -0.1374455 -0.1607597 0.9860069 -0.04412311 0.09796726 0.9753411 -0.1977678 0.268275 0.9376723 -0.2209053 0.2272648 0.9540845 -0.1951242 0.2695431 0.9619867 -0.04391086 0.2645757 0.9635537 -0.03954821 0.9494118 0.3131981 -0.02289813 0.9865351 0.09550148 -0.1327709 0.9982767 -0.005358219 -0.05843836 -0.987349 -0.1517885 -0.04584902 -0.9856432 -0.1587969 -0.05736893 -0.8075801 -0.5829507 -0.08934706 -0.7724696 -0.6345084 -0.02626913 -0.4361915 -0.8998409 -0.004839003 -0.3697224 -0.9248814 -0.08888083 0.08806288 -0.9922905 -0.08720403 0.1468752 -0.9890902 -0.01132607 0.5784463 -0.812699 -0.0701453 0.5567955 -0.8292831 -0.04762649 0.8886524 -0.4585281 0.00699675 0.9145761 -0.3925482 -0.09724587 -0.0685994 0.9951778 -0.07010859 -0.06969547 0.9951627 -0.06923663 0.01118111 0.04222387 -0.9990456 0.0383386 0.09615343 -0.9946279 -0.01171708 0.06743943 -0.9976546 -0.01938414 -0.1077239 -0.9939919 -0.03449296 0.01896125 -0.9992251 0.009437322 0.1026164 -0.9946762 -0.06138491 -0.1354713 -0.988878 -0.1084405 0.01147586 -0.9940367 -0.004576683 -0.03340983 -0.9994314 -0.06643587 -0.1563078 -0.9854716 -0.1733146 0.07467782 -0.9820312 3.00283e-4 0.0195378 -0.9998091 -0.005068659 0.004593074 -0.9999766 -0.0269519 0.03977203 -0.9988452 0.02838891 -0.05004113 -0.9983437 0.01145654 0.005622029 -0.9999186 0.01547014 0.009325563 -0.9998369 -0.01772195 0.0392453 -0.9990726 -0.04483669 -0.09092485 -0.994848 0.008732676 0.01725888 -0.9998129 0.205713 0.2501193 -0.9461092 0.005651414 0.04704964 -0.9988766 0.06960004 -0.06012606 -0.9957615 0.01096081 0.03550058 -0.9993096 0.05494529 -0.02284008 -0.9982282 0.3433544 -0.920146 -0.1882533 0.2911593 -0.9500117 -0.1127129 3.42497e-4 -0.004518091 -0.9999898 0.01028764 0.001233398 -0.9999464 0.9816601 0.1585238 -0.1058952 0.9408221 0.2494968 -0.2293585 -0.9527445 -0.2400396 -0.1861693 -0.9444341 -0.2549977 -0.2074142 0.02220511 0.009124815 -0.9997118 -0.01090174 -0.02409392 -0.9996503 -0.8930478 0.4411292 -0.08871668 -0.907901 0.4142084 -0.06439948 -0.005981385 -6.71647e-4 -0.9999819 -0.004775881 -0.00450015 -0.9999786 0.006322085 -0.008351445 -0.9999452 -0.1187157 0.9904754 -0.06975072 0.003944218 0.00274837 -0.9999885 -0.003636181 0.0073058 -0.9999668 0.5109496 0.8388076 -0.1879696 0.3367295 0.94125 -0.02572131 0.0356726 0.01090079 -0.9993041 -0.006711065 0.002002894 -0.9999755 0.7659852 0.6416043 0.04013413 -0.0100373 -0.01073819 -0.999892 0.9582211 -0.2709167 -0.09174162 0.9856898 -0.1681789 -0.01146692 0.9912796 -0.07138329 -0.1107666 -0.002543807 4.19606e-4 -0.9999967 3.10728e-4 0.004112839 -0.9999916 0.05434608 -0.05142408 -0.9971971 -0.08249241 -0.04794555 -0.9954378 0.02674663 -0.07788002 -0.9966039 0.03976368 0.01077604 -0.999151 -0.07744103 0.1755062 -0.9814277 -0.01339656 0.03322714 -0.9993581 -0.007296383 0.2267059 -0.973936 -0.1125127 0.01837617 -0.9934805 -0.03051465 0.003927648 -0.9995266 -0.07091546 -0.02031123 -0.9972755 0.02939587 0.03077936 -0.9990938 -0.1353368 -0.09580701 -0.9861568 0.09040379 0.03191488 -0.9953937 0.05853182 -0.1637685 -0.9847609 -0.07531976 0.06999385 -0.9946999 -0.02974921 -0.02720206 -0.9991873 0.02205044 -0.02407586 -0.999467 0.04283583 -0.1063526 -0.9934054 0.03317826 -0.2612543 -0.9646997 0.001309096 0.0879873 -0.9961208 -0.08198118 0.02819859 -0.9962349 -0.1150866 -0.02825486 -0.9929536 0.04109382 -0.1107386 -0.9929997 -0.04770225 -0.1554303 -0.9866945 -0.04291617 -0.1491289 -0.987886 0.1915856 -0.044474 -0.9804678 -0.03385978 0.08518701 -0.9957895 -0.0922659 0.01016777 -0.9956825 -0.2196522 0.1423841 -0.9651321 -0.07568573 0.06621837 -0.9949306 0.09547907 0.03354084 -0.9948663 -0.01086288 0.01953017 -0.9997503 -0.01252883 0.02083879 -0.9997044 0.1246348 -0.03852784 -0.9914544 -0.02484488 0.09617048 -0.9950548 -0.01246863 -0.01572996 -0.9997985 0.05492413 -0.1553553 -0.9863306 0.1124702 0.006456613 -0.9936341 0.009317874 0.9990408 -0.04278826 0.1319187 0.9902715 0.04427284 0.06251078 0.9822887 -0.1766387 -0.08398663 -0.2451041 -0.9658521 0.7086958 0.6239548 -0.3292882 0.7824869 0.6074759 -0.136702 -0.06142652 -0.05056107 -0.9968302 0.04353171 -0.08641731 -0.9953075 0.002244114 0.2458236 -0.9693121 -0.7650066 -0.561544 -0.3153305 -0.7772545 -0.5210653 -0.3526566 0.9692742 0.2153947 -0.1187967 0.969378 0.2298766 -0.08638894 3.27907e-4 0.004593908 -0.9999895 -0.04041057 -0.04092508 -0.9983447 0.002943575 6.56605e-4 -0.9999955 -0.1123344 -0.09717851 -0.9889072 -0.04909527 -0.2037662 -0.9777878 0.002483844 0.008959412 -0.9999569 0.01425915 0.07330238 -0.9972078 0.01483178 0.07334434 -0.9971964 -0.5813768 -0.7986651 -0.1553548 -0.6345763 -0.713003 -0.2982277 0.01115483 -0.02694249 -0.9995748 -0.007313787 0.0411486 -0.9991263 -0.04539686 0.02263951 -0.9987125 -0.0375325 0.01292455 -0.9992119 0.3689576 0.7688403 -0.5222595 0.3620057 0.789165 -0.4961559 0.06642955 -0.06594508 -0.9956097 0.007560014 0.02888846 -0.9995542 -0.03857111 -0.2053835 -0.9779213 0.004236042 -5.78851e-4 -0.9999909 -0.001685857 -0.01133126 -0.9999344 -0.001759946 0.005107402 -0.9999854 -0.7868979 0.5922215 -0.1733943 -0.7175678 0.6344653 -0.2873157 8.13217e-4 -0.008811652 -0.9999609 -0.01507717 -0.009070932 -0.9998452 0.009649157 -0.01099306 -0.9998931 -0.9850127 -0.04113417 -0.1675057 -0.9904541 -0.0616073 -0.1233091 0.003737628 0.007727801 -0.9999632 0.002125203 -0.001217901 -0.9999971 -0.00244981 0.002736806 -0.9999933 -0.6795172 0.7304804 -0.06822615 -0.5421088 0.7662343 -0.3449683 -0.0512101 -0.07587683 -0.9958014 0.04641598 -0.0640729 -0.9968653 -0.06564003 -0.07014662 -0.9953748 -0.1489231 0.9528811 -0.2642718 -0.1089782 0.9887065 -0.1028746 0.1782048 0.9801015 -0.08743125 0.3475167 0.888224 -0.3004838 0.3126631 0.9493151 -0.03229147 0.265641 0.9613083 -0.07294791 0.3064085 0.9305018 -0.2006999 0.1796305 0.105892 -0.9780183 -0.006040573 0.2271027 -0.9738522 -0.07179605 -0.9739462 -0.2151146 -0.04408717 -0.9882827 -0.1461287 -0.9698666 -0.1618464 -0.1821112 -0.7965571 -0.5215003 -0.3058339 -0.9038378 -0.3668532 0.2202183 0.2068007 0.9758693 -0.07009053 0.2371049 0.9702719 -0.04851692 0.03955858 0.02620613 -0.9988736 0.0236656 0.05568116 -0.9981682 -0.06960481 0.09264022 -0.9932639 -0.3481511 -0.9347059 -0.07152462 -0.2241591 -0.9666448 -0.1238976 0.0107218 0.01542311 -0.9998236 0.02434539 0.01906782 -0.9995217 0.09802412 0.06790649 -0.9928646 -0.02166575 -0.01491129 -0.9996541 0.9953626 -0.09330582 0.02339363 0.1936923 0.2794889 0.9404091 0.004790484 0.01591509 0.9998619 -0.04134625 0.1037276 0.9937461 0.04014712 -0.08119523 0.9958894 -0.1235161 -0.01403969 0.9922433 0.283064 0.1253919 0.9508689 0.116029 0.00912702 0.9932039 0.1161212 0.007386445 0.9932077 0.3999645 0.3717231 0.8377652 0.113877 0.1869118 0.9757541 0.03317564 0.06353253 0.9974282 0.2789639 0.2010497 0.9390198 0.05257469 0.1001051 0.993587 -0.002050876 0.1424993 0.9897928 0.2048726 -0.162537 0.965199 0.1256604 0.1529068 0.9802188 0.0348156 -0.04716813 0.9982801 -0.5603371 0.6795182 0.4735792 -0.7771532 0.627912 0.0419476 -0.840817 0.540627 -0.02737206 -0.4295183 0.9012385 0.05729967 0.05526298 0.9911152 0.120983 -0.05485928 0.9978126 -0.03688532 -0.9693489 0.2391563 0.05627727 -0.9718301 0.2299025 0.0518772 0.00316435 0.01752758 0.9998414 -0.4818913 0.8761724 0.0101329 -0.3056912 0.9459148 0.1086193 -0.1342371 0.9909241 0.007061421 0.1819286 0.0951476 0.9786975 -0.01866203 -0.1322049 0.9910467 0.003121495 -0.002754509 0.9999914 0.01850682 -0.07544559 0.9969782 -0.02844953 0.01437723 0.9994919 -0.03965091 -0.0386641 0.9984652 -0.03190082 -0.002342522 0.9994883 -0.06225705 -0.00363624 0.9980536 0.003222703 -0.02268189 0.9997376 -0.3410332 -0.9369519 0.07627272 -0.3710594 -0.9285042 0.01396495 -0.9985256 -0.01952117 0.05065232 -0.9982032 -0.02609258 0.05394202 0.02086627 -0.1318745 0.9910468 0.0145576 -0.007973253 0.9998623 -0.02397716 0.01821541 0.9995466 -0.02492612 0.01767331 0.9995331 -0.03201502 -0.006695568 0.999465 -0.8268148 -0.5475069 0.1288933 -0.9615104 -0.2737823 0.02326232 -0.9267113 -0.3754079 0.01659244 -0.02620929 0.01940619 0.9994681 -0.0502004 0.01716709 0.9985917 -0.0188753 -0.03134852 0.9993304 -0.8756781 0.4799481 0.05327218 -0.8796198 0.4731648 0.04882669 0.07901662 -0.0703023 0.9943913 0.07743662 -0.04359424 0.9960438 0.6088193 0.7927712 0.02920335 0.6413394 0.7595096 0.1087619 0.7880953 0.6152058 -0.02068275 0.7017902 0.706089 0.09449279 0.0206713 0.07162338 -0.9972176 -0.001641571 0.05497604 -0.9984863 0.01138615 -0.02502363 -0.9996221 0.04740494 -0.9985548 0.0253244 0.05079579 -0.9978078 -0.04241955 0.05355554 -0.9981353 0.02928608 0.07976341 -0.9967924 0.006537675 0.05308055 -0.9975267 -0.04607689 0.1620268 0.9867863 4.89061e-4 0.1812024 0.9834041 -0.009067177 -0.0053671 0.00295329 -0.9999812 -0.004763424 0.002353906 -0.9999859 -0.9450716 0.32684 0.00393325 -0.8368745 0.297374 0.4595758 -0.9461388 0.32321 0.01888668 -0.9189772 0.2841979 0.2733361 -0.929707 0.3371305 0.1482836 0.4899029 -0.8717504 -0.006818175 0.5588946 -0.8251272 -0.08247423 0.8441972 -0.5241895 0.1120551 0.7569365 -0.4653767 -0.458772 0.8273897 -0.5596474 -0.0471298 0.8169133 -0.573493 0.06130737 -0.9868584 -0.1602665 0.02062267 -0.9600915 -0.2782215 -0.0285896 -0.3695672 0.9035512 -0.2168306 -0.5602949 0.827157 -0.04336971 -0.002439439 -1.28389e-4 -0.999997 -0.005102872 0.01824009 -0.9998207 -0.006013214 0.006126105 -0.9999632 -0.731886 0.6658464 -0.1448847 -0.748684 0.6396133 -0.1742615 -0.1228888 0.9924 0.006384074 0.4351771 0.7851993 -0.4405488 0.8324401 0.5486553 -0.07759428 0.9077766 -0.4138227 -0.06850147 0.8667545 -0.4722591 -0.1603365 -0.003053843 -0.00680238 -0.9999723 -8.56535e-4 -0.001900136 -0.9999979 0.03768193 0.1356658 0.9900379 0.001038253 -0.07879501 0.9968903 0.4513451 -0.2418448 0.8589521 0.02067244 -0.2438657 0.9695887 -0.004045188 -0.09873968 0.9951051 0.0180096 -0.02624917 0.9994933 -0.259419 0.4676918 0.8449652 -0.03840976 0.3914039 0.919417 0.09424453 0.1664495 0.9815359 -0.4368865 0.1017357 0.893745 -0.07429289 -0.1256349 0.989291 -0.4910575 0.09724378 0.8656825 -0.268576 -0.1609032 0.9497247 -0.3120686 -0.2087113 0.9268511 -0.008475899 -0.009166896 0.9999222 -0.006782352 0.00308454 0.9999722 -0.04880934 -0.2056458 0.9774085 0.130582 -0.05716162 0.9897884 -0.09315973 -0.1558465 0.9833785 -0.1356952 -0.1450156 0.9800803 -0.3216452 0.1668295 0.9320474 0.003328561 -0.01837414 0.9998257 -0.01097178 -0.007537126 0.9999115 -0.01213657 0.003177642 0.9999213 -0.009329259 0.002866506 0.9999524 -0.006295621 0.008503437 0.9999441 0.004538297 0.01379185 0.9998946 -0.07346695 0.09021395 0.993209 0.0120002 0.01473003 0.9998195 -0.02632421 0.04352843 0.9987053 0.002681016 0.1119741 0.9937075 -0.006570458 0.1134633 0.9935205 -0.8812531 0.4262759 -0.2041615 -0.9040355 0.4136494 -0.1077693 0.9220347 0.159757 -0.3526043 0.7116135 0.5111292 -0.4820304 0.7076963 0.7028198 -0.07218194 0.3048818 0.8217569 -0.4814174 0.2616974 0.9617625 -0.08079218 -0.1399583 0.8919354 0.4299572 0.9899449 0.131528 -0.05205297 0.8896859 -0.4563876 0.0130099 0.5037092 0.8594386 -0.08742028 0.7165884 0.6968591 -0.02980673 0.23381 0.9665319 0.1055884 0.755931 0.6383709 -0.1450891 0.8919156 0.451011 -0.03280156 0.9495621 0.3020144 0.08437496 0.9843399 0.1523704 -0.08864706 0.754643 -0.6533223 -0.06069475 0.9448426 -0.2631511 -0.194997 0.5871903 -0.8083126 -0.04287648 0.6221815 -0.7828715 -0.001596808 0.7284371 -0.6788232 0.09262025 -0.08852356 -0.996073 -0.001472592 0.6536712 -0.7551937 -0.04895514 0.1842453 -0.9786556 -0.0910325 0.4230341 -0.9005965 -0.09984123 0.07273256 -0.9907155 -0.1148606 0.8992148 -0.1821635 -0.3977805 0.9716391 -0.2339338 0.03453141 0.9830484 -0.1665568 -0.07664668 0.9371109 -0.2746173 -0.2154267 -0.08780962 0.07215481 -0.9935206 -0.02884376 -0.03149896 -0.9990876 -0.02097505 0.01014953 -0.9997285 0.04782348 0.005679905 -0.9988397 0.01494157 0.01761561 -0.9997333 -0.06725287 -0.03889214 -0.9969778 -7.9404e-4 0.02408325 -0.9997097 0.01923781 -0.03271675 -0.9992796 -0.01699221 -0.003643572 -0.999849 -0.002246022 -0.004560649 -0.9999871 0.02622276 0.02209663 -0.9994119 -0.009891629 -0.01442372 -0.9998471 -0.1230624 -0.07356292 -0.9896687 -0.009305119 0.00914359 -0.999915 -0.1164661 0.2401268 -0.9637296 -0.1267443 -0.2413897 -0.9621158 -0.1536296 0.1604079 -0.9750217 -0.1447064 0.1804473 -0.9728818 -0.9685775 0.24312 0.05244481 -0.9691016 0.2407028 0.0538935 -0.4728688 0.8784009 0.06933248 -0.6012521 0.7985477 0.02859145 -0.9312035 -0.3625626 0.03753107 -0.8628572 -0.5054455 -0.001608073 0.03698921 -0.02474415 0.9990094 -0.9611837 -0.2721205 -0.04556763 -0.9733653 -0.2130069 -0.08478319 0.7528046 -0.6528969 -0.08373111 0.7355026 -0.6737048 -0.07181823 0.1807395 -0.9828028 -0.0378431 0.06337839 -0.9951038 -0.07583916 -0.4619343 0.8759105 -0.1392749 -0.4437043 0.8905781 -0.09998589 -0.9202702 0.3710881 -0.124083 -0.9178856 0.3744828 -0.1313343 -0.3109998 -0.9284616 -0.2030725 -0.4410983 -0.8948671 -0.06815695 -0.02216851 0.0122736 -0.9996789 -0.002049446 -0.004920244 -0.9999859 0.003553926 1.38244e-4 -0.9999938 0.004982471 0.002969563 -0.9999833 8.69533e-4 9.29803e-5 -0.9999997 0.7214894 0.6813799 0.1231848 0.9490212 0.3144465 0.0219621 -0.5010901 0.1922318 -0.8437747 -0.8967601 0.4346585 -0.08302646 -0.8601514 0.5077871 -0.04787409 0.4841503 0.7496075 0.4513171 0.5770375 0.8166979 -0.005690932 0.5904439 0.8050558 -0.05710631 0.4351555 0.8857533 0.1614953 0.582802 0.8122842 0.02315551 0.566569 0.8228169 0.04440826 0.5189009 0.8013712 0.297567 0.5062433 0.7984073 0.3259809 0.5601003 0.7966958 0.2270757 -0.8194838 0.511021 -0.2594299 -0.560496 -0.8042494 0.1975533 -0.5763375 -0.7291856 0.3689493 -0.5714366 -0.7243669 0.385685 -0.5966334 -0.8011976 0.04594641 -0.5880322 -0.8084136 0.02618533 -0.5933728 -0.8042821 0.03223705 -0.8504657 -0.4534115 -0.2666952 -0.07429444 0.05796748 0.9955502 0.08735936 0.9728981 0.2140979 0.01970535 0.9989531 0.04128426 0.4351789 0.8979445 0.0656889 0.9123043 0.2821142 0.2968375 0.5609476 0.822018 0.0981037 0.5619643 0.8224726 0.08794879 0.6051821 0.7958368 0.01996481 0.5363456 0.7578215 0.3715376 0.5797225 0.8133186 0.04934477 0.5948132 0.7597971 0.262499 -0.7308935 -0.6492469 0.2104117 -0.6042487 -0.7961424 0.03226566 -0.6004561 -0.7930867 0.1023048 -0.6037351 -0.7968485 0.02316385 -0.6336534 -0.7734539 -0.01588922 -0.5934701 -0.7999244 0.08896291 -0.6292969 -0.7753234 -0.05346977 -0.6407314 -0.7666994 0.04043841 -0.6407652 -0.7666721 0.04042387 -0.6407052 -0.766721 0.04044538 -0.5948998 -0.6290436 0.5003983 -0.8503358 -0.5193945 -0.08460807 -0.6378745 -0.7699254 0.01819956 -0.6295855 -0.7762381 0.03281193 -0.6070466 -0.7941002 0.02998918 -0.4329037 -0.8907129 0.1386547 -0.4455634 -0.8875431 0.1172206 0.1700003 0.9292698 0.3279598 0.3608812 0.8198181 0.4445934 0.2917865 0.9441335 -0.1532074 0.3692999 0.9277364 -0.05406433 0.4521543 0.8916459 0.0228945 0.3720507 0.8573355 0.3557446 0.4631688 0.8860944 0.01765155 0.4405578 0.8758208 0.1970958 -0.9832226 0.1634617 -0.08095455 -0.4380425 -0.8282642 0.3494243 -0.445267 -0.8940885 0.04840624 -0.4697533 -0.7601237 0.4489364 -0.4619814 -0.8060557 0.369929 -0.4409757 -0.7796141 0.4446825 -0.4588485 -0.8878185 0.03516352 -0.5104259 -0.859164 -0.03609573 -0.4810858 -0.8763653 0.02324914 -0.7554835 -0.6160979 -0.2228634 -0.2686319 -0.959065 0.08961784 -0.3070158 -0.9402855 0.1469852 -0.3031923 -0.9525699 0.02617502 -0.3060263 -0.9515396 0.03033441 -0.409677 -0.9119229 -0.02369564 -0.4127771 -0.9104524 -0.02629685 0.5779367 0.7549638 0.3098692 -0.010145 0.9719431 -0.2349976 0.2494673 0.9663066 0.06338423 0.229191 0.8992304 0.3726341 0.2503772 0.9037688 0.3471504 0.2802363 0.9594497 0.0303961 -0.8598831 0.3876354 0.3321747 -0.5076391 0.8473048 0.1561318 -0.4134137 0.907498 0.0744099 -0.3944197 0.9178612 0.04431778 0.5453804 -0.8328637 0.0943306 0.4466755 -0.8928939 0.05675959 0.5877099 -0.7944015 0.1533736 0.5075184 -0.8354617 0.2107815 -0.03590953 -0.03557318 0.9987218 -0.03684854 -0.007218003 0.9992949 -0.777284 0.6069352 0.165709 -0.7440032 0.6610952 0.09701836 -0.7902258 0.604764 0.09901458 -0.57151 0.7935627 0.208889 -0.9448032 0.3267136 0.02459746 0.8574988 -0.5112596 0.05752873 0.8446544 -0.5271815 0.09294444 0.783543 -0.5931169 0.185129 -0.2966355 -0.3141781 0.9018313 -0.959273 -0.1489591 -0.240014 -0.9356819 0.0764746 -0.3444578 -0.936877 0.1194642 -0.3286182 -0.9751955 0.2202312 0.02218335 0.9474687 0.04006338 -0.3173295 0.9489043 0.04648375 -0.3121218 0.9206787 -0.2471866 -0.3020755 0.9996156 0.004598081 -0.02734398 0.9740926 -0.2257711 -0.01307582 0.7845347 -0.3393222 -0.5190046 0.7956796 -0.3707124 -0.4790266 -0.8065111 0.3845497 -0.4490675 -0.7645917 0.4007851 -0.5047484 -0.8464601 -0.5134915 -0.1408259 -0.7943295 -0.2555353 -0.5511283 0.8210169 0.3590493 -0.4438636 0.970811 0.2078534 -0.1196788 0.9859269 0.1426004 -0.0872538 0.8712372 -0.07707375 -0.4847735 -0.8170116 0.1055526 -0.566878 -0.92213 0.342643 -0.1796441 0.7979822 0.2788271 -0.5343031 0.8015398 0.2908652 -0.5224285 -0.7804864 -0.3621253 -0.509614 -0.8098739 -0.3450097 -0.4744182 0.4493044 0.8875407 -0.1019669 0.5491376 0.6027873 -0.5788744 -0.6510522 -0.7492988 -0.121171 -0.684098 -0.6458801 -0.3388935 -0.362674 0.7888842 -0.4961143 -0.3744968 0.7920157 -0.4821443 0.4005171 -0.7811768 -0.4789038 0.4007479 -0.7806465 -0.4795753 -0.216938 -0.8070491 -0.5491902 -0.4778919 -0.8620943 -0.168561 0.1040719 0.9928719 -0.05808991 0.295867 0.8293863 -0.4739 -0.7726026 -0.3960634 -0.4962048 -0.9487934 -0.2664927 -0.1696258 0.7017486 0.7123711 -0.008742034 0.735244 0.3998334 -0.5473113 -0.1063246 0.9809638 -0.1624965 -0.02462404 0.6554409 -0.754845 0.09092456 -0.9943785 -0.05426096 0.1073462 -0.9205672 -0.3755437 -0.9810364 0.1855078 -0.05616521 -0.7084259 0.3092941 -0.6344053 0.9335325 -0.3562812 0.03976023 0.790336 -0.4031982 -0.4613028 -0.3431666 0.7825812 -0.519426 -0.470687 0.8815816 0.03560769 0.3623608 -0.7967509 -0.4836143 0.3740407 -0.9105036 -0.1762864 0.7241918 -0.6885913 -0.03726202 -0.6504942 0.7573177 -0.05768263 -0.6448551 0.7634288 -0.03658658 -0.7963677 0.5997568 0.07804095 0.7788307 -0.6253995 -0.04794126 0.9747971 0.09041512 -0.2039504 -0.9694052 0.1950504 -0.1490267 -0.9322211 -0.2217831 -0.2859653 0.7764548 0.6229177 -0.09534984 0.9389404 -0.3206597 -0.1247741 0.9135074 -0.3746078 -0.1586617 -0.8483136 0.5203399 -0.09803336 -0.9021223 0.3758183 -0.2119816 0.9702844 0.2161899 -0.108675 0.9550794 0.2638117 -0.1350062 -0.8706443 -0.4809884 -0.1030958 -0.9331152 -0.2069778 -0.2940347 0.9310242 -0.2692658 -0.2463532 -0.9624993 -0.1807426 -0.2023053 0.9888704 0.1267217 -0.07795518 -0.7013728 -0.708835 -0.07502859 0.5207558 0.828208 -0.2070868 -0.05013835 -0.9581166 -0.2819551 -0.118754 0.9907983 -0.06493306 0.6986266 -0.7116917 -0.07359212 -0.9928314 0.1013608 -0.06334024 -0.9927783 0.103675 -0.06035721 0.9970732 -0.07410252 -0.01880937 0.9969702 -0.0355122 -0.0692054 0.2542142 -0.9654731 -0.05689531 0.3916658 -0.8910418 -0.2294393 -0.545739 0.7172307 -0.4333004 -0.3362611 0.9405622 -0.04765921 0.7613397 -0.6449268 -0.06656837 0.8243651 -0.5008562 -0.2637521 -0.7807563 0.6247346 -0.0112425 -0.8062988 0.5874183 -0.06944215 -0.9707371 -0.03997802 -0.2367936 -0.9918063 0.1263403 -0.01893675 0.9805532 -0.1945996 -0.02542364 0.8989431 -0.3512353 -0.2617923 0.9316866 0.3564844 -0.06985026 0.9323614 0.3551011 -0.06786501 -0.9577208 -0.2876471 0.005485594 -0.9388376 -0.3373494 -0.06913334 0.63305 0.773481 -0.03122311 0.6097245 0.7893326 -0.07204216 -0.6495541 -0.7582125 -0.05651229 -0.6357128 -0.7679578 -0.07816827 0.1924724 0.9811404 -0.01783347 0.1552022 0.9856824 -0.06589925 -0.1208788 -0.9923074 -0.02672952 -0.1043289 -0.9933741 -0.04820239 0.7026482 -0.7111132 0.0245676 -0.7581518 0.6507107 0.04220885 0.05213254 -0.1494848 -0.9873888 0.3388336 -0.5611503 -0.7551836 0.5744972 0.3148494 -0.7555282 0.8659387 0.4961983 -0.06274908 -0.7612952 0.6482955 -0.01193934 -0.9807162 0.1805171 -0.07489544 -0.09340441 0.9944531 -0.04835975 0.4830392 0.04648137 -0.8743641 0.6971386 0.1998522 -0.6885179 0.6926774 0.1978173 -0.6935895 -0.8112393 0.5734242 -0.1143488 -0.9023645 0.4193544 -0.09940028 -0.5060986 0.8590317 -0.0769999 0.4810022 -0.8767139 0.003112792 0.4271551 -0.8995165 0.09169858 0.04923951 -0.9986088 0.0188682 -0.003860473 -0.9961081 0.08805686 0.8687939 -0.4845212 0.1021597 0.8666362 -0.4901656 0.09316444 0.7070245 -0.7071889 5.40599e-4 0.7006661 -0.7132986 -0.01649874 0.3350436 -0.9274366 0.1661539 -0.5937707 -0.8039497 -0.03318983 0.09946078 -0.5322605 0.8407177 0.2231883 0.5423623 0.8099569 -0.9697448 -0.2383077 -0.05295848 -0.9644832 -0.2619037 -0.03432983 0.8933553 -0.449097 -0.01510816 0.9181911 -0.3911267 -0.06280916 0.2415645 -0.8540717 -0.4606605 0.04559653 -0.9984142 -0.03301674 -0.0909481 -0.9904698 -0.1034321 -0.2872925 -0.9571037 -0.03762519 -0.9934608 0.108904 -0.03428775 -0.9935294 0.1066315 -0.03910303 -0.9355113 0.3233328 -0.1423889 -0.8366465 0.5382524 -0.1015247 -0.1964753 0.9677345 -0.1577575 -0.365396 0.9297441 -0.04540586 -0.9724335 0.2159383 0.0879985 -0.9043948 0.3972499 -0.1557641 -0.120305 0.9925957 0.01674705 0.08615189 0.9741429 -0.2088625 0.3028159 0.9529983 -0.00983709 -0.1522724 0.9883322 -0.003567278 0.9917594 -0.06702691 -0.1091822 0.9735391 0.2216175 0.05574369 -0.9794381 0.16409 -0.1173692 -0.9483065 0.3097479 -0.06907415 -0.1282283 -0.9916238 -0.01549136 0.1424611 0.02558332 0.9894697 0.1233561 0.03152757 0.9918615 -0.1686727 0.9807465 0.09841817 0.9180257 0.02538484 0.3957074 0.3869268 0.9212554 0.03970026 0.9678247 -0.2476878 0.04434245 0.9497171 -0.3040339 0.07484024 0.6014412 0.7923206 0.1024528 0.6028782 0.7913936 0.1011637 0.1336101 -0.9896349 0.05264234 0.01434165 -0.9904383 0.137209 -0.02876263 -0.02755475 0.9992064 -0.06305336 -0.007727682 0.9979802 -0.01342517 5.10418e-4 0.9999098 0.1290885 0.983684 0.1253087 0.08518409 0.990773 0.1054165 -0.9006247 0.4139077 0.1324976 -0.86075 0.5058832 0.05649614 0.9358149 0.3497365 0.04398834 0.9634082 0.2295347 0.138415 -0.08286464 -0.02866387 0.9961486 0.05665314 -0.1522597 0.9867154 -0.1407297 -0.9776217 0.1563683 -0.08659178 -0.987698 0.1302102 0.9111325 -0.3931284 0.123643 0.9409267 -0.06439894 0.3324301 -0.9655135 -0.2396053 0.1018476 -0.9482606 -0.3135693 0.04976212 0.02671569 0.008520364 0.9996068 -0.9828097 0.1772422 0.05167508 -0.7495404 0.6126302 -0.250746 -0.6527899 -0.4092641 0.6374703 -0.0916934 -0.8280165 -0.5531556 0.5084495 0.8464161 -0.1583002 0.602366 0.7956665 0.06379789 -0.3749518 0.9269194 -0.01521956 -0.9552841 0.1961671 -0.2212487 -0.8946586 0.01733058 -0.4464144 0.01666998 -0.9890232 -0.1468172 0.2409272 -0.7905954 -0.5629506 0.04952949 0.9774605 -0.2052267 -0.04910117 0.8628313 -0.5031016 -0.9779092 0.05601251 -0.201386 -0.9989956 0.0109685 -0.04344844 0.5932193 -0.5755692 -0.5628598 0.6272624 -0.7781392 -0.032269 0.6374232 -0.7692577 -0.04398417 0.9365608 -0.2999337 -0.1813663 0.6837975 -0.6958357 0.2196215 -0.9980079 0.05479139 -0.03127533 -0.9953884 0.07937532 -0.05386692 -0.9983078 0.04160892 -0.04062467 -0.7539939 0.1658878 -0.6355898 -0.9733632 0.1543645 0.1695165 -0.08139616 -0.06263965 -0.9947115 0.01808786 -0.02266705 -0.9995795 -0.05766457 -0.08734214 -0.9945081 -0.08703255 -0.1365618 -0.9868011 0.1981994 -0.2910046 -0.9359666 0.01561403 0.007627069 -0.9998491 -0.004767954 -0.0032866 -0.9999833 -0.1684539 0.004186332 -0.9857007 -0.1364907 0.04464089 -0.9896351 -0.03513908 -0.361397 -0.9317497 0.9760354 -0.06727403 0.2069521 0 0 1 0.1145954 0.08370041 0.9898799 0.06739979 -0.06559556 0.9955675 0.05364447 0.05548858 0.9970173 0.03870201 -0.4404309 -0.896952 -0.8328039 -0.5226631 0.1823766 0.7789467 -0.6256415 -0.04260182 0.7259024 -0.6818774 -0.09004992 -0.2067567 -0.972981 0.1027598 -0.1869114 -0.9787206 0.08467751 -0.8502146 -0.5212495 0.07371681 -0.8439701 -0.5321742 0.06711912 -0.9643999 0.2619891 -0.03598171 -0.9789207 0.1888445 -0.07779473 -0.5264409 -0.1051393 -0.8436859 0.09920883 -0.5546844 0.8261253 0.2148753 -0.9736552 -0.07631677 -0.4874408 -0.8646038 -0.1219093 0.1230509 0.05843138 -0.9906787 0.08997476 -0.4122376 -0.9066227 -0.3418779 -0.04556351 -0.9386392 -0.03079766 -0.1187123 -0.992451 -0.03076785 -0.1187332 -0.9924494 -0.03068578 -0.1188269 -0.9924408 0.06114852 0.02954989 -0.9976912 -0.9893193 -0.1172806 0.08655977 0.9947645 0.04471909 -0.09189081 0.9102687 -0.4081339 -0.06955391 0.9459688 -0.288282 -0.1484475 -0.2794427 0.06057411 -0.9582498 -0.2794538 0.06050318 -0.958251 -0.2794424 0.06060606 -0.9582479 0.6348047 -0.1895429 0.7490638 0.233507 -0.5635389 0.7924004 0.04888874 0.20625 0.9772773 0.4148919 0.821703 -0.390729 0.0798949 -0.9938763 -0.07633215 -0.2610429 0.856371 0.445517 -0.4500414 0.8615357 0.2349874 0.9282623 -0.3500568 0.1256553 -0.3165879 0.8724866 0.3722086 -0.3165782 0.8724905 0.3722078 -0.3165797 0.8724899 0.3722079 -0.2484238 -0.01395833 -0.9685509 0.2197033 0.01066219 -0.9755085 0.09195846 -0.01234936 -0.9956863</float_array>
          <technique_common>
            <accessor source="#Mesh001_001-mesh-normals-array" count="1199" stride="3">
              <param name="X" type="float"/>
              <param name="Y" type="float"/>
              <param name="Z" type="float"/>
            </accessor>
          </technique_common>
        </source>
        <vertices id="Mesh001_001-mesh-vertices">
          <input semantic="POSITION" source="#Mesh001_001-mesh-positions"/>
        </vertices>
        <triangles material="Mesh001_001-material" count="1191">
          <input semantic="VERTEX" source="#Mesh001_001-mesh-vertices" offset="0"/>
          <input semantic="NORMAL" source="#Mesh001_001-mesh-normals" offset="1"/>
          <p>0 0 50 0 1 0 94 1 462 1 93 1 379 2 101 2 119 2 125 3 127 3 126 3 126 4 127 4 128 4 58 5 57 5 142 5 61 6 60 6 135 6 135 7 60 7 136 7 135 8 23 8 141 8 143 9 246 9 269 9 141 10 138 10 139 10 244 11 141 11 139 11 244 12 139 12 140 12 245 13 140 13 148 13 245 14 244 14 140 14 546 15 148 15 548 15 546 16 245 16 148 16 146 17 133 17 255 17 58 18 133 18 146 18 133 19 55 19 255 19 55 20 56 20 255 20 255 21 56 21 542 21 56 22 57 22 542 22 542 23 57 23 146 23 57 24 58 24 146 24 59 25 60 25 3 25 3 26 60 26 147 26 147 27 60 27 140 27 60 28 61 28 140 28 140 29 61 29 148 29 61 30 62 30 148 30 148 31 62 31 4 31 62 32 59 32 4 32 4 33 59 33 3 33 34 34 35 34 149 34 149 35 35 35 150 35 35 36 36 36 150 36 36 37 37 37 150 37 150 38 37 38 151 38 37 39 38 39 151 39 38 40 34 40 151 40 151 41 34 41 149 41 158 42 157 42 156 42 237 43 157 43 158 43 237 44 155 44 157 44 156 45 155 45 237 45 155 46 156 46 160 46 156 47 157 47 160 47 157 48 155 48 160 48 154 49 152 49 161 49 152 50 153 50 161 50 153 51 154 51 161 51 167 52 163 52 162 52 162 53 163 53 164 53 163 54 165 54 164 54 164 55 165 55 166 55 165 56 167 56 166 56 166 57 167 57 162 57 168 58 170 58 169 58 169 59 170 59 171 59 170 60 172 60 171 60 172 61 168 61 171 61 176 62 88 62 173 62 175 63 88 63 176 63 173 64 89 64 174 64 88 65 89 65 173 65 89 66 175 66 174 66 174 67 175 67 176 67 141 68 307 68 187 68 92 69 282 69 305 69 305 70 178 70 92 70 303 71 3 71 147 71 303 72 141 72 187 72 303 73 147 73 141 73 304 74 180 74 179 74 186 75 566 75 187 75 566 76 23 76 187 76 75 77 74 77 196 77 74 78 195 78 196 78 195 79 75 79 196 79 199 80 197 80 200 80 197 81 198 81 200 81 198 82 199 82 200 82 8 83 201 83 7 83 201 84 6 84 7 84 11 85 202 85 10 85 202 86 203 86 10 86 10 87 203 87 9 87 203 88 8 88 9 88 42 89 43 89 204 89 43 90 44 90 204 90 204 91 44 91 205 91 44 92 39 92 205 92 205 93 39 93 206 93 39 94 40 94 206 94 206 95 40 95 207 95 40 96 41 96 207 96 207 97 41 97 208 97 41 98 42 98 208 98 208 99 42 99 204 99 192 100 194 100 0 100 192 101 0 101 193 101 47 102 210 102 46 102 46 103 210 103 45 103 210 104 211 104 45 104 45 105 211 105 49 105 211 106 212 106 49 106 49 107 212 107 48 107 212 108 209 108 48 108 48 109 209 109 47 109 209 110 210 110 47 110 54 111 50 111 217 111 217 112 50 112 213 112 213 113 50 113 214 113 50 114 51 114 214 114 214 115 51 115 215 115 51 116 52 116 215 116 52 117 53 117 215 117 215 118 53 118 216 118 53 119 54 119 216 119 216 120 54 120 217 120 77 121 65 121 66 121 78 122 77 122 66 122 67 123 78 123 66 123 219 124 64 124 9 124 65 125 219 125 9 125 288 126 68 126 63 126 562 127 288 127 63 127 562 128 63 128 69 128 220 129 562 129 69 129 220 130 69 130 70 130 218 131 220 131 70 131 446 132 70 132 64 132 70 133 446 133 218 133 221 134 64 134 219 134 221 135 446 135 64 135 222 136 84 136 453 136 222 137 453 137 85 137 416 138 222 138 85 138 416 139 85 139 461 139 223 140 47 140 506 140 506 141 47 141 224 141 47 142 359 142 224 142 224 143 359 143 225 143 225 144 359 144 504 144 504 145 359 145 507 145 507 146 359 146 502 146 502 147 359 147 498 147 359 148 226 148 498 148 498 149 226 149 508 149 508 150 226 150 495 150 495 151 227 151 228 151 226 152 227 152 495 152 228 153 371 153 346 153 227 154 371 154 228 154 346 155 371 155 347 155 347 156 229 156 127 156 371 157 229 157 347 157 229 158 230 158 127 158 307 159 23 159 566 159 307 160 141 160 23 160 307 161 566 161 94 161 307 162 94 162 93 162 91 163 307 163 93 163 178 164 307 164 91 164 92 165 178 165 91 165 236 166 233 166 234 166 233 167 235 167 234 167 29 168 127 168 230 168 332 169 124 169 33 169 124 170 132 170 33 170 33 171 132 171 32 171 132 172 131 172 32 172 131 173 130 173 32 173 32 174 130 174 31 174 130 175 129 175 31 175 31 176 129 176 30 176 30 177 129 177 29 177 129 178 128 178 29 178 128 179 127 179 29 179 128 180 201 180 126 180 126 181 201 181 125 181 201 182 8 182 125 182 125 183 8 183 124 183 8 184 203 184 124 184 124 185 203 185 132 185 132 186 203 186 131 186 203 187 202 187 131 187 131 188 202 188 130 188 202 189 11 189 130 189 11 190 5 190 130 190 130 191 5 191 129 191 129 192 6 192 128 192 5 193 6 193 129 193 6 194 201 194 128 194 237 195 158 195 99 195 237 196 99 196 100 196 279 197 237 197 100 197 106 198 240 198 428 198 106 199 239 199 240 199 120 200 106 200 428 200 238 201 106 201 388 201 238 202 239 202 106 202 568 203 256 203 100 203 298 204 528 204 529 204 432 205 118 205 529 205 526 206 118 206 432 206 456 207 221 207 219 207 289 208 221 208 456 208 92 209 520 209 241 209 92 210 91 210 520 210 241 211 520 211 242 211 38 212 431 212 34 212 81 213 93 213 243 213 91 214 93 214 81 214 546 215 257 215 245 215 266 216 257 216 546 216 266 217 546 217 548 217 254 218 266 218 548 218 141 219 244 219 135 219 147 220 138 220 141 220 147 221 139 221 138 221 257 222 135 222 244 222 246 223 143 223 247 223 249 224 248 224 22 224 22 225 248 225 250 225 251 226 22 226 250 226 251 227 250 227 252 227 445 228 252 228 570 228 445 229 251 229 252 229 445 230 570 230 369 230 249 231 272 231 248 231 3 232 254 232 4 232 2 233 269 233 267 233 267 234 254 234 2 234 254 235 267 235 266 235 549 236 2 236 253 236 255 237 549 237 253 237 541 238 255 238 253 238 254 239 548 239 4 239 269 240 55 240 133 240 269 241 246 241 55 241 246 242 56 242 55 242 246 243 57 243 56 243 134 244 539 244 133 244 246 245 247 245 57 245 134 246 58 246 539 246 58 247 142 247 539 247 135 248 136 248 23 248 135 249 257 249 61 249 136 250 256 250 23 250 136 251 59 251 256 251 257 252 62 252 61 252 62 253 266 253 137 253 137 254 266 254 59 254 257 255 266 255 62 255 35 256 34 256 431 256 177 257 35 257 431 257 562 258 38 258 37 258 220 259 38 259 562 259 259 260 260 260 261 260 468 261 469 261 262 261 260 262 263 262 469 262 469 263 264 263 262 263 279 264 265 264 258 264 100 265 265 265 279 265 59 266 265 266 100 266 266 267 265 267 59 267 265 268 267 268 268 268 266 269 267 269 265 269 268 270 267 270 259 270 259 271 267 271 260 271 263 272 260 272 269 272 269 273 260 273 267 273 469 274 263 274 264 274 264 275 539 275 270 275 133 276 539 276 264 276 269 277 133 277 264 277 570 278 552 278 369 278 570 279 271 279 552 279 272 280 271 280 570 280 274 281 15 281 273 281 18 282 156 282 275 282 19 283 18 283 275 283 20 284 19 284 275 284 17 285 13 285 232 285 17 286 232 286 237 286 12 287 276 287 321 287 158 288 277 288 278 288 277 289 237 289 278 289 258 290 237 290 279 290 278 291 237 291 258 291 280 292 241 292 533 292 281 293 282 293 280 293 170 294 281 294 280 294 281 295 170 295 532 295 282 296 241 296 280 296 281 297 532 297 283 297 281 298 283 298 290 298 281 299 290 299 284 299 285 300 409 300 286 300 409 301 561 301 286 301 561 302 287 302 286 302 286 303 287 303 90 303 287 304 83 304 90 304 420 305 288 305 83 305 83 306 288 306 90 306 90 307 35 307 76 307 76 308 35 308 177 308 288 309 35 309 90 309 288 310 36 310 35 310 288 311 37 311 36 311 288 312 562 312 37 312 181 313 270 313 289 313 270 314 534 314 289 314 221 315 289 315 297 315 297 316 289 316 534 316 176 317 284 317 530 317 176 318 530 318 87 318 291 319 284 319 290 319 284 320 291 320 531 320 284 321 531 321 530 321 292 322 293 322 295 322 292 323 295 323 535 323 539 324 165 324 294 324 253 325 165 325 539 325 253 326 293 326 292 326 253 327 292 327 165 327 558 328 295 328 218 328 220 329 296 329 38 329 218 330 296 330 220 330 218 331 295 331 296 331 297 332 535 332 221 332 221 333 558 333 446 333 535 334 558 334 221 334 294 335 270 335 539 335 534 336 270 336 294 336 290 337 283 337 90 337 76 338 290 338 90 338 286 339 242 339 285 339 241 340 242 340 286 340 533 341 241 341 286 341 76 342 291 342 290 342 76 343 531 343 291 343 95 344 25 344 24 344 95 345 24 345 464 345 298 346 299 346 528 346 528 347 299 347 152 347 326 348 301 348 300 348 293 349 300 349 370 349 293 350 326 350 300 350 525 351 319 351 376 351 302 352 299 352 298 352 376 353 319 353 486 353 319 354 302 354 486 354 299 355 302 355 319 355 187 356 304 356 303 356 305 357 465 357 178 357 178 358 306 358 307 358 465 359 306 359 178 359 459 360 521 360 307 360 306 361 459 361 307 361 521 362 308 362 307 362 308 363 186 363 307 363 186 364 187 364 307 364 282 365 92 365 241 365 303 366 179 366 311 366 304 367 179 367 303 367 311 368 312 368 313 368 313 369 312 369 419 369 313 370 233 370 315 370 313 371 235 371 233 371 233 372 464 372 315 372 233 373 236 373 464 373 236 374 95 374 464 374 235 375 25 375 236 375 25 376 95 376 236 376 313 377 25 377 235 377 315 378 314 378 305 378 305 379 314 379 316 379 273 380 315 380 305 380 273 381 305 381 282 381 273 382 234 382 315 382 236 383 234 383 273 383 275 384 313 384 315 384 275 385 315 385 234 385 275 386 234 386 235 386 275 387 311 387 313 387 240 388 273 388 282 388 236 389 275 389 235 389 317 390 240 390 282 390 156 391 311 391 275 391 156 392 303 392 311 392 3 393 303 393 156 393 317 394 282 394 281 394 237 395 3 395 156 395 169 396 317 396 281 396 171 397 317 397 169 397 254 398 3 398 237 398 318 399 317 399 171 399 319 400 169 400 281 400 319 401 168 401 169 401 232 402 254 402 237 402 320 403 318 403 171 403 320 404 171 404 168 404 320 405 168 405 319 405 2 406 254 406 232 406 2 407 232 407 159 407 12 408 2 408 159 408 299 409 319 409 281 409 253 410 2 410 12 410 284 411 299 411 281 411 253 412 12 412 321 412 152 413 299 413 284 413 284 414 153 414 152 414 323 415 153 415 284 415 325 416 253 416 321 416 176 417 323 417 284 417 164 418 325 418 322 418 162 419 164 419 322 419 162 420 322 420 324 420 174 421 249 421 173 421 166 422 325 422 164 422 176 423 173 423 323 423 272 424 249 424 174 424 272 425 174 425 176 425 326 426 166 426 162 426 326 427 162 427 324 427 326 428 325 428 166 428 271 429 272 429 176 429 293 430 253 430 326 430 326 431 253 431 325 431 365 432 328 432 327 432 350 433 345 433 125 433 124 434 333 434 334 434 332 435 333 435 124 435 334 436 333 436 335 436 335 437 400 437 52 437 333 438 400 438 335 438 450 439 52 439 351 439 335 440 52 440 450 440 0 441 223 441 193 441 193 442 223 442 352 442 352 443 223 443 506 443 127 444 336 444 347 444 347 445 336 445 492 445 337 446 338 446 346 446 346 447 338 447 228 447 495 448 494 448 508 448 508 449 494 449 339 449 496 450 500 450 498 450 498 451 500 451 502 451 341 452 504 452 340 452 504 453 507 453 340 453 225 454 342 454 224 454 224 455 342 455 343 455 344 456 334 456 348 456 124 457 334 457 344 457 51 458 50 458 0 458 194 459 51 459 0 459 514 460 51 460 194 460 514 461 194 461 43 461 44 462 506 462 224 462 354 463 44 463 224 463 42 464 514 464 43 464 42 465 335 465 449 465 42 466 334 466 335 466 42 467 449 467 514 467 44 468 354 468 513 468 39 469 225 469 504 469 39 470 513 470 225 470 39 471 44 471 513 471 41 472 345 472 42 472 507 473 501 473 39 473 502 474 501 474 507 474 40 475 39 475 501 475 356 476 40 476 501 476 512 477 41 477 40 477 512 478 40 478 493 478 508 479 356 479 498 479 228 480 493 480 40 480 228 481 40 481 495 481 346 482 347 482 512 482 350 483 349 483 42 483 350 484 42 484 345 484 344 485 348 485 349 485 350 486 344 486 349 486 52 487 509 487 351 487 52 488 51 488 509 488 192 489 353 489 44 489 192 490 44 490 43 490 192 491 193 491 352 491 353 492 192 492 352 492 355 493 513 493 354 493 505 494 355 494 354 494 355 495 505 495 343 495 355 496 343 496 342 496 340 497 503 497 341 497 499 498 497 498 356 498 496 499 499 499 500 499 496 500 497 500 499 500 357 501 40 501 356 501 517 502 357 502 356 502 339 503 357 503 517 503 494 504 357 504 339 504 511 505 512 505 493 505 337 506 511 506 338 506 41 507 331 507 345 507 41 508 358 508 331 508 41 509 512 509 358 509 336 510 331 510 358 510 492 511 336 511 358 511 360 512 384 512 105 512 46 513 360 513 102 513 361 514 103 514 45 514 45 515 384 515 360 515 46 516 45 516 360 516 226 517 359 517 477 517 392 518 226 518 477 518 47 519 435 519 359 519 510 520 435 520 47 520 49 521 361 521 45 521 49 522 387 522 361 522 226 523 392 523 101 523 47 524 46 524 510 524 329 525 49 525 48 525 363 526 329 526 48 526 229 527 371 527 362 527 364 528 229 528 362 528 366 529 396 529 365 529 475 530 333 530 332 530 29 531 230 531 229 531 114 532 366 532 365 532 33 533 557 533 332 533 424 534 527 534 33 534 367 535 424 535 33 535 32 536 367 536 33 536 368 537 31 537 30 537 370 538 300 538 367 538 370 539 367 539 32 539 552 540 445 540 369 540 552 541 368 541 445 541 552 542 31 542 368 542 370 543 32 543 31 543 552 544 370 544 31 544 486 545 227 545 376 545 298 546 362 546 302 546 364 547 109 547 229 547 424 548 301 548 527 548 329 549 443 549 49 549 538 550 488 550 121 550 325 551 321 551 488 551 325 552 488 552 538 552 486 553 302 553 484 553 372 554 362 554 371 554 372 555 555 555 362 555 555 556 372 556 486 556 484 557 555 557 486 557 423 558 300 558 301 558 399 559 557 559 33 559 373 560 399 560 33 560 375 561 364 561 362 561 374 562 375 562 362 562 485 563 375 563 374 563 118 564 485 564 529 564 118 565 375 565 485 565 426 566 376 566 427 566 525 567 376 567 426 567 395 568 377 568 330 568 397 569 123 569 377 569 397 570 377 570 395 570 378 571 387 571 49 571 385 572 378 572 49 572 117 573 436 573 437 573 117 574 437 574 556 574 22 575 436 575 117 575 251 576 436 576 22 576 226 577 427 577 227 577 425 578 427 578 226 578 393 579 380 579 379 579 119 580 393 580 379 580 380 581 381 581 379 581 483 582 383 582 482 582 483 583 481 583 383 583 480 584 481 584 483 584 483 585 384 585 45 585 480 586 483 586 45 586 382 587 550 587 476 587 386 588 378 588 385 588 386 589 478 589 378 589 429 590 361 590 387 590 430 591 429 591 387 591 553 592 238 592 388 592 389 593 238 593 553 593 390 594 389 594 553 594 359 595 554 595 477 595 391 596 554 596 359 596 120 597 428 597 394 597 391 598 394 598 554 598 391 599 120 599 394 599 393 600 119 600 392 600 393 601 392 601 477 601 390 602 510 602 46 602 389 603 390 603 46 603 189 604 328 604 191 604 189 605 327 605 328 605 519 606 327 606 189 606 537 607 327 607 519 607 122 608 537 608 519 608 421 609 396 609 366 609 422 610 421 610 366 610 330 611 329 611 363 611 395 612 363 612 396 612 395 613 330 613 363 613 399 614 473 614 403 614 399 615 403 615 518 615 398 616 473 616 399 616 536 617 398 617 399 617 536 618 399 618 373 618 188 619 401 619 400 619 188 620 400 620 333 620 191 621 328 621 401 621 188 622 191 622 401 622 518 623 403 623 448 623 402 624 518 624 448 624 448 625 403 625 474 625 262 626 404 626 468 626 405 627 470 627 406 627 470 628 404 628 406 628 232 629 231 629 96 629 567 630 232 630 96 630 259 631 232 631 567 631 96 632 231 632 27 632 159 633 27 633 231 633 259 634 261 634 232 634 232 635 261 635 159 635 159 636 97 636 27 636 261 637 467 637 159 637 159 638 467 638 97 638 26 639 27 639 183 639 28 640 185 640 27 640 27 641 185 641 183 641 314 642 408 642 407 642 563 643 71 643 72 643 71 644 563 644 565 644 71 645 565 645 80 645 72 646 561 646 563 646 287 647 72 647 73 647 287 648 561 648 72 648 407 649 409 649 285 649 408 650 409 650 407 650 460 651 80 651 309 651 411 652 410 652 460 652 411 653 460 653 309 653 309 654 310 654 411 654 25 655 410 655 24 655 24 656 411 656 464 656 410 657 411 657 24 657 411 658 310 658 464 658 309 659 80 659 565 659 523 660 455 660 412 660 523 661 457 661 455 661 455 662 457 662 413 662 457 663 82 663 413 663 433 664 82 664 560 664 413 665 82 665 433 665 412 666 524 666 523 666 524 667 412 667 414 667 180 668 414 668 179 668 180 669 524 669 414 669 418 670 222 670 415 670 415 671 222 671 416 671 418 672 84 672 222 672 413 673 433 673 434 673 434 674 452 674 455 674 434 675 455 675 413 675 85 676 86 676 461 676 453 677 417 677 86 677 453 678 86 678 85 678 463 679 418 679 415 679 418 680 463 680 454 680 312 681 463 681 419 681 312 682 454 682 463 682 83 683 287 683 73 683 83 684 73 684 74 684 420 685 75 685 68 685 288 686 420 686 68 686 538 687 121 687 421 687 538 688 421 688 422 688 427 689 425 689 426 689 428 690 489 690 394 690 489 691 381 691 380 691 428 692 240 692 489 692 240 693 317 693 489 693 489 694 317 694 381 694 488 695 321 695 397 695 397 696 321 696 123 696 429 697 551 697 479 697 430 698 551 698 429 698 79 699 417 699 452 699 79 700 452 700 434 700 86 701 417 701 79 701 71 702 79 702 434 702 80 703 79 703 71 703 293 704 296 704 295 704 296 705 293 705 271 705 296 706 87 706 38 706 271 707 176 707 87 707 271 708 87 708 296 708 87 709 431 709 38 709 432 710 153 710 526 710 153 711 323 711 526 711 552 712 293 712 370 712 293 713 552 713 271 713 214 714 217 714 213 714 215 715 216 715 217 715 215 716 217 716 214 716 52 717 400 717 53 717 400 718 365 718 53 718 365 719 396 719 53 719 53 720 396 720 54 720 396 721 363 721 54 721 54 722 48 722 50 722 363 723 48 723 54 723 209 724 211 724 210 724 212 725 211 725 209 725 9 726 8 726 65 726 64 727 10 727 9 727 8 728 66 728 65 728 70 729 10 729 64 729 8 730 7 730 66 730 70 731 69 731 10 731 69 732 11 732 10 732 7 733 67 733 66 733 6 734 67 734 7 734 11 735 69 735 5 735 6 736 68 736 67 736 69 737 63 737 5 737 5 738 63 738 6 738 6 739 63 739 68 739 433 740 198 740 197 740 433 741 197 741 434 741 433 742 560 742 198 742 560 743 199 743 198 743 560 744 65 744 199 744 219 745 65 745 560 745 65 746 77 746 199 746 199 747 77 747 197 747 197 748 77 748 434 748 434 749 77 749 71 749 71 750 78 750 72 750 77 751 78 751 71 751 78 752 73 752 72 752 67 753 195 753 78 753 78 754 74 754 73 754 195 755 74 755 78 755 67 756 75 756 195 756 67 757 68 757 75 757 553 758 435 758 510 758 390 759 553 759 510 759 436 760 368 760 30 760 436 761 30 761 29 761 437 762 436 762 29 762 229 763 437 763 29 763 556 764 437 764 229 764 274 765 273 765 240 765 491 766 479 766 551 766 104 767 383 767 481 767 444 768 438 768 443 768 478 769 386 769 110 769 438 770 386 770 443 770 386 771 438 771 110 771 438 772 491 772 110 772 438 773 439 773 491 773 491 774 439 774 479 774 479 775 439 775 104 775 104 776 439 776 383 776 482 777 383 777 440 777 383 778 441 778 440 778 441 779 383 779 439 779 476 780 441 780 442 780 490 781 441 781 550 781 550 782 441 782 476 782 441 783 490 783 440 783 239 784 442 784 441 784 123 785 443 785 377 785 321 786 444 786 443 786 321 787 443 787 123 787 276 788 444 788 321 788 18 789 19 789 21 789 441 790 16 790 15 790 439 791 16 791 441 791 439 792 20 792 16 792 441 793 15 793 274 793 439 794 21 794 20 794 439 795 18 795 21 795 439 796 17 796 18 796 14 797 439 797 438 797 14 798 17 798 439 798 14 799 13 799 17 799 444 800 14 800 438 800 276 801 12 801 14 801 276 802 14 802 444 802 367 803 300 803 423 803 485 804 298 804 529 804 436 805 445 805 368 805 436 806 251 806 445 806 404 807 270 807 181 807 406 808 404 808 181 808 262 809 264 809 404 809 264 810 270 810 404 810 407 811 285 811 316 811 285 812 242 812 316 812 278 813 182 813 158 813 402 814 447 814 557 814 557 815 518 815 402 815 401 816 365 816 400 816 401 817 328 817 365 817 402 818 448 818 447 818 448 819 475 819 447 819 127 820 331 820 336 820 331 821 127 821 345 821 350 822 125 822 124 822 344 823 350 823 124 823 451 824 509 824 514 824 451 825 514 825 449 825 451 826 351 826 509 826 451 827 450 827 351 827 208 828 204 828 205 828 208 829 205 829 206 829 207 830 208 830 206 830 83 831 74 831 75 831 75 832 420 832 83 832 519 833 189 833 190 833 191 834 190 834 189 834 191 835 188 835 190 835 418 836 94 836 472 836 418 837 308 837 94 837 418 838 311 838 308 838 418 839 312 839 311 839 84 840 418 840 453 840 454 841 312 841 418 841 452 842 453 842 418 842 452 843 418 843 472 843 417 844 453 844 452 844 94 845 566 845 472 845 412 846 455 846 452 846 472 847 412 847 452 847 566 848 412 848 472 848 186 849 412 849 566 849 179 850 414 850 412 850 179 851 412 851 186 851 311 852 179 852 186 852 456 853 219 853 560 853 82 854 457 854 456 854 82 855 456 855 560 855 458 856 456 856 457 856 304 857 187 857 23 857 523 858 23 858 559 858 523 859 304 859 23 859 180 860 304 860 523 860 458 861 523 861 559 861 524 862 180 862 523 862 457 863 523 863 458 863 466 864 181 864 458 864 405 865 406 865 466 865 184 866 466 866 458 866 185 867 466 867 184 867 183 868 185 868 184 868 256 869 184 869 458 869 98 870 184 870 256 870 98 871 99 872 184 873 559 874 256 874 458 874 23 875 256 875 559 875 99 876 182 876 184 876 158 877 182 877 99 877 406 878 181 878 466 878 458 879 181 879 289 879 458 880 289 880 456 880 243 881 93 881 471 881 460 882 243 882 471 882 25 883 313 883 459 883 25 884 459 884 243 884 25 885 243 885 460 885 79 886 460 886 471 886 410 887 25 887 460 887 80 888 460 888 79 888 93 889 462 889 471 889 461 890 86 890 79 890 415 891 416 891 461 891 415 892 461 892 79 892 471 893 415 893 79 893 462 894 415 894 471 894 462 895 463 895 415 895 521 896 463 896 462 896 419 897 463 897 521 897 313 898 419 898 521 898 309 899 565 899 563 899 81 900 309 900 563 900 464 901 310 901 309 901 464 902 309 902 81 902 464 903 81 903 306 903 315 904 464 904 306 904 314 905 465 905 564 905 314 906 315 906 465 906 409 907 314 907 564 907 563 908 409 908 564 908 561 909 409 909 563 909 408 910 314 910 409 910 91 911 81 911 564 911 182 912 278 912 184 912 278 913 258 913 184 913 184 914 258 914 265 914 259 915 567 915 268 915 567 916 26 916 268 916 268 917 26 917 184 917 26 918 183 918 184 918 184 919 265 919 268 919 466 920 260 920 469 920 185 921 97 921 466 921 466 922 97 922 260 922 185 923 28 923 97 923 97 924 467 924 260 924 467 925 261 925 260 925 468 926 466 926 469 926 468 927 470 927 466 927 470 928 405 928 466 928 564 929 81 929 563 929 333 930 116 930 190 930 190 931 116 931 519 931 116 932 122 932 519 932 188 933 333 933 190 933 473 934 116 934 474 934 398 935 116 935 473 935 116 936 475 936 474 936 474 937 475 937 448 937 403 938 473 938 474 938 112 939 421 939 121 939 112 940 396 940 421 940 396 941 112 941 395 941 112 942 397 942 395 942 366 943 114 943 422 943 114 944 538 944 422 944 114 945 327 945 537 945 114 946 365 946 327 946 46 947 102 947 389 947 102 948 238 948 389 948 102 949 382 949 476 949 102 950 360 950 382 950 477 951 107 951 393 951 107 952 380 952 393 952 107 953 554 953 394 953 107 954 477 954 554 954 359 955 106 955 391 955 391 956 106 956 120 956 388 957 435 957 553 957 106 958 435 958 388 958 387 959 111 959 430 959 111 960 551 960 430 960 111 961 378 961 478 961 111 962 387 962 378 962 103 963 429 963 479 963 103 964 361 964 429 964 45 965 103 965 480 965 103 966 481 966 480 966 105 967 483 967 482 967 105 968 384 968 483 968 360 969 105 969 382 969 105 970 550 970 382 970 118 971 364 971 375 971 109 972 364 972 118 972 229 973 117 973 556 973 229 974 109 974 117 974 49 975 443 975 385 975 385 976 443 976 386 976 377 977 329 977 330 977 443 978 329 978 377 978 484 979 362 979 555 979 302 980 362 980 484 980 362 981 485 981 374 981 362 982 298 982 485 982 301 983 424 983 423 983 33 984 536 984 373 984 33 985 527 985 536 985 376 986 227 986 427 986 371 987 486 987 372 987 115 988 116 988 398 988 115 989 122 989 116 989 487 990 538 990 114 990 487 991 114 991 537 991 113 992 112 992 121 992 488 993 113 993 121 993 113 994 397 994 112 994 113 995 488 995 397 995 108 996 489 996 380 996 108 997 380 997 107 997 108 998 107 998 394 998 489 999 108 999 394 999 442 1000 238 1000 102 1000 442 1001 102 1001 476 1001 490 1002 550 1002 105 1002 440 1003 105 1003 482 1003 104 1004 481 1004 103 1004 104 1005 103 1005 479 1005 491 1006 551 1006 111 1006 110 1007 111 1007 478 1007 449 1008 450 1008 451 1008 449 1009 335 1009 450 1009 334 1010 42 1010 349 1010 334 1011 349 1011 348 1011 512 1012 347 1012 492 1012 512 1013 492 1013 358 1013 346 1014 512 1014 511 1014 346 1015 511 1015 337 1015 493 1016 228 1016 338 1016 493 1017 338 1017 511 1017 495 1018 40 1018 357 1018 495 1019 357 1019 494 1019 498 1020 356 1020 497 1020 498 1021 497 1021 496 1021 517 1022 508 1022 339 1022 356 1023 508 1023 517 1023 501 1024 502 1024 500 1024 501 1025 500 1025 499 1025 507 1026 39 1026 503 1026 507 1027 503 1027 340 1027 39 1028 504 1028 341 1028 39 1029 341 1029 503 1029 225 1030 513 1030 355 1030 225 1031 355 1031 342 1031 354 1032 224 1032 343 1032 354 1033 343 1033 505 1033 506 1034 44 1034 353 1034 506 1035 353 1035 352 1035 51 1036 514 1036 509 1036 194 1037 192 1037 43 1037 125 1038 345 1038 127 1038 440 1039 490 1039 105 1039 110 1040 491 1040 111 1040 425 1041 226 1041 101 1041 119 1042 101 1042 392 1042 399 1043 518 1043 557 1043 356 1044 501 1044 499 1044 515 1045 0 1045 1 1045 0 1046 515 1046 516 1046 223 1047 0 1047 516 1047 521 1048 459 1048 313 1048 308 1049 311 1049 186 1049 306 1050 465 1050 315 1050 305 1051 520 1051 465 1051 520 1052 564 1052 465 1052 305 1053 242 1053 520 1053 305 1054 316 1054 242 1054 462 1055 94 1055 521 1055 521 1056 94 1056 308 1056 81 1057 243 1057 306 1057 306 1058 243 1058 459 1058 569 1059 256 1059 522 1059 98 1060 256 1060 569 1060 314 1061 407 1061 316 1061 404 1062 470 1062 468 1062 318 1063 379 1063 381 1063 317 1064 318 1064 381 1064 320 1065 319 1065 525 1065 320 1066 525 1066 426 1066 101 1067 426 1067 425 1067 320 1068 426 1068 101 1068 318 1069 320 1069 101 1069 379 1070 318 1070 101 1070 109 1071 22 1071 117 1071 249 1072 22 1072 109 1072 173 1073 249 1073 109 1073 118 1074 173 1074 109 1074 173 1075 118 1075 526 1075 323 1076 173 1076 526 1076 325 1077 538 1077 487 1077 322 1078 325 1078 487 1078 115 1079 537 1079 122 1079 324 1080 322 1080 115 1080 398 1081 324 1081 115 1081 322 1082 537 1082 115 1082 324 1083 527 1083 301 1083 326 1084 324 1084 301 1084 529 1085 152 1085 154 1085 529 1086 528 1086 152 1086 529 1087 154 1087 432 1087 100 1088 98 1088 568 1088 100 1089 99 1089 98 1089 522 1090 568 1090 98 1090 27 1091 97 1091 28 1091 96 1092 27 1092 26 1092 89 1093 88 1093 76 1093 89 1094 76 1094 177 1094 89 1095 177 1095 431 1095 87 1096 89 1096 431 1096 88 1097 530 1097 531 1097 88 1098 531 1098 76 1098 88 1099 175 1099 530 1099 175 1100 87 1100 530 1100 89 1101 87 1101 175 1101 168 1102 172 1102 286 1102 168 1103 286 1103 90 1103 168 1104 90 1104 283 1104 532 1105 168 1105 283 1105 172 1106 280 1106 533 1106 172 1107 533 1107 286 1107 280 1108 172 1108 170 1108 168 1109 532 1109 170 1109 163 1110 167 1110 297 1110 163 1111 297 1111 534 1111 163 1112 534 1112 294 1112 165 1113 163 1113 294 1113 167 1114 535 1114 297 1114 167 1115 292 1115 535 1115 165 1116 292 1116 167 1116 237 1117 277 1117 17 1117 277 1118 158 1118 17 1118 17 1119 158 1119 18 1119 18 1120 158 1120 156 1120 527 1121 398 1121 536 1121 324 1122 398 1122 527 1122 322 1123 487 1123 537 1123 12 1124 159 1124 14 1124 159 1125 231 1125 14 1125 14 1126 231 1126 13 1126 231 1127 232 1127 13 1127 20 1128 275 1128 16 1128 275 1129 236 1129 16 1129 236 1130 273 1130 16 1130 15 1131 16 1131 273 1131 142 1132 547 1132 539 1132 540 1133 539 1133 547 1133 540 1134 541 1134 539 1134 253 1135 539 1135 541 1135 545 1136 541 1136 540 1136 544 1137 145 1137 269 1137 544 1138 269 1138 549 1138 2 1139 549 1139 269 1139 143 1140 269 1140 145 1140 549 1141 542 1141 544 1141 542 1142 549 1142 255 1142 541 1143 146 1143 255 1143 545 1144 543 1144 542 1144 545 1145 542 1145 146 1145 545 1146 146 1146 541 1146 570 1147 250 1147 248 1147 570 1148 252 1148 250 1148 570 1149 248 1149 272 1149 140 1150 139 1150 147 1150 548 1151 148 1151 4 1151 256 1152 59 1152 100 1152 150 1153 151 1153 149 1153 60 1154 59 1154 136 1154 62 1155 137 1155 59 1155 133 1156 58 1156 134 1156 142 1157 247 1157 144 1157 144 1158 247 1158 143 1158 540 1159 547 1159 142 1159 545 1160 540 1160 142 1160 543 1161 142 1161 144 1161 543 1162 545 1162 142 1162 542 1163 144 1163 143 1163 542 1164 543 1164 144 1164 544 1165 143 1165 145 1165 544 1166 542 1166 143 1166 245 1167 257 1167 244 1167 247 1168 142 1168 57 1168 238 1169 442 1169 239 1169 367 1170 423 1170 424 1170 333 1171 475 1171 116 1171 475 1172 332 1172 447 1172 447 1173 332 1173 557 1173 106 1174 359 1175 435 1176 486 1177 371 1177 227 1177 47 1178 1 1178 516 1178 47 1179 516 1179 515 1179 48 1180 515 1180 50 1180 48 1181 47 1181 515 1181 1 1182 50 1183 516 1184 516 1185 50 1185 515 1185 558 1186 218 1186 446 1186 295 1187 558 1187 535 1187 269 1188 264 1188 263 1188 154 1189 153 1189 432 1189 96 1190 26 1190 567 1190 522 1191 98 1191 569 1191 568 1192 522 1192 256 1192 520 1193 91 1194 564 1195 21 1196 19 1196 20 1196 239 1197 274 1197 240 1197 239 1198 441 1198 274 1198</p>
        </triangles>
      </mesh>
    </geometry>
  </library_geometries>
  <library_visual_scenes>
    <visual_scene id="Scene" name="Scene">
      <node id="Camera_012" name="Camera.012" type="NODE">
        <matrix sid="transform">0.6859207 -0.3240135 0.6515582 7.358891 0.7276763 0.3054209 -0.6141704 -6.925791 -4.01133e-9 0.8953956 0.4452714 4.958309 0 0 0 1</matrix>
        <instance_camera url="#Camera_012-camera"/>
      </node>
      <node id="Light_009" name="Light.009" type="NODE">
        <matrix sid="transform">-0.290865 -0.7711006 0.5663931 4.076245 0.955171 -0.1998836 0.2183914 1.005454 -0.05518911 0.6045247 0.7946723 5.903862 0 0 0 1</matrix>
        <instance_light url="#Light_009-light"/>
      </node>
      <node id="Camera_011" name="Camera.011" type="NODE">
        <matrix sid="transform">0.6859207 -0.3240135 0.6515582 7.358891 0.7276763 0.3054209 -0.6141704 -6.925791 -4.01133e-9 0.8953956 0.4452714 4.958309 0 0 0 1</matrix>
        <instance_camera url="#Camera_011-camera"/>
      </node>
      <node id="Camera_010" name="Camera.010" type="NODE">
        <matrix sid="transform">0.6859207 -0.3240135 0.6515582 7.358891 0.7276763 0.3054209 -0.6141704 -6.925791 -4.01133e-9 0.8953956 0.4452714 4.958309 0 0 0 1</matrix>
        <instance_camera url="#Camera_010-camera"/>
      </node>
      <node id="Light_008" name="Light.008" type="NODE">
        <matrix sid="transform">-0.2908649 -0.7711007 0.5663932 4.076245 0.9551711 -0.1998835 0.2183914 1.005454 -0.05518913 0.6045247 0.7946723 5.903862 0 0 0 1</matrix>
        <instance_light url="#Light_008-light"/>
      </node>
      <node id="Camera_009" name="Camera.009" type="NODE">
        <matrix sid="transform">0.6859207 -0.3240135 0.6515582 7.358891 0.7276763 0.3054209 -0.6141704 -6.925791 -4.01133e-9 0.8953956 0.4452714 4.958309 0 0 0 1</matrix>
        <instance_camera url="#Camera_009-camera"/>
      </node>
      <node id="Light_007" name="Light.007" type="NODE">
        <matrix sid="transform">-0.2908649 -0.7711007 0.5663932 4.076245 0.9551711 -0.1998835 0.2183914 1.005454 -0.05518913 0.6045247 0.7946723 5.903862 0 0 0 1</matrix>
        <instance_light url="#Light_007-light"/>
      </node>
      <node id="node0" name="node0" type="NODE">
        <matrix sid="transform">1 0 0 0 0 1 0 0 0 0 1 0 0 0 0 1</matrix>
        <instance_geometry url="#Mesh001_001-mesh" name="node0">
          <bind_material>
            <technique_common>
              <instance_material symbol="Mesh001_001-material" target="#Mesh001_001-material"/>
            </technique_common>
          </bind_material>
        </instance_geometry>
      </node>
      <node id="Camera_008" name="Camera.008" type="NODE">
        <matrix sid="transform">0.6859207 -0.3240135 0.6515582 7.358891 0.7276763 0.3054209 -0.6141704 -6.925791 -4.01133e-9 0.8953956 0.4452714 4.958309 0 0 0 1</matrix>
        <instance_camera url="#Camera_008-camera"/>
      </node>
      <node id="Light_006" name="Light.006" type="NODE">
        <matrix sid="transform">-0.2908649 -0.7711007 0.5663932 4.076245 0.9551711 -0.1998835 0.2183914 1.005454 -0.05518913 0.6045247 0.7946723 5.903862 0 0 0 1</matrix>
        <instance_light url="#Light_006-light"/>
      </node>
      <node id="Camera_007" name="Camera.007" type="NODE">
        <matrix sid="transform">0.6859207 -0.3240135 0.6515582 7.358891 0.7276763 0.3054209 -0.6141704 -6.925791 -4.01133e-9 0.8953956 0.4452714 4.958309 0 0 0 1</matrix>
        <instance_camera url="#Camera_007-camera"/>
      </node>
      <node id="Light_005" name="Light.005" type="NODE">
        <matrix sid="transform">-0.290865 -0.7711006 0.5663931 4.076245 0.955171 -0.1998836 0.2183914 1.005454 -0.05518911 0.6045247 0.7946723 5.903862 0 0 0 1</matrix>
        <instance_light url="#Light_005-light"/>
      </node>
      <node id="Camera_006" name="Camera.006" type="NODE">
        <matrix sid="transform">0.6859207 -0.3240135 0.6515582 7.358891 0.7276763 0.3054209 -0.6141704 -6.925791 -4.01133e-9 0.8953956 0.4452714 4.958309 0 0 0 1</matrix>
        <instance_camera url="#Camera_006-camera"/>
      </node>
      <node id="Camera_005" name="Camera.005" type="NODE">
        <matrix sid="transform">0.6859207 -0.3240135 0.6515582 7.358891 0.7276763 0.3054209 -0.6141704 -6.925791 -4.01133e-9 0.8953956 0.4452714 4.958309 0 0 0 1</matrix>
        <instance_camera url="#Camera_005-camera"/>
      </node>
      <node id="Light_004" name="Light.004" type="NODE">
        <matrix sid="transform">-0.2908649 -0.7711007 0.5663932 4.076245 0.9551711 -0.1998835 0.2183914 1.005454 -0.05518913 0.6045247 0.7946723 5.903862 0 0 0 1</matrix>
        <instance_light url="#Light_004-light"/>
      </node>
      <node id="Light_003" name="Light.003" type="NODE">
        <matrix sid="transform">-0.2908648 -0.7711008 0.5663932 4.076245 0.9551711 -0.1998834 0.2183913 1.005454 -0.05518911 0.6045247 0.7946723 5.903862 0 0 0 1</matrix>
        <instance_light url="#Light_003-light"/>
      </node>
      <node id="Camera_004" name="Camera.004" type="NODE">
        <matrix sid="transform">0.6859207 -0.3240135 0.6515582 7.358891 0.7276763 0.3054209 -0.6141704 -6.925791 -4.01133e-9 0.8953956 0.4452714 4.958309 0 0 0 1</matrix>
        <instance_camera url="#Camera_004-camera"/>
      </node>
      <node id="Light" name="Light" type="NODE">
        <matrix sid="transform">-0.2908648 -0.7711008 0.5663932 4.076245 0.9551711 -0.1998834 0.2183913 1.005454 -0.05518911 0.6045247 0.7946723 5.903862 0 0 0 1</matrix>
        <instance_light url="#Light-light"/>
      </node>
      <node id="Camera_003" name="Camera.003" type="NODE">
        <matrix sid="transform">0.6859207 -0.3240135 0.6515582 7.358891 0.7276763 0.3054209 -0.6141704 -6.925791 -4.01133e-9 0.8953956 0.4452714 4.958309 0 0 0 1</matrix>
        <instance_camera url="#Camera_003-camera"/>
      </node>
      <node id="Light_002" name="Light.002" type="NODE">
        <matrix sid="transform">-0.2908648 -0.7711008 0.5663932 4.076245 0.9551711 -0.1998834 0.2183913 1.005454 -0.05518911 0.6045247 0.7946723 5.903862 0 0 0 1</matrix>
        <instance_light url="#Light_002-light"/>
      </node>
      <node id="Camera_002" name="Camera.002" type="NODE">
        <matrix sid="transform">0.6859207 -0.3240135 0.6515582 7.358891 0.7276763 0.3054209 -0.6141704 -6.925791 -4.01133e-9 0.8953956 0.4452714 4.958309 0 0 0 1</matrix>
        <instance_camera url="#Camera_002-camera"/>
      </node>
      <node id="Camera_001" name="Camera.001" type="NODE">
        <matrix sid="transform">0.6859207 -0.3240135 0.6515582 7.358891 0.7276763 0.3054209 -0.6141704 -6.925791 -4.01133e-9 0.8953956 0.4452714 4.958309 0 0 0 1</matrix>
        <instance_camera url="#Camera_001-camera"/>
      </node>
      <node id="Light_001" name="Light.001" type="NODE">
        <matrix sid="transform">-0.2908649 -0.7711007 0.5663932 4.076245 0.9551711 -0.1998835 0.2183914 1.005454 -0.05518913 0.6045247 0.7946723 5.903862 0 0 0 1</matrix>
        <instance_light url="#Light_001-light"/>
      </node>
      <node id="Camera" name="Camera" type="NODE">
        <matrix sid="transform">0.6859207 -0.3240135 0.6515582 7.358891 0.7276763 0.3054208 -0.6141704 -6.925791 0 0.8953956 0.4452714 4.958309 0 0 0 1</matrix>
        <instance_camera url="#Camera-camera"/>
      </node>
    </visual_scene>
  </library_visual_scenes>
  <scene>
    <instance_visual_scene url="#Scene"/>
  </scene>
</COLLADA>