[0.302s] DEBUG:colcon:Command line arguments: ['/usr/bin/colcon', 'build']
[0.303s] DEBUG:colcon:Parsed command line arguments: Namespace(log_base=None, log_level=None, verb_name='build', build_base='build', install_base='install', merge_install=False, symlink_install=False, test_result_base=None, continue_on_error=False, executor='parallel', parallel_workers=4, event_handlers=None, ignore_user_meta=False, metas=['./colcon.meta'], base_paths=['.'], packages_ignore=None, packages_ignore_regex=None, paths=None, packages_up_to=None, packages_up_to_regex=None, packages_above=None, packages_above_and_dependencies=None, packages_above_depth=None, packages_select_by_dep=None, packages_skip_by_dep=None, packages_skip_up_to=None, packages_select_build_failed=False, packages_skip_build_finished=False, packages_select_test_failures=False, packages_skip_test_passed=False, packages_select=None, packages_skip=None, packages_select_regex=None, packages_skip_regex=None, packages_start=None, packages_end=None, allow_overriding=[], cmake_args=None, cmake_target=None, cmake_target_skip_unavailable=False, cmake_clean_cache=False, cmake_clean_first=False, cmake_force_configure=False, ament_cmake_args=None, catkin_cmake_args=None, catkin_skip_building_tests=False, mixin_files=None, mixin=None, verb_parser=<colcon_mixin.mixin.mixin_argument.MixinArgumentDecorator object at 0xffff9ea631f0>, verb_extension=<colcon_core.verb.build.BuildVerb object at 0xffff9ea62bc0>, main=<bound method BuildVerb.main of <colcon_core.verb.build.BuildVerb object at 0xffff9ea62bc0>>, mixin_verb=('build',))
[0.797s] Level 1:colcon.colcon_core.package_discovery:discover_packages(colcon_meta) check parameters
[0.797s] Level 1:colcon.colcon_core.package_discovery:discover_packages(recursive) check parameters
[0.798s] Level 1:colcon.colcon_core.package_discovery:discover_packages(ignore) check parameters
[0.798s] Level 1:colcon.colcon_core.package_discovery:discover_packages(path) check parameters
[0.798s] Level 1:colcon.colcon_core.package_discovery:discover_packages(colcon_meta) discover
[0.798s] Level 1:colcon.colcon_core.package_discovery:discover_packages(recursive) discover
[0.798s] INFO:colcon.colcon_core.package_discovery:Crawling recursively for packages in '/home/autopilot/ws/restackcell'
[0.798s] Level 1:colcon.colcon_core.package_identification:_identify(.) by extensions ['ignore', 'ignore_ament_install']
[0.799s] Level 1:colcon.colcon_core.package_identification:_identify(.) by extension 'ignore'
[0.799s] Level 1:colcon.colcon_core.package_identification:_identify(.) by extension 'ignore_ament_install'
[0.799s] Level 1:colcon.colcon_core.package_identification:_identify(.) by extensions ['colcon_pkg']
[0.799s] Level 1:colcon.colcon_core.package_identification:_identify(.) by extension 'colcon_pkg'
[0.799s] Level 1:colcon.colcon_core.package_identification:_identify(.) by extensions ['colcon_meta']
[0.799s] Level 1:colcon.colcon_core.package_identification:_identify(.) by extension 'colcon_meta'
[0.800s] Level 1:colcon.colcon_core.package_identification:_identify(.) by extensions ['ros']
[0.800s] Level 1:colcon.colcon_core.package_identification:_identify(.) by extension 'ros'
[0.830s] Level 1:colcon.colcon_core.package_identification:_identify(.) by extensions ['cmake', 'python']
[0.830s] Level 1:colcon.colcon_core.package_identification:_identify(.) by extension 'cmake'
[0.831s] Level 1:colcon.colcon_core.package_identification:_identify(.) by extension 'python'
[0.831s] Level 1:colcon.colcon_core.package_identification:_identify(.) by extensions ['python_setup_py']
[0.831s] Level 1:colcon.colcon_core.package_identification:_identify(.) by extension 'python_setup_py'
[0.831s] Level 1:colcon.colcon_core.package_identification:_identify(build) by extensions ['ignore', 'ignore_ament_install']
[0.832s] Level 1:colcon.colcon_core.package_identification:_identify(build) by extension 'ignore'
[0.832s] Level 1:colcon.colcon_core.package_identification:_identify(build) ignored
[0.832s] Level 1:colcon.colcon_core.package_identification:_identify(install) by extensions ['ignore', 'ignore_ament_install']
[0.832s] Level 1:colcon.colcon_core.package_identification:_identify(install) by extension 'ignore'
[0.833s] Level 1:colcon.colcon_core.package_identification:_identify(install) ignored
[0.833s] Level 1:colcon.colcon_core.package_identification:_identify(log) by extensions ['ignore', 'ignore_ament_install']
[0.833s] Level 1:colcon.colcon_core.package_identification:_identify(log) by extension 'ignore'
[0.833s] Level 1:colcon.colcon_core.package_identification:_identify(log) ignored
[0.834s] Level 1:colcon.colcon_core.package_identification:_identify(ws_moveit2) by extensions ['ignore', 'ignore_ament_install']
[0.834s] Level 1:colcon.colcon_core.package_identification:_identify(ws_moveit2) by extension 'ignore'
[0.834s] Level 1:colcon.colcon_core.package_identification:_identify(ws_moveit2) by extension 'ignore_ament_install'
[0.834s] Level 1:colcon.colcon_core.package_identification:_identify(ws_moveit2) by extensions ['colcon_pkg']
[0.834s] Level 1:colcon.colcon_core.package_identification:_identify(ws_moveit2) by extension 'colcon_pkg'
[0.834s] Level 1:colcon.colcon_core.package_identification:_identify(ws_moveit2) by extensions ['colcon_meta']
[0.834s] Level 1:colcon.colcon_core.package_identification:_identify(ws_moveit2) by extension 'colcon_meta'
[0.835s] Level 1:colcon.colcon_core.package_identification:_identify(ws_moveit2) by extensions ['ros']
[0.835s] Level 1:colcon.colcon_core.package_identification:_identify(ws_moveit2) by extension 'ros'
[0.835s] Level 1:colcon.colcon_core.package_identification:_identify(ws_moveit2) by extensions ['cmake', 'python']
[0.835s] Level 1:colcon.colcon_core.package_identification:_identify(ws_moveit2) by extension 'cmake'
[0.835s] Level 1:colcon.colcon_core.package_identification:_identify(ws_moveit2) by extension 'python'
[0.835s] Level 1:colcon.colcon_core.package_identification:_identify(ws_moveit2) by extensions ['python_setup_py']
[0.836s] Level 1:colcon.colcon_core.package_identification:_identify(ws_moveit2) by extension 'python_setup_py'
[0.836s] Level 1:colcon.colcon_core.package_identification:_identify(ws_moveit2/build) by extensions ['ignore', 'ignore_ament_install']
[0.836s] Level 1:colcon.colcon_core.package_identification:_identify(ws_moveit2/build) by extension 'ignore'
[0.836s] Level 1:colcon.colcon_core.package_identification:_identify(ws_moveit2/build) ignored
[0.836s] Level 1:colcon.colcon_core.package_identification:_identify(ws_moveit2/install) by extensions ['ignore', 'ignore_ament_install']
[0.837s] Level 1:colcon.colcon_core.package_identification:_identify(ws_moveit2/install) by extension 'ignore'
[0.837s] Level 1:colcon.colcon_core.package_identification:_identify(ws_moveit2/install) ignored
[0.837s] Level 1:colcon.colcon_core.package_identification:_identify(ws_moveit2/log) by extensions ['ignore', 'ignore_ament_install']
[0.837s] Level 1:colcon.colcon_core.package_identification:_identify(ws_moveit2/log) by extension 'ignore'
[0.838s] Level 1:colcon.colcon_core.package_identification:_identify(ws_moveit2/log) ignored
[0.838s] Level 1:colcon.colcon_core.package_identification:_identify(ws_moveit2/src) by extensions ['ignore', 'ignore_ament_install']
[0.838s] Level 1:colcon.colcon_core.package_identification:_identify(ws_moveit2/src) by extension 'ignore'
[0.838s] Level 1:colcon.colcon_core.package_identification:_identify(ws_moveit2/src) by extension 'ignore_ament_install'
[0.838s] Level 1:colcon.colcon_core.package_identification:_identify(ws_moveit2/src) by extensions ['colcon_pkg']
[0.839s] Level 1:colcon.colcon_core.package_identification:_identify(ws_moveit2/src) by extension 'colcon_pkg'
[0.839s] Level 1:colcon.colcon_core.package_identification:_identify(ws_moveit2/src) by extensions ['colcon_meta']
[0.839s] Level 1:colcon.colcon_core.package_identification:_identify(ws_moveit2/src) by extension 'colcon_meta'
[0.839s] Level 1:colcon.colcon_core.package_identification:_identify(ws_moveit2/src) by extensions ['ros']
[0.839s] Level 1:colcon.colcon_core.package_identification:_identify(ws_moveit2/src) by extension 'ros'
[0.840s] Level 1:colcon.colcon_core.package_identification:_identify(ws_moveit2/src) by extensions ['cmake', 'python']
[0.840s] Level 1:colcon.colcon_core.package_identification:_identify(ws_moveit2/src) by extension 'cmake'
[0.840s] Level 1:colcon.colcon_core.package_identification:_identify(ws_moveit2/src) by extension 'python'
[0.840s] Level 1:colcon.colcon_core.package_identification:_identify(ws_moveit2/src) by extensions ['python_setup_py']
[0.840s] Level 1:colcon.colcon_core.package_identification:_identify(ws_moveit2/src) by extension 'python_setup_py'
[0.840s] Level 1:colcon.colcon_core.package_identification:_identify(ws_moveit2/src/grid_snapper) by extensions ['ignore', 'ignore_ament_install']
[0.841s] Level 1:colcon.colcon_core.package_identification:_identify(ws_moveit2/src/grid_snapper) by extension 'ignore'
[0.841s] Level 1:colcon.colcon_core.package_identification:_identify(ws_moveit2/src/grid_snapper) by extension 'ignore_ament_install'
[0.841s] Level 1:colcon.colcon_core.package_identification:_identify(ws_moveit2/src/grid_snapper) by extensions ['colcon_pkg']
[0.841s] Level 1:colcon.colcon_core.package_identification:_identify(ws_moveit2/src/grid_snapper) by extension 'colcon_pkg'
[0.841s] Level 1:colcon.colcon_core.package_identification:_identify(ws_moveit2/src/grid_snapper) by extensions ['colcon_meta']
[0.841s] Level 1:colcon.colcon_core.package_identification:_identify(ws_moveit2/src/grid_snapper) by extension 'colcon_meta'
[0.841s] Level 1:colcon.colcon_core.package_identification:_identify(ws_moveit2/src/grid_snapper) by extensions ['ros']
[0.842s] Level 1:colcon.colcon_core.package_identification:_identify(ws_moveit2/src/grid_snapper) by extension 'ros'
[0.849s] DEBUG:colcon.colcon_core.package_identification:Package 'ws_moveit2/src/grid_snapper' with type 'ros.ament_python' and name 'grid_snapper'
[0.849s] Level 1:colcon.colcon_core.package_identification:_identify(ws_moveit2/src/interface_opcua) by extensions ['ignore', 'ignore_ament_install']
[0.850s] Level 1:colcon.colcon_core.package_identification:_identify(ws_moveit2/src/interface_opcua) by extension 'ignore'
[0.850s] Level 1:colcon.colcon_core.package_identification:_identify(ws_moveit2/src/interface_opcua) by extension 'ignore_ament_install'
[0.850s] Level 1:colcon.colcon_core.package_identification:_identify(ws_moveit2/src/interface_opcua) by extensions ['colcon_pkg']
[0.850s] Level 1:colcon.colcon_core.package_identification:_identify(ws_moveit2/src/interface_opcua) by extension 'colcon_pkg'
[0.850s] Level 1:colcon.colcon_core.package_identification:_identify(ws_moveit2/src/interface_opcua) by extensions ['colcon_meta']
[0.850s] Level 1:colcon.colcon_core.package_identification:_identify(ws_moveit2/src/interface_opcua) by extension 'colcon_meta'
[0.850s] Level 1:colcon.colcon_core.package_identification:_identify(ws_moveit2/src/interface_opcua) by extensions ['ros']
[0.851s] Level 1:colcon.colcon_core.package_identification:_identify(ws_moveit2/src/interface_opcua) by extension 'ros'
[0.852s] DEBUG:colcon.colcon_core.package_identification:Package 'ws_moveit2/src/interface_opcua' with type 'ros.ament_python' and name 'interface_opcua'
[0.853s] Level 1:colcon.colcon_core.package_identification:_identify(ws_moveit2/src/mockup_robot) by extensions ['ignore', 'ignore_ament_install']
[0.853s] Level 1:colcon.colcon_core.package_identification:_identify(ws_moveit2/src/mockup_robot) by extension 'ignore'
[0.853s] Level 1:colcon.colcon_core.package_identification:_identify(ws_moveit2/src/mockup_robot) by extension 'ignore_ament_install'
[0.853s] Level 1:colcon.colcon_core.package_identification:_identify(ws_moveit2/src/mockup_robot) by extensions ['colcon_pkg']
[0.853s] Level 1:colcon.colcon_core.package_identification:_identify(ws_moveit2/src/mockup_robot) by extension 'colcon_pkg'
[0.854s] Level 1:colcon.colcon_core.package_identification:_identify(ws_moveit2/src/mockup_robot) by extensions ['colcon_meta']
[0.854s] Level 1:colcon.colcon_core.package_identification:_identify(ws_moveit2/src/mockup_robot) by extension 'colcon_meta'
[0.854s] Level 1:colcon.colcon_core.package_identification:_identify(ws_moveit2/src/mockup_robot) by extensions ['ros']
[0.854s] Level 1:colcon.colcon_core.package_identification:_identify(ws_moveit2/src/mockup_robot) by extension 'ros'
[0.856s] DEBUG:colcon.colcon_core.package_identification:Package 'ws_moveit2/src/mockup_robot' with type 'ros.ament_cmake' and name 'mockup_robot'
[0.856s] Level 1:colcon.colcon_core.package_identification:_identify(ws_moveit2/src/moveit_backend) by extensions ['ignore', 'ignore_ament_install']
[0.856s] Level 1:colcon.colcon_core.package_identification:_identify(ws_moveit2/src/moveit_backend) by extension 'ignore'
[0.856s] Level 1:colcon.colcon_core.package_identification:_identify(ws_moveit2/src/moveit_backend) by extension 'ignore_ament_install'
[0.857s] Level 1:colcon.colcon_core.package_identification:_identify(ws_moveit2/src/moveit_backend) by extensions ['colcon_pkg']
[0.857s] Level 1:colcon.colcon_core.package_identification:_identify(ws_moveit2/src/moveit_backend) by extension 'colcon_pkg'
[0.857s] Level 1:colcon.colcon_core.package_identification:_identify(ws_moveit2/src/moveit_backend) by extensions ['colcon_meta']
[0.857s] Level 1:colcon.colcon_core.package_identification:_identify(ws_moveit2/src/moveit_backend) by extension 'colcon_meta'
[0.857s] Level 1:colcon.colcon_core.package_identification:_identify(ws_moveit2/src/moveit_backend) by extensions ['ros']
[0.857s] Level 1:colcon.colcon_core.package_identification:_identify(ws_moveit2/src/moveit_backend) by extension 'ros'
[0.859s] DEBUG:colcon.colcon_core.package_identification:Package 'ws_moveit2/src/moveit_backend' with type 'ros.ament_cmake' and name 'moveit_backend'
[0.860s] Level 1:colcon.colcon_core.package_identification:_identify(ws_moveit2/src/opcua-asyncio) by extensions ['ignore', 'ignore_ament_install']
[0.860s] Level 1:colcon.colcon_core.package_identification:_identify(ws_moveit2/src/opcua-asyncio) by extension 'ignore'
[0.860s] Level 1:colcon.colcon_core.package_identification:_identify(ws_moveit2/src/opcua-asyncio) by extension 'ignore_ament_install'
[0.860s] Level 1:colcon.colcon_core.package_identification:_identify(ws_moveit2/src/opcua-asyncio) by extensions ['colcon_pkg']
[0.860s] Level 1:colcon.colcon_core.package_identification:_identify(ws_moveit2/src/opcua-asyncio) by extension 'colcon_pkg'
[0.860s] Level 1:colcon.colcon_core.package_identification:_identify(ws_moveit2/src/opcua-asyncio) by extensions ['colcon_meta']
[0.860s] Level 1:colcon.colcon_core.package_identification:_identify(ws_moveit2/src/opcua-asyncio) by extension 'colcon_meta'
[0.861s] Level 1:colcon.colcon_core.package_identification:_identify(ws_moveit2/src/opcua-asyncio) by extensions ['ros']
[0.861s] Level 1:colcon.colcon_core.package_identification:_identify(ws_moveit2/src/opcua-asyncio) by extension 'ros'
[0.861s] Level 1:colcon.colcon_core.package_identification:_identify(ws_moveit2/src/opcua-asyncio) by extensions ['cmake', 'python']
[0.861s] Level 1:colcon.colcon_core.package_identification:_identify(ws_moveit2/src/opcua-asyncio) by extension 'cmake'
[0.861s] Level 1:colcon.colcon_core.package_identification:_identify(ws_moveit2/src/opcua-asyncio) by extension 'python'
[0.861s] Level 1:colcon.colcon_core.package_identification:_identify(ws_moveit2/src/opcua-asyncio) by extensions ['python_setup_py']
[0.862s] Level 1:colcon.colcon_core.package_identification:_identify(ws_moveit2/src/opcua-asyncio) by extension 'python_setup_py'
[0.862s] Level 1:colcon.colcon_core.package_identification:_identify(ws_moveit2/src/opcua_client) by extensions ['ignore', 'ignore_ament_install']
[0.862s] Level 1:colcon.colcon_core.package_identification:_identify(ws_moveit2/src/opcua_client) by extension 'ignore'
[0.862s] Level 1:colcon.colcon_core.package_identification:_identify(ws_moveit2/src/opcua_client) by extension 'ignore_ament_install'
[0.862s] Level 1:colcon.colcon_core.package_identification:_identify(ws_moveit2/src/opcua_client) by extensions ['colcon_pkg']
[0.863s] Level 1:colcon.colcon_core.package_identification:_identify(ws_moveit2/src/opcua_client) by extension 'colcon_pkg'
[0.863s] Level 1:colcon.colcon_core.package_identification:_identify(ws_moveit2/src/opcua_client) by extensions ['colcon_meta']
[0.863s] Level 1:colcon.colcon_core.package_identification:_identify(ws_moveit2/src/opcua_client) by extension 'colcon_meta'
[0.863s] Level 1:colcon.colcon_core.package_identification:_identify(ws_moveit2/src/opcua_client) by extensions ['ros']
[0.863s] Level 1:colcon.colcon_core.package_identification:_identify(ws_moveit2/src/opcua_client) by extension 'ros'
[0.865s] DEBUG:colcon.colcon_core.package_identification:Package 'ws_moveit2/src/opcua_client' with type 'ros.ament_python' and name 'opcua_client'
[0.866s] Level 1:colcon.colcon_core.package_identification:_identify(ws_moveit2/src/opcua_interfaces) by extensions ['ignore', 'ignore_ament_install']
[0.866s] Level 1:colcon.colcon_core.package_identification:_identify(ws_moveit2/src/opcua_interfaces) by extension 'ignore'
[0.866s] Level 1:colcon.colcon_core.package_identification:_identify(ws_moveit2/src/opcua_interfaces) by extension 'ignore_ament_install'
[0.866s] Level 1:colcon.colcon_core.package_identification:_identify(ws_moveit2/src/opcua_interfaces) by extensions ['colcon_pkg']
[0.866s] Level 1:colcon.colcon_core.package_identification:_identify(ws_moveit2/src/opcua_interfaces) by extension 'colcon_pkg'
[0.866s] Level 1:colcon.colcon_core.package_identification:_identify(ws_moveit2/src/opcua_interfaces) by extensions ['colcon_meta']
[0.867s] Level 1:colcon.colcon_core.package_identification:_identify(ws_moveit2/src/opcua_interfaces) by extension 'colcon_meta'
[0.867s] Level 1:colcon.colcon_core.package_identification:_identify(ws_moveit2/src/opcua_interfaces) by extensions ['ros']
[0.867s] Level 1:colcon.colcon_core.package_identification:_identify(ws_moveit2/src/opcua_interfaces) by extension 'ros'
[0.868s] DEBUG:colcon.colcon_core.package_identification:Package 'ws_moveit2/src/opcua_interfaces' with type 'ros.ament_cmake' and name 'opcua_interfaces'
[0.868s] Level 1:colcon.colcon_core.package_identification:_identify(ws_moveit2/src/pcl_segmentation) by extensions ['ignore', 'ignore_ament_install']
[0.869s] Level 1:colcon.colcon_core.package_identification:_identify(ws_moveit2/src/pcl_segmentation) by extension 'ignore'
[0.869s] Level 1:colcon.colcon_core.package_identification:_identify(ws_moveit2/src/pcl_segmentation) by extension 'ignore_ament_install'
[0.869s] Level 1:colcon.colcon_core.package_identification:_identify(ws_moveit2/src/pcl_segmentation) by extensions ['colcon_pkg']
[0.869s] Level 1:colcon.colcon_core.package_identification:_identify(ws_moveit2/src/pcl_segmentation) by extension 'colcon_pkg'
[0.869s] Level 1:colcon.colcon_core.package_identification:_identify(ws_moveit2/src/pcl_segmentation) by extensions ['colcon_meta']
[0.869s] Level 1:colcon.colcon_core.package_identification:_identify(ws_moveit2/src/pcl_segmentation) by extension 'colcon_meta'
[0.870s] Level 1:colcon.colcon_core.package_identification:_identify(ws_moveit2/src/pcl_segmentation) by extensions ['ros']
[0.870s] Level 1:colcon.colcon_core.package_identification:_identify(ws_moveit2/src/pcl_segmentation) by extension 'ros'
[0.871s] DEBUG:colcon.colcon_core.package_identification:Package 'ws_moveit2/src/pcl_segmentation' with type 'ros.ament_cmake' and name 'pcl_segmentation'
[0.872s] Level 1:colcon.colcon_core.package_identification:_identify(ws_moveit2/src/robo_planner) by extensions ['ignore', 'ignore_ament_install']
[0.872s] Level 1:colcon.colcon_core.package_identification:_identify(ws_moveit2/src/robo_planner) by extension 'ignore'
[0.872s] Level 1:colcon.colcon_core.package_identification:_identify(ws_moveit2/src/robo_planner) by extension 'ignore_ament_install'
[0.872s] Level 1:colcon.colcon_core.package_identification:_identify(ws_moveit2/src/robo_planner) by extensions ['colcon_pkg']
[0.872s] Level 1:colcon.colcon_core.package_identification:_identify(ws_moveit2/src/robo_planner) by extension 'colcon_pkg'
[0.872s] Level 1:colcon.colcon_core.package_identification:_identify(ws_moveit2/src/robo_planner) by extensions ['colcon_meta']
[0.872s] Level 1:colcon.colcon_core.package_identification:_identify(ws_moveit2/src/robo_planner) by extension 'colcon_meta'
[0.873s] Level 1:colcon.colcon_core.package_identification:_identify(ws_moveit2/src/robo_planner) by extensions ['ros']
[0.873s] Level 1:colcon.colcon_core.package_identification:_identify(ws_moveit2/src/robo_planner) by extension 'ros'
[0.875s] DEBUG:colcon.colcon_core.package_identification:Package 'ws_moveit2/src/robo_planner' with type 'ros.ament_cmake' and name 'robo_planner'
[0.876s] Level 1:colcon.colcon_core.package_identification:_identify(ws_moveit2/src/robo_planner_msgs) by extensions ['ignore', 'ignore_ament_install']
[0.876s] Level 1:colcon.colcon_core.package_identification:_identify(ws_moveit2/src/robo_planner_msgs) by extension 'ignore'
[0.876s] Level 1:colcon.colcon_core.package_identification:_identify(ws_moveit2/src/robo_planner_msgs) by extension 'ignore_ament_install'
[0.876s] Level 1:colcon.colcon_core.package_identification:_identify(ws_moveit2/src/robo_planner_msgs) by extensions ['colcon_pkg']
[0.876s] Level 1:colcon.colcon_core.package_identification:_identify(ws_moveit2/src/robo_planner_msgs) by extension 'colcon_pkg'
[0.877s] Level 1:colcon.colcon_core.package_identification:_identify(ws_moveit2/src/robo_planner_msgs) by extensions ['colcon_meta']
[0.877s] Level 1:colcon.colcon_core.package_identification:_identify(ws_moveit2/src/robo_planner_msgs) by extension 'colcon_meta'
[0.877s] Level 1:colcon.colcon_core.package_identification:_identify(ws_moveit2/src/robo_planner_msgs) by extensions ['ros']
[0.877s] Level 1:colcon.colcon_core.package_identification:_identify(ws_moveit2/src/robo_planner_msgs) by extension 'ros'
[0.878s] DEBUG:colcon.colcon_core.package_identification:Package 'ws_moveit2/src/robo_planner_msgs' with type 'ros.catkin' and name 'robo_planner_msgs'
[0.879s] Level 1:colcon.colcon_core.package_identification:_identify(ws_moveit2/src/robo_planner_py) by extensions ['ignore', 'ignore_ament_install']
[0.879s] Level 1:colcon.colcon_core.package_identification:_identify(ws_moveit2/src/robo_planner_py) by extension 'ignore'
[0.879s] Level 1:colcon.colcon_core.package_identification:_identify(ws_moveit2/src/robo_planner_py) by extension 'ignore_ament_install'
[0.879s] Level 1:colcon.colcon_core.package_identification:_identify(ws_moveit2/src/robo_planner_py) by extensions ['colcon_pkg']
[0.880s] Level 1:colcon.colcon_core.package_identification:_identify(ws_moveit2/src/robo_planner_py) by extension 'colcon_pkg'
[0.880s] Level 1:colcon.colcon_core.package_identification:_identify(ws_moveit2/src/robo_planner_py) by extensions ['colcon_meta']
[0.880s] Level 1:colcon.colcon_core.package_identification:_identify(ws_moveit2/src/robo_planner_py) by extension 'colcon_meta'
[0.880s] Level 1:colcon.colcon_core.package_identification:_identify(ws_moveit2/src/robo_planner_py) by extensions ['ros']
[0.880s] Level 1:colcon.colcon_core.package_identification:_identify(ws_moveit2/src/robo_planner_py) by extension 'ros'
[0.881s] DEBUG:colcon.colcon_core.package_identification:Package 'ws_moveit2/src/robo_planner_py' with type 'ros.ament_python' and name 'robo_planner_py'
[0.882s] Level 1:colcon.colcon_core.package_identification:_identify(ws_moveit2/src/tof_detection_module) by extensions ['ignore', 'ignore_ament_install']
[0.882s] Level 1:colcon.colcon_core.package_identification:_identify(ws_moveit2/src/tof_detection_module) by extension 'ignore'
[0.882s] Level 1:colcon.colcon_core.package_identification:_identify(ws_moveit2/src/tof_detection_module) by extension 'ignore_ament_install'
[0.882s] Level 1:colcon.colcon_core.package_identification:_identify(ws_moveit2/src/tof_detection_module) by extensions ['colcon_pkg']
[0.883s] Level 1:colcon.colcon_core.package_identification:_identify(ws_moveit2/src/tof_detection_module) by extension 'colcon_pkg'
[0.883s] Level 1:colcon.colcon_core.package_identification:_identify(ws_moveit2/src/tof_detection_module) by extensions ['colcon_meta']
[0.883s] Level 1:colcon.colcon_core.package_identification:_identify(ws_moveit2/src/tof_detection_module) by extension 'colcon_meta'
[0.883s] Level 1:colcon.colcon_core.package_identification:_identify(ws_moveit2/src/tof_detection_module) by extensions ['ros']
[0.883s] Level 1:colcon.colcon_core.package_identification:_identify(ws_moveit2/src/tof_detection_module) by extension 'ros'
[0.883s] Level 1:colcon.colcon_core.package_identification:_identify(ws_moveit2/src/tof_detection_module) by extensions ['cmake', 'python']
[0.883s] Level 1:colcon.colcon_core.package_identification:_identify(ws_moveit2/src/tof_detection_module) by extension 'cmake'
[0.884s] Level 1:colcon.colcon_core.package_identification:_identify(ws_moveit2/src/tof_detection_module) by extension 'python'
[0.884s] Level 1:colcon.colcon_core.package_identification:_identify(ws_moveit2/src/tof_detection_module) by extensions ['python_setup_py']
[0.884s] Level 1:colcon.colcon_core.package_identification:_identify(ws_moveit2/src/tof_detection_module) by extension 'python_setup_py'
[0.884s] Level 1:colcon.colcon_core.package_identification:_identify(ws_moveit2/src/ur_pilz) by extensions ['ignore', 'ignore_ament_install']
[0.885s] Level 1:colcon.colcon_core.package_identification:_identify(ws_moveit2/src/ur_pilz) by extension 'ignore'
[0.885s] Level 1:colcon.colcon_core.package_identification:_identify(ws_moveit2/src/ur_pilz) by extension 'ignore_ament_install'
[0.885s] Level 1:colcon.colcon_core.package_identification:_identify(ws_moveit2/src/ur_pilz) by extensions ['colcon_pkg']
[0.885s] Level 1:colcon.colcon_core.package_identification:_identify(ws_moveit2/src/ur_pilz) by extension 'colcon_pkg'
[0.885s] Level 1:colcon.colcon_core.package_identification:_identify(ws_moveit2/src/ur_pilz) by extensions ['colcon_meta']
[0.885s] Level 1:colcon.colcon_core.package_identification:_identify(ws_moveit2/src/ur_pilz) by extension 'colcon_meta'
[0.885s] Level 1:colcon.colcon_core.package_identification:_identify(ws_moveit2/src/ur_pilz) by extensions ['ros']
[0.886s] Level 1:colcon.colcon_core.package_identification:_identify(ws_moveit2/src/ur_pilz) by extension 'ros'
[0.888s] DEBUG:colcon.colcon_core.package_identification:Package 'ws_moveit2/src/ur_pilz' with type 'ros.ament_cmake' and name 'ur_pilz'
[0.888s] Level 1:colcon.colcon_core.package_identification:_identify(ws_moveit2/src/wzlscheduler_interfaces) by extensions ['ignore', 'ignore_ament_install']
[0.888s] Level 1:colcon.colcon_core.package_identification:_identify(ws_moveit2/src/wzlscheduler_interfaces) by extension 'ignore'
[0.888s] Level 1:colcon.colcon_core.package_identification:_identify(ws_moveit2/src/wzlscheduler_interfaces) by extension 'ignore_ament_install'
[0.888s] Level 1:colcon.colcon_core.package_identification:_identify(ws_moveit2/src/wzlscheduler_interfaces) by extensions ['colcon_pkg']
[0.889s] Level 1:colcon.colcon_core.package_identification:_identify(ws_moveit2/src/wzlscheduler_interfaces) by extension 'colcon_pkg'
[0.889s] Level 1:colcon.colcon_core.package_identification:_identify(ws_moveit2/src/wzlscheduler_interfaces) by extensions ['colcon_meta']
[0.889s] Level 1:colcon.colcon_core.package_identification:_identify(ws_moveit2/src/wzlscheduler_interfaces) by extension 'colcon_meta'
[0.889s] Level 1:colcon.colcon_core.package_identification:_identify(ws_moveit2/src/wzlscheduler_interfaces) by extensions ['ros']
[0.889s] Level 1:colcon.colcon_core.package_identification:_identify(ws_moveit2/src/wzlscheduler_interfaces) by extension 'ros'
[0.891s] DEBUG:colcon.colcon_core.package_identification:Package 'ws_moveit2/src/wzlscheduler_interfaces' with type 'ros.catkin' and name 'wzlscheduler_interfaces'
[0.891s] Level 1:colcon.colcon_core.package_discovery:discover_packages(recursive) using defaults
[0.891s] Level 1:colcon.colcon_core.package_discovery:discover_packages(ignore) discover
[0.892s] Level 1:colcon.colcon_core.package_discovery:discover_packages(ignore) using defaults
[0.892s] Level 1:colcon.colcon_core.package_discovery:discover_packages(path) discover
[0.892s] Level 1:colcon.colcon_core.package_discovery:discover_packages(path) using defaults
[0.987s] Level 1:colcon.colcon_core.package_discovery:discover_packages(prefix_path) check parameters
[0.987s] Level 1:colcon.colcon_core.package_discovery:discover_packages(prefix_path) discover
[0.995s] DEBUG:colcon.colcon_installed_package_information.package_discovery:Found 343 installed packages in /opt/ros/humble
[0.999s] Level 1:colcon.colcon_core.package_discovery:discover_packages(prefix_path) using defaults
[1.130s] Level 5:colcon.colcon_core.verb:set package 'interface_opcua' build argument 'cmake_args' from command line to 'None'
[1.131s] Level 5:colcon.colcon_core.verb:set package 'interface_opcua' build argument 'cmake_target' from command line to 'None'
[1.131s] Level 5:colcon.colcon_core.verb:set package 'interface_opcua' build argument 'cmake_target_skip_unavailable' from command line to 'False'
[1.131s] Level 5:colcon.colcon_core.verb:set package 'interface_opcua' build argument 'cmake_clean_cache' from command line to 'False'
[1.131s] Level 5:colcon.colcon_core.verb:set package 'interface_opcua' build argument 'cmake_clean_first' from command line to 'False'
[1.131s] Level 5:colcon.colcon_core.verb:set package 'interface_opcua' build argument 'cmake_force_configure' from command line to 'False'
[1.131s] Level 5:colcon.colcon_core.verb:set package 'interface_opcua' build argument 'ament_cmake_args' from command line to 'None'
[1.131s] Level 5:colcon.colcon_core.verb:set package 'interface_opcua' build argument 'catkin_cmake_args' from command line to 'None'
[1.131s] Level 5:colcon.colcon_core.verb:set package 'interface_opcua' build argument 'catkin_skip_building_tests' from command line to 'False'
[1.132s] DEBUG:colcon.colcon_core.verb:Building package 'interface_opcua' with the following arguments: {'ament_cmake_args': None, 'build_base': '/home/autopilot/ws/restackcell/build/interface_opcua', 'catkin_cmake_args': None, 'catkin_skip_building_tests': False, 'cmake_args': None, 'cmake_clean_cache': False, 'cmake_clean_first': False, 'cmake_force_configure': False, 'cmake_target': None, 'cmake_target_skip_unavailable': False, 'install_base': '/home/autopilot/ws/restackcell/install/interface_opcua', 'merge_install': False, 'path': '/home/autopilot/ws/restackcell/ws_moveit2/src/interface_opcua', 'symlink_install': False, 'test_result_base': None}
[1.132s] Level 5:colcon.colcon_core.verb:set package 'opcua_interfaces' build argument 'cmake_args' from command line to 'None'
[1.132s] Level 5:colcon.colcon_core.verb:set package 'opcua_interfaces' build argument 'cmake_target' from command line to 'None'
[1.133s] Level 5:colcon.colcon_core.verb:set package 'opcua_interfaces' build argument 'cmake_target_skip_unavailable' from command line to 'False'
[1.133s] Level 5:colcon.colcon_core.verb:set package 'opcua_interfaces' build argument 'cmake_clean_cache' from command line to 'False'
[1.133s] Level 5:colcon.colcon_core.verb:set package 'opcua_interfaces' build argument 'cmake_clean_first' from command line to 'False'
[1.133s] Level 5:colcon.colcon_core.verb:set package 'opcua_interfaces' build argument 'cmake_force_configure' from command line to 'False'
[1.133s] Level 5:colcon.colcon_core.verb:set package 'opcua_interfaces' build argument 'ament_cmake_args' from command line to 'None'
[1.133s] Level 5:colcon.colcon_core.verb:set package 'opcua_interfaces' build argument 'catkin_cmake_args' from command line to 'None'
[1.133s] Level 5:colcon.colcon_core.verb:set package 'opcua_interfaces' build argument 'catkin_skip_building_tests' from command line to 'False'
[1.133s] DEBUG:colcon.colcon_core.verb:Building package 'opcua_interfaces' with the following arguments: {'ament_cmake_args': None, 'build_base': '/home/autopilot/ws/restackcell/build/opcua_interfaces', 'catkin_cmake_args': None, 'catkin_skip_building_tests': False, 'cmake_args': None, 'cmake_clean_cache': False, 'cmake_clean_first': False, 'cmake_force_configure': False, 'cmake_target': None, 'cmake_target_skip_unavailable': False, 'install_base': '/home/autopilot/ws/restackcell/install/opcua_interfaces', 'merge_install': False, 'path': '/home/autopilot/ws/restackcell/ws_moveit2/src/opcua_interfaces', 'symlink_install': False, 'test_result_base': None}
[1.134s] Level 5:colcon.colcon_core.verb:set package 'robo_planner_msgs' build argument 'cmake_args' from command line to 'None'
[1.134s] Level 5:colcon.colcon_core.verb:set package 'robo_planner_msgs' build argument 'cmake_target' from command line to 'None'
[1.134s] Level 5:colcon.colcon_core.verb:set package 'robo_planner_msgs' build argument 'cmake_target_skip_unavailable' from command line to 'False'
[1.134s] Level 5:colcon.colcon_core.verb:set package 'robo_planner_msgs' build argument 'cmake_clean_cache' from command line to 'False'
[1.134s] Level 5:colcon.colcon_core.verb:set package 'robo_planner_msgs' build argument 'cmake_clean_first' from command line to 'False'
[1.134s] Level 5:colcon.colcon_core.verb:set package 'robo_planner_msgs' build argument 'cmake_force_configure' from command line to 'False'
[1.134s] Level 5:colcon.colcon_core.verb:set package 'robo_planner_msgs' build argument 'ament_cmake_args' from command line to 'None'
[1.135s] Level 5:colcon.colcon_core.verb:set package 'robo_planner_msgs' build argument 'catkin_cmake_args' from command line to 'None'
[1.135s] Level 5:colcon.colcon_core.verb:set package 'robo_planner_msgs' build argument 'catkin_skip_building_tests' from command line to 'False'
[1.135s] DEBUG:colcon.colcon_core.verb:Building package 'robo_planner_msgs' with the following arguments: {'ament_cmake_args': None, 'build_base': '/home/autopilot/ws/restackcell/build/robo_planner_msgs', 'catkin_cmake_args': None, 'catkin_skip_building_tests': False, 'cmake_args': None, 'cmake_clean_cache': False, 'cmake_clean_first': False, 'cmake_force_configure': False, 'cmake_target': None, 'cmake_target_skip_unavailable': False, 'install_base': '/home/autopilot/ws/restackcell/install/robo_planner_msgs', 'merge_install': False, 'path': '/home/autopilot/ws/restackcell/ws_moveit2/src/robo_planner_msgs', 'symlink_install': False, 'test_result_base': None}
[1.136s] Level 5:colcon.colcon_core.verb:set package 'ur_pilz' build argument 'cmake_args' from command line to 'None'
[1.136s] Level 5:colcon.colcon_core.verb:set package 'ur_pilz' build argument 'cmake_target' from command line to 'None'
[1.136s] Level 5:colcon.colcon_core.verb:set package 'ur_pilz' build argument 'cmake_target_skip_unavailable' from command line to 'False'
[1.136s] Level 5:colcon.colcon_core.verb:set package 'ur_pilz' build argument 'cmake_clean_cache' from command line to 'False'
[1.136s] Level 5:colcon.colcon_core.verb:set package 'ur_pilz' build argument 'cmake_clean_first' from command line to 'False'
[1.136s] Level 5:colcon.colcon_core.verb:set package 'ur_pilz' build argument 'cmake_force_configure' from command line to 'False'
[1.136s] Level 5:colcon.colcon_core.verb:set package 'ur_pilz' build argument 'ament_cmake_args' from command line to 'None'
[1.136s] Level 5:colcon.colcon_core.verb:set package 'ur_pilz' build argument 'catkin_cmake_args' from command line to 'None'
[1.136s] Level 5:colcon.colcon_core.verb:set package 'ur_pilz' build argument 'catkin_skip_building_tests' from command line to 'False'
[1.136s] DEBUG:colcon.colcon_core.verb:Building package 'ur_pilz' with the following arguments: {'ament_cmake_args': None, 'build_base': '/home/autopilot/ws/restackcell/build/ur_pilz', 'catkin_cmake_args': None, 'catkin_skip_building_tests': False, 'cmake_args': None, 'cmake_clean_cache': False, 'cmake_clean_first': False, 'cmake_force_configure': False, 'cmake_target': None, 'cmake_target_skip_unavailable': False, 'install_base': '/home/autopilot/ws/restackcell/install/ur_pilz', 'merge_install': False, 'path': '/home/autopilot/ws/restackcell/ws_moveit2/src/ur_pilz', 'symlink_install': False, 'test_result_base': None}
[1.137s] Level 5:colcon.colcon_core.verb:set package 'wzlscheduler_interfaces' build argument 'cmake_args' from command line to 'None'
[1.137s] Level 5:colcon.colcon_core.verb:set package 'wzlscheduler_interfaces' build argument 'cmake_target' from command line to 'None'
[1.137s] Level 5:colcon.colcon_core.verb:set package 'wzlscheduler_interfaces' build argument 'cmake_target_skip_unavailable' from command line to 'False'
[1.138s] Level 5:colcon.colcon_core.verb:set package 'wzlscheduler_interfaces' build argument 'cmake_clean_cache' from command line to 'False'
[1.138s] Level 5:colcon.colcon_core.verb:set package 'wzlscheduler_interfaces' build argument 'cmake_clean_first' from command line to 'False'
[1.138s] Level 5:colcon.colcon_core.verb:set package 'wzlscheduler_interfaces' build argument 'cmake_force_configure' from command line to 'False'
[1.138s] Level 5:colcon.colcon_core.verb:set package 'wzlscheduler_interfaces' build argument 'ament_cmake_args' from command line to 'None'
[1.138s] Level 5:colcon.colcon_core.verb:set package 'wzlscheduler_interfaces' build argument 'catkin_cmake_args' from command line to 'None'
[1.138s] Level 5:colcon.colcon_core.verb:set package 'wzlscheduler_interfaces' build argument 'catkin_skip_building_tests' from command line to 'False'
[1.138s] DEBUG:colcon.colcon_core.verb:Building package 'wzlscheduler_interfaces' with the following arguments: {'ament_cmake_args': None, 'build_base': '/home/autopilot/ws/restackcell/build/wzlscheduler_interfaces', 'catkin_cmake_args': None, 'catkin_skip_building_tests': False, 'cmake_args': None, 'cmake_clean_cache': False, 'cmake_clean_first': False, 'cmake_force_configure': False, 'cmake_target': None, 'cmake_target_skip_unavailable': False, 'install_base': '/home/autopilot/ws/restackcell/install/wzlscheduler_interfaces', 'merge_install': False, 'path': '/home/autopilot/ws/restackcell/ws_moveit2/src/wzlscheduler_interfaces', 'symlink_install': False, 'test_result_base': None}
[1.139s] Level 5:colcon.colcon_core.verb:set package 'grid_snapper' build argument 'cmake_args' from command line to 'None'
[1.139s] Level 5:colcon.colcon_core.verb:set package 'grid_snapper' build argument 'cmake_target' from command line to 'None'
[1.139s] Level 5:colcon.colcon_core.verb:set package 'grid_snapper' build argument 'cmake_target_skip_unavailable' from command line to 'False'
[1.139s] Level 5:colcon.colcon_core.verb:set package 'grid_snapper' build argument 'cmake_clean_cache' from command line to 'False'
[1.139s] Level 5:colcon.colcon_core.verb:set package 'grid_snapper' build argument 'cmake_clean_first' from command line to 'False'
[1.139s] Level 5:colcon.colcon_core.verb:set package 'grid_snapper' build argument 'cmake_force_configure' from command line to 'False'
[1.139s] Level 5:colcon.colcon_core.verb:set package 'grid_snapper' build argument 'ament_cmake_args' from command line to 'None'
[1.140s] Level 5:colcon.colcon_core.verb:set package 'grid_snapper' build argument 'catkin_cmake_args' from command line to 'None'
[1.140s] Level 5:colcon.colcon_core.verb:set package 'grid_snapper' build argument 'catkin_skip_building_tests' from command line to 'False'
[1.140s] DEBUG:colcon.colcon_core.verb:Building package 'grid_snapper' with the following arguments: {'ament_cmake_args': None, 'build_base': '/home/autopilot/ws/restackcell/build/grid_snapper', 'catkin_cmake_args': None, 'catkin_skip_building_tests': False, 'cmake_args': None, 'cmake_clean_cache': False, 'cmake_clean_first': False, 'cmake_force_configure': False, 'cmake_target': None, 'cmake_target_skip_unavailable': False, 'install_base': '/home/autopilot/ws/restackcell/install/grid_snapper', 'merge_install': False, 'path': '/home/autopilot/ws/restackcell/ws_moveit2/src/grid_snapper', 'symlink_install': False, 'test_result_base': None}
[1.141s] Level 5:colcon.colcon_core.verb:set package 'mockup_robot' build argument 'cmake_args' from command line to 'None'
[1.141s] Level 5:colcon.colcon_core.verb:set package 'mockup_robot' build argument 'cmake_target' from command line to 'None'
[1.141s] Level 5:colcon.colcon_core.verb:set package 'mockup_robot' build argument 'cmake_target_skip_unavailable' from command line to 'False'
[1.141s] Level 5:colcon.colcon_core.verb:set package 'mockup_robot' build argument 'cmake_clean_cache' from command line to 'False'
[1.141s] Level 5:colcon.colcon_core.verb:set package 'mockup_robot' build argument 'cmake_clean_first' from command line to 'False'
[1.141s] Level 5:colcon.colcon_core.verb:set package 'mockup_robot' build argument 'cmake_force_configure' from command line to 'False'
[1.141s] Level 5:colcon.colcon_core.verb:set package 'mockup_robot' build argument 'ament_cmake_args' from command line to 'None'
[1.141s] Level 5:colcon.colcon_core.verb:set package 'mockup_robot' build argument 'catkin_cmake_args' from command line to 'None'
[1.141s] Level 5:colcon.colcon_core.verb:set package 'mockup_robot' build argument 'catkin_skip_building_tests' from command line to 'False'
[1.141s] DEBUG:colcon.colcon_core.verb:Building package 'mockup_robot' with the following arguments: {'ament_cmake_args': None, 'build_base': '/home/autopilot/ws/restackcell/build/mockup_robot', 'catkin_cmake_args': None, 'catkin_skip_building_tests': False, 'cmake_args': None, 'cmake_clean_cache': False, 'cmake_clean_first': False, 'cmake_force_configure': False, 'cmake_target': None, 'cmake_target_skip_unavailable': False, 'install_base': '/home/autopilot/ws/restackcell/install/mockup_robot', 'merge_install': False, 'path': '/home/autopilot/ws/restackcell/ws_moveit2/src/mockup_robot', 'symlink_install': False, 'test_result_base': None}
[1.142s] Level 5:colcon.colcon_core.verb:set package 'moveit_backend' build argument 'cmake_args' from command line to 'None'
[1.143s] Level 5:colcon.colcon_core.verb:set package 'moveit_backend' build argument 'cmake_target' from command line to 'None'
[1.143s] Level 5:colcon.colcon_core.verb:set package 'moveit_backend' build argument 'cmake_target_skip_unavailable' from command line to 'False'
[1.143s] Level 5:colcon.colcon_core.verb:set package 'moveit_backend' build argument 'cmake_clean_cache' from command line to 'False'
[1.143s] Level 5:colcon.colcon_core.verb:set package 'moveit_backend' build argument 'cmake_clean_first' from command line to 'False'
[1.143s] Level 5:colcon.colcon_core.verb:set package 'moveit_backend' build argument 'cmake_force_configure' from command line to 'False'
[1.143s] Level 5:colcon.colcon_core.verb:set package 'moveit_backend' build argument 'ament_cmake_args' from command line to 'None'
[1.143s] Level 5:colcon.colcon_core.verb:set package 'moveit_backend' build argument 'catkin_cmake_args' from command line to 'None'
[1.144s] Level 5:colcon.colcon_core.verb:set package 'moveit_backend' build argument 'catkin_skip_building_tests' from command line to 'False'
[1.144s] DEBUG:colcon.colcon_core.verb:Building package 'moveit_backend' with the following arguments: {'ament_cmake_args': None, 'build_base': '/home/autopilot/ws/restackcell/build/moveit_backend', 'catkin_cmake_args': None, 'catkin_skip_building_tests': False, 'cmake_args': None, 'cmake_clean_cache': False, 'cmake_clean_first': False, 'cmake_force_configure': False, 'cmake_target': None, 'cmake_target_skip_unavailable': False, 'install_base': '/home/autopilot/ws/restackcell/install/moveit_backend', 'merge_install': False, 'path': '/home/autopilot/ws/restackcell/ws_moveit2/src/moveit_backend', 'symlink_install': False, 'test_result_base': None}
[1.144s] Level 5:colcon.colcon_core.verb:set package 'opcua_client' build argument 'cmake_args' from command line to 'None'
[1.145s] Level 5:colcon.colcon_core.verb:set package 'opcua_client' build argument 'cmake_target' from command line to 'None'
[1.145s] Level 5:colcon.colcon_core.verb:set package 'opcua_client' build argument 'cmake_target_skip_unavailable' from command line to 'False'
[1.145s] Level 5:colcon.colcon_core.verb:set package 'opcua_client' build argument 'cmake_clean_cache' from command line to 'False'
[1.145s] Level 5:colcon.colcon_core.verb:set package 'opcua_client' build argument 'cmake_clean_first' from command line to 'False'
[1.145s] Level 5:colcon.colcon_core.verb:set package 'opcua_client' build argument 'cmake_force_configure' from command line to 'False'
[1.145s] Level 5:colcon.colcon_core.verb:set package 'opcua_client' build argument 'ament_cmake_args' from command line to 'None'
[1.145s] Level 5:colcon.colcon_core.verb:set package 'opcua_client' build argument 'catkin_cmake_args' from command line to 'None'
[1.145s] Level 5:colcon.colcon_core.verb:set package 'opcua_client' build argument 'catkin_skip_building_tests' from command line to 'False'
[1.145s] DEBUG:colcon.colcon_core.verb:Building package 'opcua_client' with the following arguments: {'ament_cmake_args': None, 'build_base': '/home/autopilot/ws/restackcell/build/opcua_client', 'catkin_cmake_args': None, 'catkin_skip_building_tests': False, 'cmake_args': None, 'cmake_clean_cache': False, 'cmake_clean_first': False, 'cmake_force_configure': False, 'cmake_target': None, 'cmake_target_skip_unavailable': False, 'install_base': '/home/autopilot/ws/restackcell/install/opcua_client', 'merge_install': False, 'path': '/home/autopilot/ws/restackcell/ws_moveit2/src/opcua_client', 'symlink_install': False, 'test_result_base': None}
[1.146s] Level 5:colcon.colcon_core.verb:set package 'pcl_segmentation' build argument 'cmake_args' from command line to 'None'
[1.146s] Level 5:colcon.colcon_core.verb:set package 'pcl_segmentation' build argument 'cmake_target' from command line to 'None'
[1.146s] Level 5:colcon.colcon_core.verb:set package 'pcl_segmentation' build argument 'cmake_target_skip_unavailable' from command line to 'False'
[1.146s] Level 5:colcon.colcon_core.verb:set package 'pcl_segmentation' build argument 'cmake_clean_cache' from command line to 'False'
[1.146s] Level 5:colcon.colcon_core.verb:set package 'pcl_segmentation' build argument 'cmake_clean_first' from command line to 'False'
[1.146s] Level 5:colcon.colcon_core.verb:set package 'pcl_segmentation' build argument 'cmake_force_configure' from command line to 'False'
[1.146s] Level 5:colcon.colcon_core.verb:set package 'pcl_segmentation' build argument 'ament_cmake_args' from command line to 'None'
[1.147s] Level 5:colcon.colcon_core.verb:set package 'pcl_segmentation' build argument 'catkin_cmake_args' from command line to 'None'
[1.147s] Level 5:colcon.colcon_core.verb:set package 'pcl_segmentation' build argument 'catkin_skip_building_tests' from command line to 'False'
[1.147s] DEBUG:colcon.colcon_core.verb:Building package 'pcl_segmentation' with the following arguments: {'ament_cmake_args': None, 'build_base': '/home/autopilot/ws/restackcell/build/pcl_segmentation', 'catkin_cmake_args': None, 'catkin_skip_building_tests': False, 'cmake_args': None, 'cmake_clean_cache': False, 'cmake_clean_first': False, 'cmake_force_configure': False, 'cmake_target': None, 'cmake_target_skip_unavailable': False, 'install_base': '/home/autopilot/ws/restackcell/install/pcl_segmentation', 'merge_install': False, 'path': '/home/autopilot/ws/restackcell/ws_moveit2/src/pcl_segmentation', 'symlink_install': False, 'test_result_base': None}
[1.148s] Level 5:colcon.colcon_core.verb:set package 'robo_planner' build argument 'cmake_args' from command line to 'None'
[1.148s] Level 5:colcon.colcon_core.verb:set package 'robo_planner' build argument 'cmake_target' from command line to 'None'
[1.148s] Level 5:colcon.colcon_core.verb:set package 'robo_planner' build argument 'cmake_target_skip_unavailable' from command line to 'False'
[1.148s] Level 5:colcon.colcon_core.verb:set package 'robo_planner' build argument 'cmake_clean_cache' from command line to 'False'
[1.148s] Level 5:colcon.colcon_core.verb:set package 'robo_planner' build argument 'cmake_clean_first' from command line to 'False'
[1.148s] Level 5:colcon.colcon_core.verb:set package 'robo_planner' build argument 'cmake_force_configure' from command line to 'False'
[1.148s] Level 5:colcon.colcon_core.verb:set package 'robo_planner' build argument 'ament_cmake_args' from command line to 'None'
[1.148s] Level 5:colcon.colcon_core.verb:set package 'robo_planner' build argument 'catkin_cmake_args' from command line to 'None'
[1.148s] Level 5:colcon.colcon_core.verb:set package 'robo_planner' build argument 'catkin_skip_building_tests' from command line to 'False'
[1.148s] DEBUG:colcon.colcon_core.verb:Building package 'robo_planner' with the following arguments: {'ament_cmake_args': None, 'build_base': '/home/autopilot/ws/restackcell/build/robo_planner', 'catkin_cmake_args': None, 'catkin_skip_building_tests': False, 'cmake_args': None, 'cmake_clean_cache': False, 'cmake_clean_first': False, 'cmake_force_configure': False, 'cmake_target': None, 'cmake_target_skip_unavailable': False, 'install_base': '/home/autopilot/ws/restackcell/install/robo_planner', 'merge_install': False, 'path': '/home/autopilot/ws/restackcell/ws_moveit2/src/robo_planner', 'symlink_install': False, 'test_result_base': None}
[1.149s] Level 5:colcon.colcon_core.verb:set package 'robo_planner_py' build argument 'cmake_args' from command line to 'None'
[1.149s] Level 5:colcon.colcon_core.verb:set package 'robo_planner_py' build argument 'cmake_target' from command line to 'None'
[1.149s] Level 5:colcon.colcon_core.verb:set package 'robo_planner_py' build argument 'cmake_target_skip_unavailable' from command line to 'False'
[1.149s] Level 5:colcon.colcon_core.verb:set package 'robo_planner_py' build argument 'cmake_clean_cache' from command line to 'False'
[1.149s] Level 5:colcon.colcon_core.verb:set package 'robo_planner_py' build argument 'cmake_clean_first' from command line to 'False'
[1.150s] Level 5:colcon.colcon_core.verb:set package 'robo_planner_py' build argument 'cmake_force_configure' from command line to 'False'
[1.150s] Level 5:colcon.colcon_core.verb:set package 'robo_planner_py' build argument 'ament_cmake_args' from command line to 'None'
[1.150s] Level 5:colcon.colcon_core.verb:set package 'robo_planner_py' build argument 'catkin_cmake_args' from command line to 'None'
[1.150s] Level 5:colcon.colcon_core.verb:set package 'robo_planner_py' build argument 'catkin_skip_building_tests' from command line to 'False'
[1.150s] DEBUG:colcon.colcon_core.verb:Building package 'robo_planner_py' with the following arguments: {'ament_cmake_args': None, 'build_base': '/home/autopilot/ws/restackcell/build/robo_planner_py', 'catkin_cmake_args': None, 'catkin_skip_building_tests': False, 'cmake_args': None, 'cmake_clean_cache': False, 'cmake_clean_first': False, 'cmake_force_configure': False, 'cmake_target': None, 'cmake_target_skip_unavailable': False, 'install_base': '/home/autopilot/ws/restackcell/install/robo_planner_py', 'merge_install': False, 'path': '/home/autopilot/ws/restackcell/ws_moveit2/src/robo_planner_py', 'symlink_install': False, 'test_result_base': None}
[1.150s] INFO:colcon.colcon_core.executor:Executing jobs using 'parallel' executor
[1.153s] DEBUG:colcon.colcon_parallel_executor.executor.parallel:run_until_complete
[1.153s] INFO:colcon.colcon_ros.task.catkin.build:Building ROS package in '/home/autopilot/ws/restackcell/ws_moveit2/src/wzlscheduler_interfaces' with build type 'catkin'
[1.154s] INFO:colcon.colcon_cmake.task.cmake.build:Building CMake package in '/home/autopilot/ws/restackcell/ws_moveit2/src/wzlscheduler_interfaces'
[1.159s] INFO:colcon.colcon_core.plugin_system:Skipping extension 'colcon_core.shell.bat': Not used on non-Windows systems
[1.160s] INFO:colcon.colcon_core.shell:Skip shell extension 'powershell' for command environment: Not usable outside of PowerShell
[1.160s] DEBUG:colcon.colcon_core.shell:Skip shell extension 'dsv' for command environment
[1.166s] INFO:colcon.colcon_ros.task.ament_cmake.build:Building ROS package in '/home/autopilot/ws/restackcell/ws_moveit2/src/opcua_interfaces' with build type 'ament_cmake'
[1.167s] INFO:colcon.colcon_cmake.task.cmake.build:Building CMake package in '/home/autopilot/ws/restackcell/ws_moveit2/src/opcua_interfaces'
[1.168s] INFO:colcon.colcon_core.shell:Skip shell extension 'powershell' for command environment: Not usable outside of PowerShell
[1.168s] DEBUG:colcon.colcon_core.shell:Skip shell extension 'dsv' for command environment
[1.178s] INFO:colcon.colcon_ros.task.ament_python.build:Building ROS package in '/home/autopilot/ws/restackcell/ws_moveit2/src/interface_opcua' with build type 'ament_python'
[1.179s] Level 1:colcon.colcon_core.shell:create_environment_hook('interface_opcua', 'ament_prefix_path')
[1.179s] INFO:colcon.colcon_core.shell:Creating environment hook '/home/autopilot/ws/restackcell/install/interface_opcua/share/interface_opcua/hook/ament_prefix_path.ps1'
[1.181s] INFO:colcon.colcon_core.shell:Creating environment descriptor '/home/autopilot/ws/restackcell/install/interface_opcua/share/interface_opcua/hook/ament_prefix_path.dsv'
[1.182s] INFO:colcon.colcon_core.shell:Creating environment hook '/home/autopilot/ws/restackcell/install/interface_opcua/share/interface_opcua/hook/ament_prefix_path.sh'
[1.183s] INFO:colcon.colcon_core.shell:Skip shell extension 'powershell' for command environment: Not usable outside of PowerShell
[1.183s] DEBUG:colcon.colcon_core.shell:Skip shell extension 'dsv' for command environment
[1.191s] INFO:colcon.colcon_ros.task.catkin.build:Building ROS package in '/home/autopilot/ws/restackcell/ws_moveit2/src/robo_planner_msgs' with build type 'catkin'
[1.191s] INFO:colcon.colcon_cmake.task.cmake.build:Building CMake package in '/home/autopilot/ws/restackcell/ws_moveit2/src/robo_planner_msgs'
[1.192s] INFO:colcon.colcon_core.shell:Skip shell extension 'powershell' for command environment: Not usable outside of PowerShell
[1.193s] DEBUG:colcon.colcon_core.shell:Skip shell extension 'dsv' for command environment
[1.210s] DEBUG:colcon.colcon_core.event_handler.log_command:Invoking command in '/home/autopilot/ws/restackcell/build/wzlscheduler_interfaces': /usr/bin/cmake --build /home/autopilot/ws/restackcell/build/wzlscheduler_interfaces -- -j4 -l4
[1.226s] DEBUG:colcon.colcon_core.event_handler.log_command:Invoking command in '/home/autopilot/ws/restackcell/build/opcua_interfaces': CMAKE_PREFIX_PATH=/opt/ros/humble /usr/bin/cmake --build /home/autopilot/ws/restackcell/build/opcua_interfaces -- -j4 -l4
[2.620s] INFO:colcon.colcon_core.task.python.build:Building Python package in '/home/autopilot/ws/restackcell/ws_moveit2/src/interface_opcua'
[2.621s] INFO:colcon.colcon_core.shell:Skip shell extension 'powershell' for command environment: Not usable outside of PowerShell
[2.621s] DEBUG:colcon.colcon_core.shell:Skip shell extension 'dsv' for command environment
[2.655s] DEBUG:colcon.colcon_core.event_handler.log_command:Invoking command in '/home/autopilot/ws/restackcell/build/robo_planner_msgs': /usr/bin/cmake --build /home/autopilot/ws/restackcell/build/robo_planner_msgs -- -j4 -l4
[4.388s] DEBUG:colcon.colcon_core.event_handler.log_command:Invoked command in '/home/autopilot/ws/restackcell/build/wzlscheduler_interfaces' returned '0': /usr/bin/cmake --build /home/autopilot/ws/restackcell/build/wzlscheduler_interfaces -- -j4 -l4
[4.466s] DEBUG:colcon.colcon_core.event_handler.log_command:Invoked command in '/home/autopilot/ws/restackcell/build/opcua_interfaces' returned '0': CMAKE_PREFIX_PATH=/opt/ros/humble /usr/bin/cmake --build /home/autopilot/ws/restackcell/build/opcua_interfaces -- -j4 -l4
[5.412s] DEBUG:colcon.colcon_core.event_handler.log_command:Invoking command in '/home/autopilot/ws/restackcell/ws_moveit2/src/interface_opcua': PYTHONPATH=/home/autopilot/ws/restackcell/build/interface_opcua/prefix_override:/usr/lib/python3/dist-packages/colcon_core/task/python/colcon_distutils_commands:/home/autopilot/ws/restackcell/install/interface_opcua/lib/python3.10/site-packages:${PYTHONPATH} /usr/bin/python3 -W ignore:setup.py install is deprecated setup.py egg_info --egg-base ../../../build/interface_opcua build --build-base /home/autopilot/ws/restackcell/build/interface_opcua/build install --record /home/autopilot/ws/restackcell/build/interface_opcua/install.log --single-version-externally-managed install_data
[5.795s] DEBUG:colcon.colcon_core.event_handler.log_command:Invoked command in '/home/autopilot/ws/restackcell/build/robo_planner_msgs' returned '0': /usr/bin/cmake --build /home/autopilot/ws/restackcell/build/robo_planner_msgs -- -j4 -l4
[5.891s] DEBUG:colcon.colcon_core.event_handler.log_command:Invoking command in '/home/autopilot/ws/restackcell/build/opcua_interfaces': CMAKE_PREFIX_PATH=/opt/ros/humble /usr/bin/cmake --install /home/autopilot/ws/restackcell/build/opcua_interfaces
[6.230s] Level 1:colcon.colcon_core.environment:create_environment_scripts_only(opcua_interfaces)
[6.236s] Level 1:colcon.colcon_core.environment:checking '/home/autopilot/ws/restackcell/install/opcua_interfaces' for CMake module files
[6.238s] Level 1:colcon.colcon_core.environment:checking '/home/autopilot/ws/restackcell/install/opcua_interfaces' for CMake config files
[6.240s] DEBUG:colcon.colcon_core.event_handler.log_command:Invoked command in '/home/autopilot/ws/restackcell/build/opcua_interfaces' returned '0': CMAKE_PREFIX_PATH=/opt/ros/humble /usr/bin/cmake --install /home/autopilot/ws/restackcell/build/opcua_interfaces
[6.241s] Level 1:colcon.colcon_core.shell:create_environment_hook('opcua_interfaces', 'cmake_prefix_path')
[6.241s] INFO:colcon.colcon_core.shell:Creating environment hook '/home/autopilot/ws/restackcell/install/opcua_interfaces/share/opcua_interfaces/hook/cmake_prefix_path.ps1'
[6.247s] INFO:colcon.colcon_core.shell:Creating environment descriptor '/home/autopilot/ws/restackcell/install/opcua_interfaces/share/opcua_interfaces/hook/cmake_prefix_path.dsv'
[6.254s] INFO:colcon.colcon_core.shell:Creating environment hook '/home/autopilot/ws/restackcell/install/opcua_interfaces/share/opcua_interfaces/hook/cmake_prefix_path.sh'
[6.263s] Level 1:colcon.colcon_core.environment:checking '/home/autopilot/ws/restackcell/install/opcua_interfaces/lib'
[6.263s] Level 1:colcon.colcon_core.shell:create_environment_hook('opcua_interfaces', 'ld_library_path_lib')
[6.268s] INFO:colcon.colcon_core.shell:Creating environment hook '/home/autopilot/ws/restackcell/install/opcua_interfaces/share/opcua_interfaces/hook/ld_library_path_lib.ps1'
[6.272s] INFO:colcon.colcon_core.shell:Creating environment descriptor '/home/autopilot/ws/restackcell/install/opcua_interfaces/share/opcua_interfaces/hook/ld_library_path_lib.dsv'
[6.276s] INFO:colcon.colcon_core.shell:Creating environment hook '/home/autopilot/ws/restackcell/install/opcua_interfaces/share/opcua_interfaces/hook/ld_library_path_lib.sh'
[6.282s] Level 1:colcon.colcon_core.environment:checking '/home/autopilot/ws/restackcell/install/opcua_interfaces/bin'
[6.283s] Level 1:colcon.colcon_core.environment:checking '/home/autopilot/ws/restackcell/install/opcua_interfaces/lib/pkgconfig/opcua_interfaces.pc'
[6.287s] Level 1:colcon.colcon_core.environment:checking '/home/autopilot/ws/restackcell/install/opcua_interfaces/lib/python3.10/site-packages'
[6.290s] Level 1:colcon.colcon_core.environment:checking '/home/autopilot/ws/restackcell/install/opcua_interfaces/bin'
[6.292s] INFO:colcon.colcon_core.shell:Creating package script '/home/autopilot/ws/restackcell/install/opcua_interfaces/share/opcua_interfaces/package.ps1'
[6.305s] INFO:colcon.colcon_core.shell:Creating package descriptor '/home/autopilot/ws/restackcell/install/opcua_interfaces/share/opcua_interfaces/package.dsv'
[6.311s] INFO:colcon.colcon_core.shell:Creating package script '/home/autopilot/ws/restackcell/install/opcua_interfaces/share/opcua_interfaces/package.sh'
[6.321s] INFO:colcon.colcon_core.shell:Creating package script '/home/autopilot/ws/restackcell/install/opcua_interfaces/share/opcua_interfaces/package.bash'
[6.329s] INFO:colcon.colcon_core.shell:Creating package script '/home/autopilot/ws/restackcell/install/opcua_interfaces/share/opcua_interfaces/package.zsh'
[6.339s] Level 1:colcon.colcon_core.environment:create_file_with_runtime_dependencies(/home/autopilot/ws/restackcell/install/opcua_interfaces/share/colcon-core/packages/opcua_interfaces)
[6.841s] Level 1:colcon.colcon_core.environment:create_environment_scripts_only(opcua_interfaces)
[6.844s] Level 1:colcon.colcon_core.environment:checking '/home/autopilot/ws/restackcell/install/opcua_interfaces' for CMake module files
[6.846s] Level 1:colcon.colcon_core.environment:checking '/home/autopilot/ws/restackcell/install/opcua_interfaces' for CMake config files
[6.847s] Level 1:colcon.colcon_core.shell:create_environment_hook('opcua_interfaces', 'cmake_prefix_path')
[6.847s] INFO:colcon.colcon_core.shell:Creating environment hook '/home/autopilot/ws/restackcell/install/opcua_interfaces/share/opcua_interfaces/hook/cmake_prefix_path.ps1'
[6.848s] INFO:colcon.colcon_core.shell:Creating environment descriptor '/home/autopilot/ws/restackcell/install/opcua_interfaces/share/opcua_interfaces/hook/cmake_prefix_path.dsv'
[6.849s] INFO:colcon.colcon_core.shell:Creating environment hook '/home/autopilot/ws/restackcell/install/opcua_interfaces/share/opcua_interfaces/hook/cmake_prefix_path.sh'
[6.852s] Level 1:colcon.colcon_core.environment:checking '/home/autopilot/ws/restackcell/install/opcua_interfaces/lib'
[6.852s] Level 1:colcon.colcon_core.shell:create_environment_hook('opcua_interfaces', 'ld_library_path_lib')
[6.853s] INFO:colcon.colcon_core.shell:Creating environment hook '/home/autopilot/ws/restackcell/install/opcua_interfaces/share/opcua_interfaces/hook/ld_library_path_lib.ps1'
[6.857s] INFO:colcon.colcon_core.shell:Creating environment descriptor '/home/autopilot/ws/restackcell/install/opcua_interfaces/share/opcua_interfaces/hook/ld_library_path_lib.dsv'
[6.860s] INFO:colcon.colcon_core.shell:Creating environment hook '/home/autopilot/ws/restackcell/install/opcua_interfaces/share/opcua_interfaces/hook/ld_library_path_lib.sh'
[6.865s] Level 1:colcon.colcon_core.environment:checking '/home/autopilot/ws/restackcell/install/opcua_interfaces/bin'
[6.865s] Level 1:colcon.colcon_core.environment:checking '/home/autopilot/ws/restackcell/install/opcua_interfaces/lib/pkgconfig/opcua_interfaces.pc'
[6.866s] Level 1:colcon.colcon_core.environment:checking '/home/autopilot/ws/restackcell/install/opcua_interfaces/lib/python3.10/site-packages'
[6.868s] Level 1:colcon.colcon_core.environment:checking '/home/autopilot/ws/restackcell/install/opcua_interfaces/bin'
[6.871s] INFO:colcon.colcon_core.shell:Creating package script '/home/autopilot/ws/restackcell/install/opcua_interfaces/share/opcua_interfaces/package.ps1'
[6.874s] INFO:colcon.colcon_core.shell:Creating package descriptor '/home/autopilot/ws/restackcell/install/opcua_interfaces/share/opcua_interfaces/package.dsv'
[6.880s] INFO:colcon.colcon_core.shell:Creating package script '/home/autopilot/ws/restackcell/install/opcua_interfaces/share/opcua_interfaces/package.sh'
[6.883s] INFO:colcon.colcon_core.shell:Creating package script '/home/autopilot/ws/restackcell/install/opcua_interfaces/share/opcua_interfaces/package.bash'
[6.885s] INFO:colcon.colcon_core.shell:Creating package script '/home/autopilot/ws/restackcell/install/opcua_interfaces/share/opcua_interfaces/package.zsh'
[6.888s] Level 1:colcon.colcon_core.environment:create_file_with_runtime_dependencies(/home/autopilot/ws/restackcell/install/opcua_interfaces/share/colcon-core/packages/opcua_interfaces)
[6.892s] INFO:colcon.colcon_ros.task.ament_cmake.build:Building ROS package in '/home/autopilot/ws/restackcell/ws_moveit2/src/ur_pilz' with build type 'ament_cmake'
[6.893s] INFO:colcon.colcon_cmake.task.cmake.build:Building CMake package in '/home/autopilot/ws/restackcell/ws_moveit2/src/ur_pilz'
[6.894s] INFO:colcon.colcon_core.shell:Skip shell extension 'powershell' for command environment: Not usable outside of PowerShell
[6.894s] DEBUG:colcon.colcon_core.shell:Skip shell extension 'dsv' for command environment
[6.944s] DEBUG:colcon.colcon_core.event_handler.log_command:Invoking command in '/home/autopilot/ws/restackcell/build/ur_pilz': CMAKE_PREFIX_PATH=/opt/ros/humble /usr/bin/cmake --build /home/autopilot/ws/restackcell/build/ur_pilz -- -j4 -l4
[7.162s] Level 1:colcon.colcon_core.environment:checking '/home/autopilot/ws/restackcell/install/interface_opcua' for CMake module files
[7.163s] Level 1:colcon.colcon_core.environment:checking '/home/autopilot/ws/restackcell/install/interface_opcua' for CMake config files
[7.164s] Level 1:colcon.colcon_core.environment:checking '/home/autopilot/ws/restackcell/install/interface_opcua/lib'
[7.164s] Level 1:colcon.colcon_core.environment:checking '/home/autopilot/ws/restackcell/install/interface_opcua/bin'
[7.165s] Level 1:colcon.colcon_core.environment:checking '/home/autopilot/ws/restackcell/install/interface_opcua/lib/pkgconfig/interface_opcua.pc'
[7.165s] Level 1:colcon.colcon_core.environment:checking '/home/autopilot/ws/restackcell/install/interface_opcua/lib/python3.10/site-packages'
[7.165s] Level 1:colcon.colcon_core.shell:create_environment_hook('interface_opcua', 'pythonpath')
[7.167s] INFO:colcon.colcon_core.shell:Creating environment hook '/home/autopilot/ws/restackcell/install/interface_opcua/share/interface_opcua/hook/pythonpath.ps1'
[7.168s] DEBUG:colcon.colcon_core.event_handler.log_command:Invoked command in '/home/autopilot/ws/restackcell/ws_moveit2/src/interface_opcua' returned '0': PYTHONPATH=/home/autopilot/ws/restackcell/build/interface_opcua/prefix_override:/usr/lib/python3/dist-packages/colcon_core/task/python/colcon_distutils_commands:/home/autopilot/ws/restackcell/install/interface_opcua/lib/python3.10/site-packages:${PYTHONPATH} /usr/bin/python3 -W ignore:setup.py install is deprecated setup.py egg_info --egg-base ../../../build/interface_opcua build --build-base /home/autopilot/ws/restackcell/build/interface_opcua/build install --record /home/autopilot/ws/restackcell/build/interface_opcua/install.log --single-version-externally-managed install_data
[7.170s] INFO:colcon.colcon_core.shell:Creating environment descriptor '/home/autopilot/ws/restackcell/install/interface_opcua/share/interface_opcua/hook/pythonpath.dsv'
[7.172s] INFO:colcon.colcon_core.shell:Creating environment hook '/home/autopilot/ws/restackcell/install/interface_opcua/share/interface_opcua/hook/pythonpath.sh'
[7.174s] Level 1:colcon.colcon_core.environment:checking '/home/autopilot/ws/restackcell/install/interface_opcua/bin'
[7.174s] Level 1:colcon.colcon_core.environment:create_environment_scripts_only(interface_opcua)
[7.177s] INFO:colcon.colcon_core.shell:Creating package script '/home/autopilot/ws/restackcell/install/interface_opcua/share/interface_opcua/package.ps1'
[7.182s] INFO:colcon.colcon_core.shell:Creating package descriptor '/home/autopilot/ws/restackcell/install/interface_opcua/share/interface_opcua/package.dsv'
[7.186s] INFO:colcon.colcon_core.shell:Creating package script '/home/autopilot/ws/restackcell/install/interface_opcua/share/interface_opcua/package.sh'
[7.190s] INFO:colcon.colcon_core.shell:Creating package script '/home/autopilot/ws/restackcell/install/interface_opcua/share/interface_opcua/package.bash'
[7.194s] INFO:colcon.colcon_core.shell:Creating package script '/home/autopilot/ws/restackcell/install/interface_opcua/share/interface_opcua/package.zsh'
[7.197s] Level 1:colcon.colcon_core.environment:create_file_with_runtime_dependencies(/home/autopilot/ws/restackcell/install/interface_opcua/share/colcon-core/packages/interface_opcua)
[7.202s] INFO:colcon.colcon_ros.task.ament_python.build:Building ROS package in '/home/autopilot/ws/restackcell/ws_moveit2/src/opcua_client' with build type 'ament_python'
[7.204s] Level 1:colcon.colcon_core.shell:create_environment_hook('opcua_client', 'ament_prefix_path')
[7.207s] INFO:colcon.colcon_core.shell:Creating environment hook '/home/autopilot/ws/restackcell/install/opcua_client/share/opcua_client/hook/ament_prefix_path.ps1'
[7.211s] INFO:colcon.colcon_core.shell:Creating environment descriptor '/home/autopilot/ws/restackcell/install/opcua_client/share/opcua_client/hook/ament_prefix_path.dsv'
[7.214s] INFO:colcon.colcon_core.shell:Creating environment hook '/home/autopilot/ws/restackcell/install/opcua_client/share/opcua_client/hook/ament_prefix_path.sh'
[7.220s] INFO:colcon.colcon_core.shell:Skip shell extension 'powershell' for command environment: Not usable outside of PowerShell
[7.221s] DEBUG:colcon.colcon_core.shell:Skip shell extension 'dsv' for command environment
[7.268s] DEBUG:colcon.colcon_core.event_handler.log_command:Invoked command in '/home/autopilot/ws/restackcell/build/ur_pilz' returned '0': CMAKE_PREFIX_PATH=/opt/ros/humble /usr/bin/cmake --build /home/autopilot/ws/restackcell/build/ur_pilz -- -j4 -l4
[8.109s] INFO:colcon.colcon_core.task.python.build:Building Python package in '/home/autopilot/ws/restackcell/ws_moveit2/src/opcua_client'
[8.110s] INFO:colcon.colcon_core.shell:Skip shell extension 'powershell' for command environment: Not usable outside of PowerShell
[8.110s] DEBUG:colcon.colcon_core.shell:Skip shell extension 'dsv' for command environment
[8.144s] DEBUG:colcon.colcon_core.event_handler.log_command:Invoking command in '/home/autopilot/ws/restackcell/build/ur_pilz': CMAKE_PREFIX_PATH=/opt/ros/humble /usr/bin/cmake --install /home/autopilot/ws/restackcell/build/ur_pilz
[8.180s] Level 1:colcon.colcon_core.environment:create_environment_scripts_only(ur_pilz)
[8.181s] Level 1:colcon.colcon_core.environment:checking '/home/autopilot/ws/restackcell/install/ur_pilz' for CMake module files
[8.182s] Level 1:colcon.colcon_core.environment:checking '/home/autopilot/ws/restackcell/install/ur_pilz' for CMake config files
[8.182s] Level 1:colcon.colcon_core.shell:create_environment_hook('ur_pilz', 'cmake_prefix_path')
[8.183s] INFO:colcon.colcon_core.shell:Creating environment hook '/home/autopilot/ws/restackcell/install/ur_pilz/share/ur_pilz/hook/cmake_prefix_path.ps1'
[8.184s] INFO:colcon.colcon_core.shell:Creating environment descriptor '/home/autopilot/ws/restackcell/install/ur_pilz/share/ur_pilz/hook/cmake_prefix_path.dsv'
[8.185s] INFO:colcon.colcon_core.shell:Creating environment hook '/home/autopilot/ws/restackcell/install/ur_pilz/share/ur_pilz/hook/cmake_prefix_path.sh'
[8.186s] Level 1:colcon.colcon_core.environment:checking '/home/autopilot/ws/restackcell/install/ur_pilz/bin'
[8.187s] Level 1:colcon.colcon_core.environment:checking '/home/autopilot/ws/restackcell/install/ur_pilz/lib/pkgconfig/ur_pilz.pc'
[8.188s] Level 1:colcon.colcon_core.environment:checking '/home/autopilot/ws/restackcell/install/ur_pilz/lib/python3.10/site-packages'
[8.189s] Level 1:colcon.colcon_core.environment:checking '/home/autopilot/ws/restackcell/install/ur_pilz/bin'
[8.190s] INFO:colcon.colcon_core.shell:Creating package script '/home/autopilot/ws/restackcell/install/ur_pilz/share/ur_pilz/package.ps1'
[8.195s] DEBUG:colcon.colcon_core.event_handler.log_command:Invoked command in '/home/autopilot/ws/restackcell/build/ur_pilz' returned '0': CMAKE_PREFIX_PATH=/opt/ros/humble /usr/bin/cmake --install /home/autopilot/ws/restackcell/build/ur_pilz
[8.196s] INFO:colcon.colcon_core.shell:Creating package descriptor '/home/autopilot/ws/restackcell/install/ur_pilz/share/ur_pilz/package.dsv'
[8.199s] INFO:colcon.colcon_core.shell:Creating package script '/home/autopilot/ws/restackcell/install/ur_pilz/share/ur_pilz/package.sh'
[8.201s] INFO:colcon.colcon_core.shell:Creating package script '/home/autopilot/ws/restackcell/install/ur_pilz/share/ur_pilz/package.bash'
[8.204s] INFO:colcon.colcon_core.shell:Creating package script '/home/autopilot/ws/restackcell/install/ur_pilz/share/ur_pilz/package.zsh'
[8.217s] Level 1:colcon.colcon_core.environment:create_file_with_runtime_dependencies(/home/autopilot/ws/restackcell/install/ur_pilz/share/colcon-core/packages/ur_pilz)
[8.498s] Level 1:colcon.colcon_core.environment:create_environment_scripts_only(ur_pilz)
[8.499s] Level 1:colcon.colcon_core.environment:checking '/home/autopilot/ws/restackcell/install/ur_pilz' for CMake module files
[8.500s] Level 1:colcon.colcon_core.environment:checking '/home/autopilot/ws/restackcell/install/ur_pilz' for CMake config files
[8.501s] Level 1:colcon.colcon_core.shell:create_environment_hook('ur_pilz', 'cmake_prefix_path')
[8.501s] INFO:colcon.colcon_core.shell:Creating environment hook '/home/autopilot/ws/restackcell/install/ur_pilz/share/ur_pilz/hook/cmake_prefix_path.ps1'
[8.503s] INFO:colcon.colcon_core.shell:Creating environment descriptor '/home/autopilot/ws/restackcell/install/ur_pilz/share/ur_pilz/hook/cmake_prefix_path.dsv'
[8.505s] INFO:colcon.colcon_core.shell:Creating environment hook '/home/autopilot/ws/restackcell/install/ur_pilz/share/ur_pilz/hook/cmake_prefix_path.sh'
[8.508s] Level 1:colcon.colcon_core.environment:checking '/home/autopilot/ws/restackcell/install/ur_pilz/bin'
[8.509s] Level 1:colcon.colcon_core.environment:checking '/home/autopilot/ws/restackcell/install/ur_pilz/lib/pkgconfig/ur_pilz.pc'
[8.510s] Level 1:colcon.colcon_core.environment:checking '/home/autopilot/ws/restackcell/install/ur_pilz/lib/python3.10/site-packages'
[8.511s] Level 1:colcon.colcon_core.environment:checking '/home/autopilot/ws/restackcell/install/ur_pilz/bin'
[8.513s] INFO:colcon.colcon_core.shell:Creating package script '/home/autopilot/ws/restackcell/install/ur_pilz/share/ur_pilz/package.ps1'
[8.518s] INFO:colcon.colcon_core.shell:Creating package descriptor '/home/autopilot/ws/restackcell/install/ur_pilz/share/ur_pilz/package.dsv'
[8.522s] INFO:colcon.colcon_core.shell:Creating package script '/home/autopilot/ws/restackcell/install/ur_pilz/share/ur_pilz/package.sh'
[8.543s] INFO:colcon.colcon_core.shell:Creating package script '/home/autopilot/ws/restackcell/install/ur_pilz/share/ur_pilz/package.bash'
[8.549s] INFO:colcon.colcon_core.shell:Creating package script '/home/autopilot/ws/restackcell/install/ur_pilz/share/ur_pilz/package.zsh'
[8.552s] Level 1:colcon.colcon_core.environment:create_file_with_runtime_dependencies(/home/autopilot/ws/restackcell/install/ur_pilz/share/colcon-core/packages/ur_pilz)
[10.456s] DEBUG:colcon.colcon_core.event_handler.log_command:Invoking command in '/home/autopilot/ws/restackcell/build/robo_planner_msgs': /usr/bin/cmake --install /home/autopilot/ws/restackcell/build/robo_planner_msgs
[10.965s] DEBUG:colcon.colcon_core.event_handler.log_command:Invoking command in '/home/autopilot/ws/restackcell/ws_moveit2/src/opcua_client': AMENT_PREFIX_PATH=/home/autopilot/ws/restackcell/install/opcua_interfaces:${AMENT_PREFIX_PATH} CMAKE_PREFIX_PATH=/home/autopilot/ws/restackcell/install/opcua_interfaces LD_LIBRARY_PATH=/home/autopilot/ws/restackcell/install/opcua_interfaces/lib:${LD_LIBRARY_PATH} PYTHONPATH=/home/autopilot/ws/restackcell/build/opcua_client/prefix_override:/usr/lib/python3/dist-packages/colcon_core/task/python/colcon_distutils_commands:/home/autopilot/ws/restackcell/install/opcua_client/lib/python3.10/site-packages:/home/autopilot/ws/restackcell/install/opcua_interfaces/local/lib/python3.10/dist-packages:${PYTHONPATH} /usr/bin/python3 -W ignore:setup.py install is deprecated setup.py egg_info --egg-base ../../../build/opcua_client build --build-base /home/autopilot/ws/restackcell/build/opcua_client/build install --record /home/autopilot/ws/restackcell/build/opcua_client/install.log --single-version-externally-managed install_data
[11.042s] DEBUG:colcon.colcon_core.event_handler.log_command:Invoked command in '/home/autopilot/ws/restackcell/build/robo_planner_msgs' returned '0': /usr/bin/cmake --install /home/autopilot/ws/restackcell/build/robo_planner_msgs
[11.086s] DEBUG:colcon.colcon_core.event_handler.log_command:Invoking command in '/home/autopilot/ws/restackcell/build/wzlscheduler_interfaces': /usr/bin/cmake --install /home/autopilot/ws/restackcell/build/wzlscheduler_interfaces
[11.862s] DEBUG:colcon.colcon_core.event_handler.log_command:Invoked command in '/home/autopilot/ws/restackcell/build/wzlscheduler_interfaces' returned '0': /usr/bin/cmake --install /home/autopilot/ws/restackcell/build/wzlscheduler_interfaces
[12.308s] Level 1:colcon.colcon_core.environment:checking '/home/autopilot/ws/restackcell/install/opcua_client' for CMake module files
[12.310s] Level 1:colcon.colcon_core.environment:checking '/home/autopilot/ws/restackcell/install/opcua_client' for CMake config files
[12.311s] DEBUG:colcon.colcon_core.event_handler.log_command:Invoked command in '/home/autopilot/ws/restackcell/ws_moveit2/src/opcua_client' returned '0': AMENT_PREFIX_PATH=/home/autopilot/ws/restackcell/install/opcua_interfaces:${AMENT_PREFIX_PATH} CMAKE_PREFIX_PATH=/home/autopilot/ws/restackcell/install/opcua_interfaces LD_LIBRARY_PATH=/home/autopilot/ws/restackcell/install/opcua_interfaces/lib:${LD_LIBRARY_PATH} PYTHONPATH=/home/autopilot/ws/restackcell/build/opcua_client/prefix_override:/usr/lib/python3/dist-packages/colcon_core/task/python/colcon_distutils_commands:/home/autopilot/ws/restackcell/install/opcua_client/lib/python3.10/site-packages:/home/autopilot/ws/restackcell/install/opcua_interfaces/local/lib/python3.10/dist-packages:${PYTHONPATH} /usr/bin/python3 -W ignore:setup.py install is deprecated setup.py egg_info --egg-base ../../../build/opcua_client build --build-base /home/autopilot/ws/restackcell/build/opcua_client/build install --record /home/autopilot/ws/restackcell/build/opcua_client/install.log --single-version-externally-managed install_data
[12.321s] Level 1:colcon.colcon_core.environment:checking '/home/autopilot/ws/restackcell/install/opcua_client/lib'
[12.322s] Level 1:colcon.colcon_core.environment:checking '/home/autopilot/ws/restackcell/install/opcua_client/bin'
[12.323s] Level 1:colcon.colcon_core.environment:checking '/home/autopilot/ws/restackcell/install/opcua_client/lib/pkgconfig/opcua_client.pc'
[12.324s] Level 1:colcon.colcon_core.environment:checking '/home/autopilot/ws/restackcell/install/opcua_client/lib/python3.10/site-packages'
[12.324s] Level 1:colcon.colcon_core.shell:create_environment_hook('opcua_client', 'pythonpath')
[12.326s] INFO:colcon.colcon_core.shell:Creating environment hook '/home/autopilot/ws/restackcell/install/opcua_client/share/opcua_client/hook/pythonpath.ps1'
[12.332s] INFO:colcon.colcon_core.shell:Creating environment descriptor '/home/autopilot/ws/restackcell/install/opcua_client/share/opcua_client/hook/pythonpath.dsv'
[12.334s] INFO:colcon.colcon_core.shell:Creating environment hook '/home/autopilot/ws/restackcell/install/opcua_client/share/opcua_client/hook/pythonpath.sh'
[12.337s] Level 1:colcon.colcon_core.environment:checking '/home/autopilot/ws/restackcell/install/opcua_client/bin'
[12.337s] Level 1:colcon.colcon_core.environment:create_environment_scripts_only(opcua_client)
[12.338s] INFO:colcon.colcon_core.shell:Creating package script '/home/autopilot/ws/restackcell/install/opcua_client/share/opcua_client/package.ps1'
[12.341s] INFO:colcon.colcon_core.shell:Creating package descriptor '/home/autopilot/ws/restackcell/install/opcua_client/share/opcua_client/package.dsv'
[12.344s] INFO:colcon.colcon_core.shell:Creating package script '/home/autopilot/ws/restackcell/install/opcua_client/share/opcua_client/package.sh'
[12.350s] INFO:colcon.colcon_core.shell:Creating package script '/home/autopilot/ws/restackcell/install/opcua_client/share/opcua_client/package.bash'
[12.352s] INFO:colcon.colcon_core.shell:Creating package script '/home/autopilot/ws/restackcell/install/opcua_client/share/opcua_client/package.zsh'
[12.353s] Level 1:colcon.colcon_core.environment:create_file_with_runtime_dependencies(/home/autopilot/ws/restackcell/install/opcua_client/share/colcon-core/packages/opcua_client)
[13.154s] Level 1:colcon.colcon_core.shell:create_environment_hook('robo_planner_msgs', 'ros_package_path')
[13.154s] INFO:colcon.colcon_core.shell:Creating environment hook '/home/autopilot/ws/restackcell/install/robo_planner_msgs/share/robo_planner_msgs/hook/ros_package_path.ps1'
[13.156s] INFO:colcon.colcon_core.shell:Creating environment descriptor '/home/autopilot/ws/restackcell/install/robo_planner_msgs/share/robo_planner_msgs/hook/ros_package_path.dsv'
[13.156s] INFO:colcon.colcon_core.shell:Creating environment hook '/home/autopilot/ws/restackcell/install/robo_planner_msgs/share/robo_planner_msgs/hook/ros_package_path.sh'
[13.158s] Level 1:colcon.colcon_ros.task.catkin:checking '/home/autopilot/ws/restackcell/install/robo_planner_msgs/local/lib/python3.10/dist-packages'
[13.158s] Level 1:colcon.colcon_core.shell:create_environment_hook('robo_planner_msgs', 'catkin_pythonpath')
[13.159s] INFO:colcon.colcon_core.shell:Creating environment hook '/home/autopilot/ws/restackcell/install/robo_planner_msgs/share/robo_planner_msgs/hook/catkin_pythonpath.ps1'
[13.160s] INFO:colcon.colcon_core.shell:Creating environment descriptor '/home/autopilot/ws/restackcell/install/robo_planner_msgs/share/robo_planner_msgs/hook/catkin_pythonpath.dsv'
[13.161s] INFO:colcon.colcon_core.shell:Creating environment hook '/home/autopilot/ws/restackcell/install/robo_planner_msgs/share/robo_planner_msgs/hook/catkin_pythonpath.sh'
[13.162s] Level 1:colcon.colcon_core.shell:create_environment_hook('robo_planner_msgs', 'pkg_config_path')
[13.163s] INFO:colcon.colcon_core.shell:Creating environment hook '/home/autopilot/ws/restackcell/install/robo_planner_msgs/share/robo_planner_msgs/hook/pkg_config_path.ps1'
[13.164s] INFO:colcon.colcon_core.shell:Creating environment descriptor '/home/autopilot/ws/restackcell/install/robo_planner_msgs/share/robo_planner_msgs/hook/pkg_config_path.dsv'
[13.165s] INFO:colcon.colcon_core.shell:Creating environment hook '/home/autopilot/ws/restackcell/install/robo_planner_msgs/share/robo_planner_msgs/hook/pkg_config_path.sh'
[13.170s] Level 1:colcon.colcon_core.shell:create_environment_hook('robo_planner_msgs', 'pkg_config_path_multiarch')
[13.171s] INFO:colcon.colcon_core.shell:Creating environment hook '/home/autopilot/ws/restackcell/install/robo_planner_msgs/share/robo_planner_msgs/hook/pkg_config_path_multiarch.ps1'
[13.172s] INFO:colcon.colcon_core.shell:Creating environment descriptor '/home/autopilot/ws/restackcell/install/robo_planner_msgs/share/robo_planner_msgs/hook/pkg_config_path_multiarch.dsv'
[13.173s] INFO:colcon.colcon_core.shell:Creating environment hook '/home/autopilot/ws/restackcell/install/robo_planner_msgs/share/robo_planner_msgs/hook/pkg_config_path_multiarch.sh'
[13.182s] Level 1:colcon.colcon_core.environment:create_environment_scripts_only(robo_planner_msgs)
[13.183s] Level 1:colcon.colcon_core.environment:checking '/home/autopilot/ws/restackcell/install/robo_planner_msgs' for CMake module files
[13.184s] Level 1:colcon.colcon_core.environment:checking '/home/autopilot/ws/restackcell/install/robo_planner_msgs' for CMake config files
[13.185s] Level 1:colcon.colcon_core.shell:create_environment_hook('robo_planner_msgs', 'cmake_prefix_path')
[13.186s] INFO:colcon.colcon_core.shell:Creating environment hook '/home/autopilot/ws/restackcell/install/robo_planner_msgs/share/robo_planner_msgs/hook/cmake_prefix_path.ps1'
[13.189s] INFO:colcon.colcon_core.shell:Creating environment descriptor '/home/autopilot/ws/restackcell/install/robo_planner_msgs/share/robo_planner_msgs/hook/cmake_prefix_path.dsv'
[13.190s] INFO:colcon.colcon_core.shell:Creating environment hook '/home/autopilot/ws/restackcell/install/robo_planner_msgs/share/robo_planner_msgs/hook/cmake_prefix_path.sh'
[13.192s] Level 1:colcon.colcon_core.environment:checking '/home/autopilot/ws/restackcell/install/robo_planner_msgs/lib'
[13.192s] Level 1:colcon.colcon_core.shell:create_environment_hook('robo_planner_msgs', 'ld_library_path_lib')
[13.193s] INFO:colcon.colcon_core.shell:Creating environment hook '/home/autopilot/ws/restackcell/install/robo_planner_msgs/share/robo_planner_msgs/hook/ld_library_path_lib.ps1'
[13.195s] INFO:colcon.colcon_core.shell:Creating environment descriptor '/home/autopilot/ws/restackcell/install/robo_planner_msgs/share/robo_planner_msgs/hook/ld_library_path_lib.dsv'
[13.196s] INFO:colcon.colcon_core.shell:Creating environment hook '/home/autopilot/ws/restackcell/install/robo_planner_msgs/share/robo_planner_msgs/hook/ld_library_path_lib.sh'
[13.197s] Level 1:colcon.colcon_core.environment:checking '/home/autopilot/ws/restackcell/install/robo_planner_msgs/bin'
[13.199s] Level 1:colcon.colcon_core.environment:checking '/home/autopilot/ws/restackcell/install/robo_planner_msgs/lib/pkgconfig/robo_planner_msgs.pc'
[13.200s] Level 1:colcon.colcon_core.environment:checking '/home/autopilot/ws/restackcell/install/robo_planner_msgs/lib/python3.10/site-packages'
[13.200s] Level 1:colcon.colcon_core.environment:checking '/home/autopilot/ws/restackcell/install/robo_planner_msgs/bin'
[13.202s] INFO:colcon.colcon_core.shell:Creating package script '/home/autopilot/ws/restackcell/install/robo_planner_msgs/share/robo_planner_msgs/package.ps1'
[13.204s] INFO:colcon.colcon_core.shell:Creating package descriptor '/home/autopilot/ws/restackcell/install/robo_planner_msgs/share/robo_planner_msgs/package.dsv'
[13.205s] INFO:colcon.colcon_core.shell:Creating package script '/home/autopilot/ws/restackcell/install/robo_planner_msgs/share/robo_planner_msgs/package.sh'
[13.214s] INFO:colcon.colcon_core.shell:Creating package script '/home/autopilot/ws/restackcell/install/robo_planner_msgs/share/robo_planner_msgs/package.bash'
[13.218s] INFO:colcon.colcon_core.shell:Creating package script '/home/autopilot/ws/restackcell/install/robo_planner_msgs/share/robo_planner_msgs/package.zsh'
[13.223s] Level 1:colcon.colcon_core.environment:create_file_with_runtime_dependencies(/home/autopilot/ws/restackcell/install/robo_planner_msgs/share/colcon-core/packages/robo_planner_msgs)
[13.506s] Level 1:colcon.colcon_core.shell:create_environment_hook('wzlscheduler_interfaces', 'ros_package_path')
[13.507s] INFO:colcon.colcon_core.shell:Creating environment hook '/home/autopilot/ws/restackcell/install/wzlscheduler_interfaces/share/wzlscheduler_interfaces/hook/ros_package_path.ps1'
[13.508s] INFO:colcon.colcon_core.shell:Creating environment descriptor '/home/autopilot/ws/restackcell/install/wzlscheduler_interfaces/share/wzlscheduler_interfaces/hook/ros_package_path.dsv'
[13.509s] INFO:colcon.colcon_core.shell:Creating environment hook '/home/autopilot/ws/restackcell/install/wzlscheduler_interfaces/share/wzlscheduler_interfaces/hook/ros_package_path.sh'
[13.511s] Level 1:colcon.colcon_ros.task.catkin:checking '/home/autopilot/ws/restackcell/install/wzlscheduler_interfaces/local/lib/python3.10/dist-packages'
[13.512s] Level 1:colcon.colcon_core.shell:create_environment_hook('wzlscheduler_interfaces', 'catkin_pythonpath')
[13.512s] INFO:colcon.colcon_core.shell:Creating environment hook '/home/autopilot/ws/restackcell/install/wzlscheduler_interfaces/share/wzlscheduler_interfaces/hook/catkin_pythonpath.ps1'
[13.514s] INFO:colcon.colcon_core.shell:Creating environment descriptor '/home/autopilot/ws/restackcell/install/wzlscheduler_interfaces/share/wzlscheduler_interfaces/hook/catkin_pythonpath.dsv'
[13.515s] INFO:colcon.colcon_core.shell:Creating environment hook '/home/autopilot/ws/restackcell/install/wzlscheduler_interfaces/share/wzlscheduler_interfaces/hook/catkin_pythonpath.sh'
[13.516s] Level 1:colcon.colcon_core.shell:create_environment_hook('wzlscheduler_interfaces', 'pkg_config_path')
[13.517s] INFO:colcon.colcon_core.shell:Creating environment hook '/home/autopilot/ws/restackcell/install/wzlscheduler_interfaces/share/wzlscheduler_interfaces/hook/pkg_config_path.ps1'
[13.518s] INFO:colcon.colcon_core.shell:Creating environment descriptor '/home/autopilot/ws/restackcell/install/wzlscheduler_interfaces/share/wzlscheduler_interfaces/hook/pkg_config_path.dsv'
[13.519s] INFO:colcon.colcon_core.shell:Creating environment hook '/home/autopilot/ws/restackcell/install/wzlscheduler_interfaces/share/wzlscheduler_interfaces/hook/pkg_config_path.sh'
[13.520s] Level 1:colcon.colcon_core.shell:create_environment_hook('wzlscheduler_interfaces', 'pkg_config_path_multiarch')
[13.521s] INFO:colcon.colcon_core.shell:Creating environment hook '/home/autopilot/ws/restackcell/install/wzlscheduler_interfaces/share/wzlscheduler_interfaces/hook/pkg_config_path_multiarch.ps1'
[13.524s] INFO:colcon.colcon_core.shell:Creating environment descriptor '/home/autopilot/ws/restackcell/install/wzlscheduler_interfaces/share/wzlscheduler_interfaces/hook/pkg_config_path_multiarch.dsv'
[13.525s] INFO:colcon.colcon_core.shell:Creating environment hook '/home/autopilot/ws/restackcell/install/wzlscheduler_interfaces/share/wzlscheduler_interfaces/hook/pkg_config_path_multiarch.sh'
[13.527s] Level 1:colcon.colcon_core.environment:create_environment_scripts_only(wzlscheduler_interfaces)
[13.529s] Level 1:colcon.colcon_core.environment:checking '/home/autopilot/ws/restackcell/install/wzlscheduler_interfaces' for CMake module files
[13.530s] Level 1:colcon.colcon_core.environment:checking '/home/autopilot/ws/restackcell/install/wzlscheduler_interfaces' for CMake config files
[13.531s] Level 1:colcon.colcon_core.shell:create_environment_hook('wzlscheduler_interfaces', 'cmake_prefix_path')
[13.532s] INFO:colcon.colcon_core.shell:Creating environment hook '/home/autopilot/ws/restackcell/install/wzlscheduler_interfaces/share/wzlscheduler_interfaces/hook/cmake_prefix_path.ps1'
[13.533s] INFO:colcon.colcon_core.shell:Creating environment descriptor '/home/autopilot/ws/restackcell/install/wzlscheduler_interfaces/share/wzlscheduler_interfaces/hook/cmake_prefix_path.dsv'
[13.534s] INFO:colcon.colcon_core.shell:Creating environment hook '/home/autopilot/ws/restackcell/install/wzlscheduler_interfaces/share/wzlscheduler_interfaces/hook/cmake_prefix_path.sh'
[13.536s] Level 1:colcon.colcon_core.environment:checking '/home/autopilot/ws/restackcell/install/wzlscheduler_interfaces/lib'
[13.536s] Level 1:colcon.colcon_core.shell:create_environment_hook('wzlscheduler_interfaces', 'ld_library_path_lib')
[13.537s] INFO:colcon.colcon_core.shell:Creating environment hook '/home/autopilot/ws/restackcell/install/wzlscheduler_interfaces/share/wzlscheduler_interfaces/hook/ld_library_path_lib.ps1'
[13.540s] INFO:colcon.colcon_core.shell:Creating environment descriptor '/home/autopilot/ws/restackcell/install/wzlscheduler_interfaces/share/wzlscheduler_interfaces/hook/ld_library_path_lib.dsv'
[13.542s] INFO:colcon.colcon_core.shell:Creating environment hook '/home/autopilot/ws/restackcell/install/wzlscheduler_interfaces/share/wzlscheduler_interfaces/hook/ld_library_path_lib.sh'
[13.543s] Level 1:colcon.colcon_core.environment:checking '/home/autopilot/ws/restackcell/install/wzlscheduler_interfaces/bin'
[13.544s] Level 1:colcon.colcon_core.environment:checking '/home/autopilot/ws/restackcell/install/wzlscheduler_interfaces/lib/pkgconfig/wzlscheduler_interfaces.pc'
[13.545s] Level 1:colcon.colcon_core.environment:checking '/home/autopilot/ws/restackcell/install/wzlscheduler_interfaces/lib/python3.10/site-packages'
[13.545s] Level 1:colcon.colcon_core.environment:checking '/home/autopilot/ws/restackcell/install/wzlscheduler_interfaces/bin'
[13.547s] INFO:colcon.colcon_core.shell:Creating package script '/home/autopilot/ws/restackcell/install/wzlscheduler_interfaces/share/wzlscheduler_interfaces/package.ps1'
[13.548s] INFO:colcon.colcon_core.shell:Creating package descriptor '/home/autopilot/ws/restackcell/install/wzlscheduler_interfaces/share/wzlscheduler_interfaces/package.dsv'
[13.550s] INFO:colcon.colcon_core.shell:Creating package script '/home/autopilot/ws/restackcell/install/wzlscheduler_interfaces/share/wzlscheduler_interfaces/package.sh'
[13.552s] INFO:colcon.colcon_core.shell:Creating package script '/home/autopilot/ws/restackcell/install/wzlscheduler_interfaces/share/wzlscheduler_interfaces/package.bash'
[13.553s] INFO:colcon.colcon_core.shell:Creating package script '/home/autopilot/ws/restackcell/install/wzlscheduler_interfaces/share/wzlscheduler_interfaces/package.zsh'
[13.556s] Level 1:colcon.colcon_core.environment:create_file_with_runtime_dependencies(/home/autopilot/ws/restackcell/install/wzlscheduler_interfaces/share/colcon-core/packages/wzlscheduler_interfaces)
[13.558s] INFO:colcon.colcon_ros.task.ament_python.build:Building ROS package in '/home/autopilot/ws/restackcell/ws_moveit2/src/grid_snapper' with build type 'ament_python'
[13.559s] Level 1:colcon.colcon_core.shell:create_environment_hook('grid_snapper', 'ament_prefix_path')
[13.560s] INFO:colcon.colcon_core.shell:Creating environment hook '/home/autopilot/ws/restackcell/install/grid_snapper/share/grid_snapper/hook/ament_prefix_path.ps1'
[13.561s] INFO:colcon.colcon_core.shell:Creating environment descriptor '/home/autopilot/ws/restackcell/install/grid_snapper/share/grid_snapper/hook/ament_prefix_path.dsv'
[13.562s] INFO:colcon.colcon_core.shell:Creating environment hook '/home/autopilot/ws/restackcell/install/grid_snapper/share/grid_snapper/hook/ament_prefix_path.sh'
[13.564s] INFO:colcon.colcon_core.shell:Skip shell extension 'powershell' for command environment: Not usable outside of PowerShell
[13.564s] DEBUG:colcon.colcon_core.shell:Skip shell extension 'dsv' for command environment
[13.576s] INFO:colcon.colcon_ros.task.ament_cmake.build:Building ROS package in '/home/autopilot/ws/restackcell/ws_moveit2/src/mockup_robot' with build type 'ament_cmake'
[13.576s] INFO:colcon.colcon_cmake.task.cmake.build:Building CMake package in '/home/autopilot/ws/restackcell/ws_moveit2/src/mockup_robot'
[13.577s] INFO:colcon.colcon_core.shell:Skip shell extension 'powershell' for command environment: Not usable outside of PowerShell
[13.577s] DEBUG:colcon.colcon_core.shell:Skip shell extension 'dsv' for command environment
[13.589s] INFO:colcon.colcon_ros.task.ament_cmake.build:Building ROS package in '/home/autopilot/ws/restackcell/ws_moveit2/src/moveit_backend' with build type 'ament_cmake'
[13.589s] INFO:colcon.colcon_cmake.task.cmake.build:Building CMake package in '/home/autopilot/ws/restackcell/ws_moveit2/src/moveit_backend'
[13.590s] INFO:colcon.colcon_core.shell:Skip shell extension 'powershell' for command environment: Not usable outside of PowerShell
[13.590s] DEBUG:colcon.colcon_core.shell:Skip shell extension 'dsv' for command environment
[13.603s] INFO:colcon.colcon_ros.task.ament_cmake.build:Building ROS package in '/home/autopilot/ws/restackcell/ws_moveit2/src/pcl_segmentation' with build type 'ament_cmake'
[13.604s] INFO:colcon.colcon_cmake.task.cmake.build:Building CMake package in '/home/autopilot/ws/restackcell/ws_moveit2/src/pcl_segmentation'
[13.605s] INFO:colcon.colcon_core.shell:Skip shell extension 'powershell' for command environment: Not usable outside of PowerShell
[13.605s] DEBUG:colcon.colcon_core.shell:Skip shell extension 'dsv' for command environment
[13.638s] DEBUG:colcon.colcon_core.event_handler.log_command:Invoking command in '/home/autopilot/ws/restackcell/build/mockup_robot': CMAKE_PREFIX_PATH=/opt/ros/humble:/home/autopilot/ws/restackcell/install/wzlscheduler_interfaces LD_LIBRARY_PATH=/home/autopilot/ws/restackcell/install/wzlscheduler_interfaces/lib:${LD_LIBRARY_PATH} PKG_CONFIG_PATH=/home/autopilot/ws/restackcell/install/wzlscheduler_interfaces/lib/aarch64-linux-gnu/pkgconfig:/home/autopilot/ws/restackcell/install/wzlscheduler_interfaces/lib/pkgconfig PYTHONPATH=/home/autopilot/ws/restackcell/install/wzlscheduler_interfaces/local/lib/python3.10/dist-packages:${PYTHONPATH} ROS_PACKAGE_PATH=/home/autopilot/ws/restackcell/install/wzlscheduler_interfaces/share /usr/bin/cmake --build /home/autopilot/ws/restackcell/build/mockup_robot -- -j4 -l4
[13.665s] DEBUG:colcon.colcon_core.event_handler.log_command:Invoking command in '/home/autopilot/ws/restackcell/build/moveit_backend': CMAKE_PREFIX_PATH=/opt/ros/humble:/home/autopilot/ws/restackcell/install/wzlscheduler_interfaces LD_LIBRARY_PATH=/home/autopilot/ws/restackcell/install/wzlscheduler_interfaces/lib:${LD_LIBRARY_PATH} PKG_CONFIG_PATH=/home/autopilot/ws/restackcell/install/wzlscheduler_interfaces/lib/aarch64-linux-gnu/pkgconfig:/home/autopilot/ws/restackcell/install/wzlscheduler_interfaces/lib/pkgconfig PYTHONPATH=/home/autopilot/ws/restackcell/install/wzlscheduler_interfaces/local/lib/python3.10/dist-packages:${PYTHONPATH} ROS_PACKAGE_PATH=/home/autopilot/ws/restackcell/install/wzlscheduler_interfaces/share /usr/bin/cmake --build /home/autopilot/ws/restackcell/build/moveit_backend -- -j4 -l4
[15.566s] INFO:colcon.colcon_core.task.python.build:Building Python package in '/home/autopilot/ws/restackcell/ws_moveit2/src/grid_snapper'
[15.567s] INFO:colcon.colcon_core.shell:Skip shell extension 'powershell' for command environment: Not usable outside of PowerShell
[15.567s] DEBUG:colcon.colcon_core.shell:Skip shell extension 'dsv' for command environment
[15.607s] DEBUG:colcon.colcon_core.event_handler.log_command:Invoking command in '/home/autopilot/ws/restackcell/build/pcl_segmentation': CMAKE_PREFIX_PATH=/opt/ros/humble:/home/autopilot/ws/restackcell/install/wzlscheduler_interfaces LD_LIBRARY_PATH=/home/autopilot/ws/restackcell/install/wzlscheduler_interfaces/lib:${LD_LIBRARY_PATH} PKG_CONFIG_PATH=/home/autopilot/ws/restackcell/install/wzlscheduler_interfaces/lib/aarch64-linux-gnu/pkgconfig:/home/autopilot/ws/restackcell/install/wzlscheduler_interfaces/lib/pkgconfig PYTHONPATH=/home/autopilot/ws/restackcell/install/wzlscheduler_interfaces/local/lib/python3.10/dist-packages:${PYTHONPATH} ROS_PACKAGE_PATH=/home/autopilot/ws/restackcell/install/wzlscheduler_interfaces/share /usr/bin/cmake --build /home/autopilot/ws/restackcell/build/pcl_segmentation -- -j4 -l4
[15.639s] DEBUG:colcon.colcon_core.event_handler.log_command:Invoked command in '/home/autopilot/ws/restackcell/build/mockup_robot' returned '0': CMAKE_PREFIX_PATH=/opt/ros/humble:/home/autopilot/ws/restackcell/install/wzlscheduler_interfaces LD_LIBRARY_PATH=/home/autopilot/ws/restackcell/install/wzlscheduler_interfaces/lib:${LD_LIBRARY_PATH} PKG_CONFIG_PATH=/home/autopilot/ws/restackcell/install/wzlscheduler_interfaces/lib/aarch64-linux-gnu/pkgconfig:/home/autopilot/ws/restackcell/install/wzlscheduler_interfaces/lib/pkgconfig PYTHONPATH=/home/autopilot/ws/restackcell/install/wzlscheduler_interfaces/local/lib/python3.10/dist-packages:${PYTHONPATH} ROS_PACKAGE_PATH=/home/autopilot/ws/restackcell/install/wzlscheduler_interfaces/share /usr/bin/cmake --build /home/autopilot/ws/restackcell/build/mockup_robot -- -j4 -l4
[16.042s] DEBUG:colcon.colcon_core.event_handler.log_command:Invoking command in '/home/autopilot/ws/restackcell/build/mockup_robot': CMAKE_PREFIX_PATH=/opt/ros/humble:/home/autopilot/ws/restackcell/install/wzlscheduler_interfaces LD_LIBRARY_PATH=/home/autopilot/ws/restackcell/install/wzlscheduler_interfaces/lib:${LD_LIBRARY_PATH} PKG_CONFIG_PATH=/home/autopilot/ws/restackcell/install/wzlscheduler_interfaces/lib/aarch64-linux-gnu/pkgconfig:/home/autopilot/ws/restackcell/install/wzlscheduler_interfaces/lib/pkgconfig PYTHONPATH=/home/autopilot/ws/restackcell/install/wzlscheduler_interfaces/local/lib/python3.10/dist-packages:${PYTHONPATH} ROS_PACKAGE_PATH=/home/autopilot/ws/restackcell/install/wzlscheduler_interfaces/share /usr/bin/cmake --install /home/autopilot/ws/restackcell/build/mockup_robot
[16.118s] Level 1:colcon.colcon_core.environment:create_environment_scripts_only(mockup_robot)
[16.119s] Level 1:colcon.colcon_core.environment:checking '/home/autopilot/ws/restackcell/install/mockup_robot' for CMake module files
[16.120s] Level 1:colcon.colcon_core.environment:checking '/home/autopilot/ws/restackcell/install/mockup_robot' for CMake config files
[16.120s] Level 1:colcon.colcon_core.shell:create_environment_hook('mockup_robot', 'cmake_prefix_path')
[16.121s] INFO:colcon.colcon_core.shell:Creating environment hook '/home/autopilot/ws/restackcell/install/mockup_robot/share/mockup_robot/hook/cmake_prefix_path.ps1'
[16.124s] INFO:colcon.colcon_core.shell:Creating environment descriptor '/home/autopilot/ws/restackcell/install/mockup_robot/share/mockup_robot/hook/cmake_prefix_path.dsv'
[16.132s] INFO:colcon.colcon_core.shell:Creating environment hook '/home/autopilot/ws/restackcell/install/mockup_robot/share/mockup_robot/hook/cmake_prefix_path.sh'
[16.139s] DEBUG:colcon.colcon_core.event_handler.log_command:Invoked command in '/home/autopilot/ws/restackcell/build/mockup_robot' returned '0': CMAKE_PREFIX_PATH=/opt/ros/humble:/home/autopilot/ws/restackcell/install/wzlscheduler_interfaces LD_LIBRARY_PATH=/home/autopilot/ws/restackcell/install/wzlscheduler_interfaces/lib:${LD_LIBRARY_PATH} PKG_CONFIG_PATH=/home/autopilot/ws/restackcell/install/wzlscheduler_interfaces/lib/aarch64-linux-gnu/pkgconfig:/home/autopilot/ws/restackcell/install/wzlscheduler_interfaces/lib/pkgconfig PYTHONPATH=/home/autopilot/ws/restackcell/install/wzlscheduler_interfaces/local/lib/python3.10/dist-packages:${PYTHONPATH} ROS_PACKAGE_PATH=/home/autopilot/ws/restackcell/install/wzlscheduler_interfaces/share /usr/bin/cmake --install /home/autopilot/ws/restackcell/build/mockup_robot
[16.139s] Level 1:colcon.colcon_core.environment:checking '/home/autopilot/ws/restackcell/install/mockup_robot/lib'
[16.139s] Level 1:colcon.colcon_core.environment:checking '/home/autopilot/ws/restackcell/install/mockup_robot/bin'
[16.139s] Level 1:colcon.colcon_core.environment:checking '/home/autopilot/ws/restackcell/install/mockup_robot/lib/pkgconfig/mockup_robot.pc'
[16.140s] Level 1:colcon.colcon_core.environment:checking '/home/autopilot/ws/restackcell/install/mockup_robot/lib/python3.10/site-packages'
[16.140s] Level 1:colcon.colcon_core.environment:checking '/home/autopilot/ws/restackcell/install/mockup_robot/bin'
[16.145s] INFO:colcon.colcon_core.shell:Creating package script '/home/autopilot/ws/restackcell/install/mockup_robot/share/mockup_robot/package.ps1'
[16.148s] INFO:colcon.colcon_core.shell:Creating package descriptor '/home/autopilot/ws/restackcell/install/mockup_robot/share/mockup_robot/package.dsv'
[16.160s] INFO:colcon.colcon_core.shell:Creating package script '/home/autopilot/ws/restackcell/install/mockup_robot/share/mockup_robot/package.sh'
[16.162s] INFO:colcon.colcon_core.shell:Creating package script '/home/autopilot/ws/restackcell/install/mockup_robot/share/mockup_robot/package.bash'
[16.167s] INFO:colcon.colcon_core.shell:Creating package script '/home/autopilot/ws/restackcell/install/mockup_robot/share/mockup_robot/package.zsh'
[16.169s] Level 1:colcon.colcon_core.environment:create_file_with_runtime_dependencies(/home/autopilot/ws/restackcell/install/mockup_robot/share/colcon-core/packages/mockup_robot)
[16.535s] Level 1:colcon.colcon_core.environment:create_environment_scripts_only(mockup_robot)
[16.536s] Level 1:colcon.colcon_core.environment:checking '/home/autopilot/ws/restackcell/install/mockup_robot' for CMake module files
[16.537s] Level 1:colcon.colcon_core.environment:checking '/home/autopilot/ws/restackcell/install/mockup_robot' for CMake config files
[16.537s] Level 1:colcon.colcon_core.shell:create_environment_hook('mockup_robot', 'cmake_prefix_path')
[16.538s] INFO:colcon.colcon_core.shell:Creating environment hook '/home/autopilot/ws/restackcell/install/mockup_robot/share/mockup_robot/hook/cmake_prefix_path.ps1'
[16.540s] INFO:colcon.colcon_core.shell:Creating environment descriptor '/home/autopilot/ws/restackcell/install/mockup_robot/share/mockup_robot/hook/cmake_prefix_path.dsv'
[16.542s] INFO:colcon.colcon_core.shell:Creating environment hook '/home/autopilot/ws/restackcell/install/mockup_robot/share/mockup_robot/hook/cmake_prefix_path.sh'
[16.544s] Level 1:colcon.colcon_core.environment:checking '/home/autopilot/ws/restackcell/install/mockup_robot/lib'
[16.544s] Level 1:colcon.colcon_core.environment:checking '/home/autopilot/ws/restackcell/install/mockup_robot/bin'
[16.544s] Level 1:colcon.colcon_core.environment:checking '/home/autopilot/ws/restackcell/install/mockup_robot/lib/pkgconfig/mockup_robot.pc'
[16.546s] Level 1:colcon.colcon_core.environment:checking '/home/autopilot/ws/restackcell/install/mockup_robot/lib/python3.10/site-packages'
[16.555s] Level 1:colcon.colcon_core.environment:checking '/home/autopilot/ws/restackcell/install/mockup_robot/bin'
[16.556s] INFO:colcon.colcon_core.shell:Creating package script '/home/autopilot/ws/restackcell/install/mockup_robot/share/mockup_robot/package.ps1'
[16.558s] INFO:colcon.colcon_core.shell:Creating package descriptor '/home/autopilot/ws/restackcell/install/mockup_robot/share/mockup_robot/package.dsv'
[16.560s] INFO:colcon.colcon_core.shell:Creating package script '/home/autopilot/ws/restackcell/install/mockup_robot/share/mockup_robot/package.sh'
[16.561s] INFO:colcon.colcon_core.shell:Creating package script '/home/autopilot/ws/restackcell/install/mockup_robot/share/mockup_robot/package.bash'
[16.568s] INFO:colcon.colcon_core.shell:Creating package script '/home/autopilot/ws/restackcell/install/mockup_robot/share/mockup_robot/package.zsh'
[16.570s] Level 1:colcon.colcon_core.environment:create_file_with_runtime_dependencies(/home/autopilot/ws/restackcell/install/mockup_robot/share/colcon-core/packages/mockup_robot)
[16.573s] INFO:colcon.colcon_ros.task.ament_cmake.build:Building ROS package in '/home/autopilot/ws/restackcell/ws_moveit2/src/robo_planner' with build type 'ament_cmake'
[16.589s] INFO:colcon.colcon_cmake.task.cmake.build:Building CMake package in '/home/autopilot/ws/restackcell/ws_moveit2/src/robo_planner'
[16.595s] INFO:colcon.colcon_core.shell:Skip shell extension 'powershell' for command environment: Not usable outside of PowerShell
[16.595s] DEBUG:colcon.colcon_core.shell:Skip shell extension 'dsv' for command environment
[16.763s] DEBUG:colcon.colcon_core.event_handler.log_command:Invoking command in '/home/autopilot/ws/restackcell/build/robo_planner': AMENT_PREFIX_PATH=/home/autopilot/ws/restackcell/install/opcua_interfaces:${AMENT_PREFIX_PATH} CMAKE_PREFIX_PATH=/opt/ros/humble:/home/autopilot/ws/restackcell/install/wzlscheduler_interfaces:/home/autopilot/ws/restackcell/install/opcua_interfaces LD_LIBRARY_PATH=/home/autopilot/ws/restackcell/install/wzlscheduler_interfaces/lib:/home/autopilot/ws/restackcell/install/opcua_interfaces/lib:${LD_LIBRARY_PATH} PKG_CONFIG_PATH=/home/autopilot/ws/restackcell/install/wzlscheduler_interfaces/lib/aarch64-linux-gnu/pkgconfig:/home/autopilot/ws/restackcell/install/wzlscheduler_interfaces/lib/pkgconfig PYTHONPATH=/home/autopilot/ws/restackcell/install/wzlscheduler_interfaces/local/lib/python3.10/dist-packages:/home/autopilot/ws/restackcell/install/opcua_interfaces/local/lib/python3.10/dist-packages:${PYTHONPATH} ROS_PACKAGE_PATH=/home/autopilot/ws/restackcell/install/wzlscheduler_interfaces/share /usr/bin/cmake --build /home/autopilot/ws/restackcell/build/robo_planner -- -j4 -l4
[17.312s] DEBUG:colcon.colcon_core.event_handler.log_command:Invoked command in '/home/autopilot/ws/restackcell/build/robo_planner' returned '0': AMENT_PREFIX_PATH=/home/autopilot/ws/restackcell/install/opcua_interfaces:${AMENT_PREFIX_PATH} CMAKE_PREFIX_PATH=/opt/ros/humble:/home/autopilot/ws/restackcell/install/wzlscheduler_interfaces:/home/autopilot/ws/restackcell/install/opcua_interfaces LD_LIBRARY_PATH=/home/autopilot/ws/restackcell/install/wzlscheduler_interfaces/lib:/home/autopilot/ws/restackcell/install/opcua_interfaces/lib:${LD_LIBRARY_PATH} PKG_CONFIG_PATH=/home/autopilot/ws/restackcell/install/wzlscheduler_interfaces/lib/aarch64-linux-gnu/pkgconfig:/home/autopilot/ws/restackcell/install/wzlscheduler_interfaces/lib/pkgconfig PYTHONPATH=/home/autopilot/ws/restackcell/install/wzlscheduler_interfaces/local/lib/python3.10/dist-packages:/home/autopilot/ws/restackcell/install/opcua_interfaces/local/lib/python3.10/dist-packages:${PYTHONPATH} ROS_PACKAGE_PATH=/home/autopilot/ws/restackcell/install/wzlscheduler_interfaces/share /usr/bin/cmake --build /home/autopilot/ws/restackcell/build/robo_planner -- -j4 -l4
[18.272s] DEBUG:colcon.colcon_core.event_handler.log_command:Invoking command in '/home/autopilot/ws/restackcell/build/robo_planner': AMENT_PREFIX_PATH=/home/autopilot/ws/restackcell/install/opcua_interfaces:${AMENT_PREFIX_PATH} CMAKE_PREFIX_PATH=/opt/ros/humble:/home/autopilot/ws/restackcell/install/wzlscheduler_interfaces:/home/autopilot/ws/restackcell/install/opcua_interfaces LD_LIBRARY_PATH=/home/autopilot/ws/restackcell/install/wzlscheduler_interfaces/lib:/home/autopilot/ws/restackcell/install/opcua_interfaces/lib:${LD_LIBRARY_PATH} PKG_CONFIG_PATH=/home/autopilot/ws/restackcell/install/wzlscheduler_interfaces/lib/aarch64-linux-gnu/pkgconfig:/home/autopilot/ws/restackcell/install/wzlscheduler_interfaces/lib/pkgconfig PYTHONPATH=/home/autopilot/ws/restackcell/install/wzlscheduler_interfaces/local/lib/python3.10/dist-packages:/home/autopilot/ws/restackcell/install/opcua_interfaces/local/lib/python3.10/dist-packages:${PYTHONPATH} ROS_PACKAGE_PATH=/home/autopilot/ws/restackcell/install/wzlscheduler_interfaces/share /usr/bin/cmake --install /home/autopilot/ws/restackcell/build/robo_planner
[18.509s] Level 1:colcon.colcon_core.environment:create_environment_scripts_only(robo_planner)
[18.510s] Level 1:colcon.colcon_core.environment:checking '/home/autopilot/ws/restackcell/install/robo_planner' for CMake module files
[18.515s] Level 1:colcon.colcon_core.environment:checking '/home/autopilot/ws/restackcell/install/robo_planner' for CMake config files
[18.516s] Level 1:colcon.colcon_core.shell:create_environment_hook('robo_planner', 'cmake_prefix_path')
[18.516s] INFO:colcon.colcon_core.shell:Creating environment hook '/home/autopilot/ws/restackcell/install/robo_planner/share/robo_planner/hook/cmake_prefix_path.ps1'
[18.518s] INFO:colcon.colcon_core.shell:Creating environment descriptor '/home/autopilot/ws/restackcell/install/robo_planner/share/robo_planner/hook/cmake_prefix_path.dsv'
[18.519s] INFO:colcon.colcon_core.shell:Creating environment hook '/home/autopilot/ws/restackcell/install/robo_planner/share/robo_planner/hook/cmake_prefix_path.sh'
[18.520s] Level 1:colcon.colcon_core.environment:checking '/home/autopilot/ws/restackcell/install/robo_planner/lib'
[18.521s] Level 1:colcon.colcon_core.environment:checking '/home/autopilot/ws/restackcell/install/robo_planner/bin'
[18.521s] Level 1:colcon.colcon_core.environment:checking '/home/autopilot/ws/restackcell/install/robo_planner/lib/pkgconfig/robo_planner.pc'
[18.521s] Level 1:colcon.colcon_core.environment:checking '/home/autopilot/ws/restackcell/install/robo_planner/lib/python3.10/site-packages'
[18.522s] Level 1:colcon.colcon_core.environment:checking '/home/autopilot/ws/restackcell/install/robo_planner/bin'
[18.524s] INFO:colcon.colcon_core.shell:Creating package script '/home/autopilot/ws/restackcell/install/robo_planner/share/robo_planner/package.ps1'
[18.533s] INFO:colcon.colcon_core.shell:Creating package descriptor '/home/autopilot/ws/restackcell/install/robo_planner/share/robo_planner/package.dsv'
[18.539s] INFO:colcon.colcon_core.shell:Creating package script '/home/autopilot/ws/restackcell/install/robo_planner/share/robo_planner/package.sh'
[18.544s] INFO:colcon.colcon_core.shell:Creating package script '/home/autopilot/ws/restackcell/install/robo_planner/share/robo_planner/package.bash'
[18.550s] INFO:colcon.colcon_core.shell:Creating package script '/home/autopilot/ws/restackcell/install/robo_planner/share/robo_planner/package.zsh'
[18.557s] Level 1:colcon.colcon_core.environment:create_file_with_runtime_dependencies(/home/autopilot/ws/restackcell/install/robo_planner/share/colcon-core/packages/robo_planner)
[18.621s] DEBUG:colcon.colcon_core.event_handler.log_command:Invoked command in '/home/autopilot/ws/restackcell/build/robo_planner' returned '0': AMENT_PREFIX_PATH=/home/autopilot/ws/restackcell/install/opcua_interfaces:${AMENT_PREFIX_PATH} CMAKE_PREFIX_PATH=/opt/ros/humble:/home/autopilot/ws/restackcell/install/wzlscheduler_interfaces:/home/autopilot/ws/restackcell/install/opcua_interfaces LD_LIBRARY_PATH=/home/autopilot/ws/restackcell/install/wzlscheduler_interfaces/lib:/home/autopilot/ws/restackcell/install/opcua_interfaces/lib:${LD_LIBRARY_PATH} PKG_CONFIG_PATH=/home/autopilot/ws/restackcell/install/wzlscheduler_interfaces/lib/aarch64-linux-gnu/pkgconfig:/home/autopilot/ws/restackcell/install/wzlscheduler_interfaces/lib/pkgconfig PYTHONPATH=/home/autopilot/ws/restackcell/install/wzlscheduler_interfaces/local/lib/python3.10/dist-packages:/home/autopilot/ws/restackcell/install/opcua_interfaces/local/lib/python3.10/dist-packages:${PYTHONPATH} ROS_PACKAGE_PATH=/home/autopilot/ws/restackcell/install/wzlscheduler_interfaces/share /usr/bin/cmake --install /home/autopilot/ws/restackcell/build/robo_planner
[18.623s] DEBUG:colcon.colcon_core.event_handler.log_command:Invoked command in '/home/autopilot/ws/restackcell/build/pcl_segmentation' returned '0': CMAKE_PREFIX_PATH=/opt/ros/humble:/home/autopilot/ws/restackcell/install/wzlscheduler_interfaces LD_LIBRARY_PATH=/home/autopilot/ws/restackcell/install/wzlscheduler_interfaces/lib:${LD_LIBRARY_PATH} PKG_CONFIG_PATH=/home/autopilot/ws/restackcell/install/wzlscheduler_interfaces/lib/aarch64-linux-gnu/pkgconfig:/home/autopilot/ws/restackcell/install/wzlscheduler_interfaces/lib/pkgconfig PYTHONPATH=/home/autopilot/ws/restackcell/install/wzlscheduler_interfaces/local/lib/python3.10/dist-packages:${PYTHONPATH} ROS_PACKAGE_PATH=/home/autopilot/ws/restackcell/install/wzlscheduler_interfaces/share /usr/bin/cmake --build /home/autopilot/ws/restackcell/build/pcl_segmentation -- -j4 -l4
[19.325s] DEBUG:colcon.colcon_core.event_handler.log_command:Invoking command in '/home/autopilot/ws/restackcell/build/pcl_segmentation': CMAKE_PREFIX_PATH=/opt/ros/humble:/home/autopilot/ws/restackcell/install/wzlscheduler_interfaces LD_LIBRARY_PATH=/home/autopilot/ws/restackcell/install/wzlscheduler_interfaces/lib:${LD_LIBRARY_PATH} PKG_CONFIG_PATH=/home/autopilot/ws/restackcell/install/wzlscheduler_interfaces/lib/aarch64-linux-gnu/pkgconfig:/home/autopilot/ws/restackcell/install/wzlscheduler_interfaces/lib/pkgconfig PYTHONPATH=/home/autopilot/ws/restackcell/install/wzlscheduler_interfaces/local/lib/python3.10/dist-packages:${PYTHONPATH} ROS_PACKAGE_PATH=/home/autopilot/ws/restackcell/install/wzlscheduler_interfaces/share /usr/bin/cmake --install /home/autopilot/ws/restackcell/build/pcl_segmentation
[19.427s] Level 1:colcon.colcon_core.environment:create_environment_scripts_only(pcl_segmentation)
[19.428s] Level 1:colcon.colcon_core.environment:checking '/home/autopilot/ws/restackcell/install/pcl_segmentation' for CMake module files
[19.429s] Level 1:colcon.colcon_core.environment:checking '/home/autopilot/ws/restackcell/install/pcl_segmentation' for CMake config files
[19.430s] Level 1:colcon.colcon_core.shell:create_environment_hook('pcl_segmentation', 'cmake_prefix_path')
[19.430s] INFO:colcon.colcon_core.shell:Creating environment hook '/home/autopilot/ws/restackcell/install/pcl_segmentation/share/pcl_segmentation/hook/cmake_prefix_path.ps1'
[19.431s] DEBUG:colcon.colcon_core.event_handler.log_command:Invoked command in '/home/autopilot/ws/restackcell/build/pcl_segmentation' returned '0': CMAKE_PREFIX_PATH=/opt/ros/humble:/home/autopilot/ws/restackcell/install/wzlscheduler_interfaces LD_LIBRARY_PATH=/home/autopilot/ws/restackcell/install/wzlscheduler_interfaces/lib:${LD_LIBRARY_PATH} PKG_CONFIG_PATH=/home/autopilot/ws/restackcell/install/wzlscheduler_interfaces/lib/aarch64-linux-gnu/pkgconfig:/home/autopilot/ws/restackcell/install/wzlscheduler_interfaces/lib/pkgconfig PYTHONPATH=/home/autopilot/ws/restackcell/install/wzlscheduler_interfaces/local/lib/python3.10/dist-packages:${PYTHONPATH} ROS_PACKAGE_PATH=/home/autopilot/ws/restackcell/install/wzlscheduler_interfaces/share /usr/bin/cmake --install /home/autopilot/ws/restackcell/build/pcl_segmentation
[19.434s] INFO:colcon.colcon_core.shell:Creating environment descriptor '/home/autopilot/ws/restackcell/install/pcl_segmentation/share/pcl_segmentation/hook/cmake_prefix_path.dsv'
[19.435s] INFO:colcon.colcon_core.shell:Creating environment hook '/home/autopilot/ws/restackcell/install/pcl_segmentation/share/pcl_segmentation/hook/cmake_prefix_path.sh'
[19.437s] Level 1:colcon.colcon_core.environment:checking '/home/autopilot/ws/restackcell/install/pcl_segmentation/lib'
[19.438s] Level 1:colcon.colcon_core.environment:checking '/home/autopilot/ws/restackcell/install/pcl_segmentation/bin'
[19.438s] Level 1:colcon.colcon_core.environment:checking '/home/autopilot/ws/restackcell/install/pcl_segmentation/lib/pkgconfig/pcl_segmentation.pc'
[19.439s] Level 1:colcon.colcon_core.environment:checking '/home/autopilot/ws/restackcell/install/pcl_segmentation/lib/python3.10/site-packages'
[19.439s] Level 1:colcon.colcon_core.environment:checking '/home/autopilot/ws/restackcell/install/pcl_segmentation/bin'
[19.441s] INFO:colcon.colcon_core.shell:Creating package script '/home/autopilot/ws/restackcell/install/pcl_segmentation/share/pcl_segmentation/package.ps1'
[19.446s] INFO:colcon.colcon_core.shell:Creating package descriptor '/home/autopilot/ws/restackcell/install/pcl_segmentation/share/pcl_segmentation/package.dsv'
[19.449s] INFO:colcon.colcon_core.shell:Creating package script '/home/autopilot/ws/restackcell/install/pcl_segmentation/share/pcl_segmentation/package.sh'
[19.454s] INFO:colcon.colcon_core.shell:Creating package script '/home/autopilot/ws/restackcell/install/pcl_segmentation/share/pcl_segmentation/package.bash'
[19.457s] INFO:colcon.colcon_core.shell:Creating package script '/home/autopilot/ws/restackcell/install/pcl_segmentation/share/pcl_segmentation/package.zsh'
[19.460s] Level 1:colcon.colcon_core.environment:create_file_with_runtime_dependencies(/home/autopilot/ws/restackcell/install/pcl_segmentation/share/colcon-core/packages/pcl_segmentation)
[19.488s] DEBUG:colcon.colcon_core.event_handler.log_command:Invoking command in '/home/autopilot/ws/restackcell/ws_moveit2/src/grid_snapper': CMAKE_PREFIX_PATH=/home/autopilot/ws/restackcell/install/wzlscheduler_interfaces LD_LIBRARY_PATH=/home/autopilot/ws/restackcell/install/wzlscheduler_interfaces/lib:${LD_LIBRARY_PATH} PKG_CONFIG_PATH=/home/autopilot/ws/restackcell/install/wzlscheduler_interfaces/lib/aarch64-linux-gnu/pkgconfig:/home/autopilot/ws/restackcell/install/wzlscheduler_interfaces/lib/pkgconfig PYTHONPATH=/home/autopilot/ws/restackcell/build/grid_snapper/prefix_override:/usr/lib/python3/dist-packages/colcon_core/task/python/colcon_distutils_commands:/home/autopilot/ws/restackcell/install/grid_snapper/lib/python3.10/site-packages:/home/autopilot/ws/restackcell/install/wzlscheduler_interfaces/local/lib/python3.10/dist-packages:${PYTHONPATH} ROS_PACKAGE_PATH=/home/autopilot/ws/restackcell/install/wzlscheduler_interfaces/share /usr/bin/python3 -W ignore:setup.py install is deprecated setup.py egg_info --egg-base ../../../build/grid_snapper build --build-base /home/autopilot/ws/restackcell/build/grid_snapper/build install --record /home/autopilot/ws/restackcell/build/grid_snapper/install.log --single-version-externally-managed install_data
[19.568s] Level 1:colcon.colcon_core.environment:create_environment_scripts_only(robo_planner)
[19.569s] Level 1:colcon.colcon_core.environment:checking '/home/autopilot/ws/restackcell/install/robo_planner' for CMake module files
[19.571s] Level 1:colcon.colcon_core.environment:checking '/home/autopilot/ws/restackcell/install/robo_planner' for CMake config files
[19.571s] Level 1:colcon.colcon_core.shell:create_environment_hook('robo_planner', 'cmake_prefix_path')
[19.572s] INFO:colcon.colcon_core.shell:Creating environment hook '/home/autopilot/ws/restackcell/install/robo_planner/share/robo_planner/hook/cmake_prefix_path.ps1'
[19.575s] INFO:colcon.colcon_core.shell:Creating environment descriptor '/home/autopilot/ws/restackcell/install/robo_planner/share/robo_planner/hook/cmake_prefix_path.dsv'
[19.576s] INFO:colcon.colcon_core.shell:Creating environment hook '/home/autopilot/ws/restackcell/install/robo_planner/share/robo_planner/hook/cmake_prefix_path.sh'
[19.578s] Level 1:colcon.colcon_core.environment:checking '/home/autopilot/ws/restackcell/install/robo_planner/lib'
[19.579s] Level 1:colcon.colcon_core.environment:checking '/home/autopilot/ws/restackcell/install/robo_planner/bin'
[19.580s] Level 1:colcon.colcon_core.environment:checking '/home/autopilot/ws/restackcell/install/robo_planner/lib/pkgconfig/robo_planner.pc'
[19.582s] Level 1:colcon.colcon_core.environment:checking '/home/autopilot/ws/restackcell/install/robo_planner/lib/python3.10/site-packages'
[19.583s] Level 1:colcon.colcon_core.environment:checking '/home/autopilot/ws/restackcell/install/robo_planner/bin'
[19.587s] INFO:colcon.colcon_core.shell:Creating package script '/home/autopilot/ws/restackcell/install/robo_planner/share/robo_planner/package.ps1'
[19.598s] INFO:colcon.colcon_core.shell:Creating package descriptor '/home/autopilot/ws/restackcell/install/robo_planner/share/robo_planner/package.dsv'
[19.603s] INFO:colcon.colcon_core.shell:Creating package script '/home/autopilot/ws/restackcell/install/robo_planner/share/robo_planner/package.sh'
[19.610s] INFO:colcon.colcon_core.shell:Creating package script '/home/autopilot/ws/restackcell/install/robo_planner/share/robo_planner/package.bash'
[19.616s] INFO:colcon.colcon_core.shell:Creating package script '/home/autopilot/ws/restackcell/install/robo_planner/share/robo_planner/package.zsh'
[19.625s] Level 1:colcon.colcon_core.environment:create_file_with_runtime_dependencies(/home/autopilot/ws/restackcell/install/robo_planner/share/colcon-core/packages/robo_planner)
[19.630s] INFO:colcon.colcon_ros.task.ament_python.build:Building ROS package in '/home/autopilot/ws/restackcell/ws_moveit2/src/robo_planner_py' with build type 'ament_python'
[19.632s] Level 1:colcon.colcon_core.shell:create_environment_hook('robo_planner_py', 'ament_prefix_path')
[19.634s] INFO:colcon.colcon_core.shell:Creating environment hook '/home/autopilot/ws/restackcell/install/robo_planner_py/share/robo_planner_py/hook/ament_prefix_path.ps1'
[19.639s] INFO:colcon.colcon_core.shell:Creating environment descriptor '/home/autopilot/ws/restackcell/install/robo_planner_py/share/robo_planner_py/hook/ament_prefix_path.dsv'
[19.642s] INFO:colcon.colcon_core.shell:Creating environment hook '/home/autopilot/ws/restackcell/install/robo_planner_py/share/robo_planner_py/hook/ament_prefix_path.sh'
[19.649s] INFO:colcon.colcon_core.shell:Skip shell extension 'powershell' for command environment: Not usable outside of PowerShell
[19.650s] DEBUG:colcon.colcon_core.shell:Skip shell extension 'dsv' for command environment
[21.122s] INFO:colcon.colcon_core.task.python.build:Building Python package in '/home/autopilot/ws/restackcell/ws_moveit2/src/robo_planner_py'
[21.123s] INFO:colcon.colcon_core.shell:Skip shell extension 'powershell' for command environment: Not usable outside of PowerShell
[21.123s] DEBUG:colcon.colcon_core.shell:Skip shell extension 'dsv' for command environment
[21.157s] Level 1:colcon.colcon_core.environment:create_environment_scripts_only(pcl_segmentation)
[21.157s] Level 1:colcon.colcon_core.environment:checking '/home/autopilot/ws/restackcell/install/pcl_segmentation' for CMake module files
[21.160s] Level 1:colcon.colcon_core.environment:checking '/home/autopilot/ws/restackcell/install/pcl_segmentation' for CMake config files
[21.161s] Level 1:colcon.colcon_core.shell:create_environment_hook('pcl_segmentation', 'cmake_prefix_path')
[21.162s] INFO:colcon.colcon_core.shell:Creating environment hook '/home/autopilot/ws/restackcell/install/pcl_segmentation/share/pcl_segmentation/hook/cmake_prefix_path.ps1'
[21.163s] INFO:colcon.colcon_core.shell:Creating environment descriptor '/home/autopilot/ws/restackcell/install/pcl_segmentation/share/pcl_segmentation/hook/cmake_prefix_path.dsv'
[21.163s] INFO:colcon.colcon_core.shell:Creating environment hook '/home/autopilot/ws/restackcell/install/pcl_segmentation/share/pcl_segmentation/hook/cmake_prefix_path.sh'
[21.165s] Level 1:colcon.colcon_core.environment:checking '/home/autopilot/ws/restackcell/install/pcl_segmentation/lib'
[21.165s] Level 1:colcon.colcon_core.environment:checking '/home/autopilot/ws/restackcell/install/pcl_segmentation/bin'
[21.165s] Level 1:colcon.colcon_core.environment:checking '/home/autopilot/ws/restackcell/install/pcl_segmentation/lib/pkgconfig/pcl_segmentation.pc'
[21.166s] Level 1:colcon.colcon_core.environment:checking '/home/autopilot/ws/restackcell/install/pcl_segmentation/lib/python3.10/site-packages'
[21.166s] Level 1:colcon.colcon_core.environment:checking '/home/autopilot/ws/restackcell/install/pcl_segmentation/bin'
[21.167s] INFO:colcon.colcon_core.shell:Creating package script '/home/autopilot/ws/restackcell/install/pcl_segmentation/share/pcl_segmentation/package.ps1'
[21.175s] INFO:colcon.colcon_core.shell:Creating package descriptor '/home/autopilot/ws/restackcell/install/pcl_segmentation/share/pcl_segmentation/package.dsv'
[21.177s] INFO:colcon.colcon_core.shell:Creating package script '/home/autopilot/ws/restackcell/install/pcl_segmentation/share/pcl_segmentation/package.sh'
[21.179s] INFO:colcon.colcon_core.shell:Creating package script '/home/autopilot/ws/restackcell/install/pcl_segmentation/share/pcl_segmentation/package.bash'
[21.180s] INFO:colcon.colcon_core.shell:Creating package script '/home/autopilot/ws/restackcell/install/pcl_segmentation/share/pcl_segmentation/package.zsh'
[21.180s] Level 1:colcon.colcon_core.environment:create_file_with_runtime_dependencies(/home/autopilot/ws/restackcell/install/pcl_segmentation/share/colcon-core/packages/pcl_segmentation)
[22.124s] Level 1:colcon.colcon_core.environment:checking '/home/autopilot/ws/restackcell/install/grid_snapper' for CMake module files
[22.125s] Level 1:colcon.colcon_core.environment:checking '/home/autopilot/ws/restackcell/install/grid_snapper' for CMake config files
[22.127s] DEBUG:colcon.colcon_core.event_handler.log_command:Invoked command in '/home/autopilot/ws/restackcell/ws_moveit2/src/grid_snapper' returned '0': CMAKE_PREFIX_PATH=/home/autopilot/ws/restackcell/install/wzlscheduler_interfaces LD_LIBRARY_PATH=/home/autopilot/ws/restackcell/install/wzlscheduler_interfaces/lib:${LD_LIBRARY_PATH} PKG_CONFIG_PATH=/home/autopilot/ws/restackcell/install/wzlscheduler_interfaces/lib/aarch64-linux-gnu/pkgconfig:/home/autopilot/ws/restackcell/install/wzlscheduler_interfaces/lib/pkgconfig PYTHONPATH=/home/autopilot/ws/restackcell/build/grid_snapper/prefix_override:/usr/lib/python3/dist-packages/colcon_core/task/python/colcon_distutils_commands:/home/autopilot/ws/restackcell/install/grid_snapper/lib/python3.10/site-packages:/home/autopilot/ws/restackcell/install/wzlscheduler_interfaces/local/lib/python3.10/dist-packages:${PYTHONPATH} ROS_PACKAGE_PATH=/home/autopilot/ws/restackcell/install/wzlscheduler_interfaces/share /usr/bin/python3 -W ignore:setup.py install is deprecated setup.py egg_info --egg-base ../../../build/grid_snapper build --build-base /home/autopilot/ws/restackcell/build/grid_snapper/build install --record /home/autopilot/ws/restackcell/build/grid_snapper/install.log --single-version-externally-managed install_data
[22.133s] Level 1:colcon.colcon_core.environment:checking '/home/autopilot/ws/restackcell/install/grid_snapper/lib'
[22.134s] Level 1:colcon.colcon_core.environment:checking '/home/autopilot/ws/restackcell/install/grid_snapper/bin'
[22.136s] Level 1:colcon.colcon_core.environment:checking '/home/autopilot/ws/restackcell/install/grid_snapper/lib/pkgconfig/grid_snapper.pc'
[22.166s] Level 1:colcon.colcon_core.environment:checking '/home/autopilot/ws/restackcell/install/grid_snapper/lib/python3.10/site-packages'
[22.167s] Level 1:colcon.colcon_core.shell:create_environment_hook('grid_snapper', 'pythonpath')
[22.168s] INFO:colcon.colcon_core.shell:Creating environment hook '/home/autopilot/ws/restackcell/install/grid_snapper/share/grid_snapper/hook/pythonpath.ps1'
[22.173s] INFO:colcon.colcon_core.shell:Creating environment descriptor '/home/autopilot/ws/restackcell/install/grid_snapper/share/grid_snapper/hook/pythonpath.dsv'
[22.175s] INFO:colcon.colcon_core.shell:Creating environment hook '/home/autopilot/ws/restackcell/install/grid_snapper/share/grid_snapper/hook/pythonpath.sh'
[22.180s] Level 1:colcon.colcon_core.environment:checking '/home/autopilot/ws/restackcell/install/grid_snapper/bin'
[22.181s] Level 1:colcon.colcon_core.environment:create_environment_scripts_only(grid_snapper)
[22.184s] INFO:colcon.colcon_core.shell:Creating package script '/home/autopilot/ws/restackcell/install/grid_snapper/share/grid_snapper/package.ps1'
[22.187s] INFO:colcon.colcon_core.shell:Creating package descriptor '/home/autopilot/ws/restackcell/install/grid_snapper/share/grid_snapper/package.dsv'
[22.190s] INFO:colcon.colcon_core.shell:Creating package script '/home/autopilot/ws/restackcell/install/grid_snapper/share/grid_snapper/package.sh'
[22.193s] INFO:colcon.colcon_core.shell:Creating package script '/home/autopilot/ws/restackcell/install/grid_snapper/share/grid_snapper/package.bash'
[22.196s] INFO:colcon.colcon_core.shell:Creating package script '/home/autopilot/ws/restackcell/install/grid_snapper/share/grid_snapper/package.zsh'
[22.200s] Level 1:colcon.colcon_core.environment:create_file_with_runtime_dependencies(/home/autopilot/ws/restackcell/install/grid_snapper/share/colcon-core/packages/grid_snapper)
[22.919s] DEBUG:colcon.colcon_core.event_handler.log_command:Invoking command in '/home/autopilot/ws/restackcell/ws_moveit2/src/robo_planner_py': AMENT_PREFIX_PATH=/home/autopilot/ws/restackcell/install/opcua_interfaces:${AMENT_PREFIX_PATH} CMAKE_PREFIX_PATH=/home/autopilot/ws/restackcell/install/wzlscheduler_interfaces:/home/autopilot/ws/restackcell/install/opcua_interfaces LD_LIBRARY_PATH=/home/autopilot/ws/restackcell/install/wzlscheduler_interfaces/lib:/home/autopilot/ws/restackcell/install/opcua_interfaces/lib:${LD_LIBRARY_PATH} PKG_CONFIG_PATH=/home/autopilot/ws/restackcell/install/wzlscheduler_interfaces/lib/aarch64-linux-gnu/pkgconfig:/home/autopilot/ws/restackcell/install/wzlscheduler_interfaces/lib/pkgconfig PYTHONPATH=/home/autopilot/ws/restackcell/build/robo_planner_py/prefix_override:/usr/lib/python3/dist-packages/colcon_core/task/python/colcon_distutils_commands:/home/autopilot/ws/restackcell/install/robo_planner_py/lib/python3.10/site-packages:/home/autopilot/ws/restackcell/install/wzlscheduler_interfaces/local/lib/python3.10/dist-packages:/home/autopilot/ws/restackcell/install/opcua_interfaces/local/lib/python3.10/dist-packages:${PYTHONPATH} ROS_PACKAGE_PATH=/home/autopilot/ws/restackcell/install/wzlscheduler_interfaces/share /usr/bin/python3 -W ignore:setup.py install is deprecated setup.py egg_info --egg-base ../../../build/robo_planner_py build --build-base /home/autopilot/ws/restackcell/build/robo_planner_py/build install --record /home/autopilot/ws/restackcell/build/robo_planner_py/install.log --single-version-externally-managed install_data
[23.982s] Level 1:colcon.colcon_core.environment:checking '/home/autopilot/ws/restackcell/install/robo_planner_py' for CMake module files
[23.984s] Level 1:colcon.colcon_core.environment:checking '/home/autopilot/ws/restackcell/install/robo_planner_py' for CMake config files
[23.985s] Level 1:colcon.colcon_core.environment:checking '/home/autopilot/ws/restackcell/install/robo_planner_py/lib'
[23.985s] Level 1:colcon.colcon_core.environment:checking '/home/autopilot/ws/restackcell/install/robo_planner_py/bin'
[23.985s] Level 1:colcon.colcon_core.environment:checking '/home/autopilot/ws/restackcell/install/robo_planner_py/lib/pkgconfig/robo_planner_py.pc'
[23.986s] Level 1:colcon.colcon_core.environment:checking '/home/autopilot/ws/restackcell/install/robo_planner_py/lib/python3.10/site-packages'
[23.987s] Level 1:colcon.colcon_core.shell:create_environment_hook('robo_planner_py', 'pythonpath')
[23.988s] DEBUG:colcon.colcon_core.event_handler.log_command:Invoked command in '/home/autopilot/ws/restackcell/ws_moveit2/src/robo_planner_py' returned '0': AMENT_PREFIX_PATH=/home/autopilot/ws/restackcell/install/opcua_interfaces:${AMENT_PREFIX_PATH} CMAKE_PREFIX_PATH=/home/autopilot/ws/restackcell/install/wzlscheduler_interfaces:/home/autopilot/ws/restackcell/install/opcua_interfaces LD_LIBRARY_PATH=/home/autopilot/ws/restackcell/install/wzlscheduler_interfaces/lib:/home/autopilot/ws/restackcell/install/opcua_interfaces/lib:${LD_LIBRARY_PATH} PKG_CONFIG_PATH=/home/autopilot/ws/restackcell/install/wzlscheduler_interfaces/lib/aarch64-linux-gnu/pkgconfig:/home/autopilot/ws/restackcell/install/wzlscheduler_interfaces/lib/pkgconfig PYTHONPATH=/home/autopilot/ws/restackcell/build/robo_planner_py/prefix_override:/usr/lib/python3/dist-packages/colcon_core/task/python/colcon_distutils_commands:/home/autopilot/ws/restackcell/install/robo_planner_py/lib/python3.10/site-packages:/home/autopilot/ws/restackcell/install/wzlscheduler_interfaces/local/lib/python3.10/dist-packages:/home/autopilot/ws/restackcell/install/opcua_interfaces/local/lib/python3.10/dist-packages:${PYTHONPATH} ROS_PACKAGE_PATH=/home/autopilot/ws/restackcell/install/wzlscheduler_interfaces/share /usr/bin/python3 -W ignore:setup.py install is deprecated setup.py egg_info --egg-base ../../../build/robo_planner_py build --build-base /home/autopilot/ws/restackcell/build/robo_planner_py/build install --record /home/autopilot/ws/restackcell/build/robo_planner_py/install.log --single-version-externally-managed install_data
[23.990s] INFO:colcon.colcon_core.shell:Creating environment hook '/home/autopilot/ws/restackcell/install/robo_planner_py/share/robo_planner_py/hook/pythonpath.ps1'
[23.992s] INFO:colcon.colcon_core.shell:Creating environment descriptor '/home/autopilot/ws/restackcell/install/robo_planner_py/share/robo_planner_py/hook/pythonpath.dsv'
[23.993s] INFO:colcon.colcon_core.shell:Creating environment hook '/home/autopilot/ws/restackcell/install/robo_planner_py/share/robo_planner_py/hook/pythonpath.sh'
[23.996s] Level 1:colcon.colcon_core.environment:checking '/home/autopilot/ws/restackcell/install/robo_planner_py/bin'
[23.996s] Level 1:colcon.colcon_core.environment:create_environment_scripts_only(robo_planner_py)
[23.997s] INFO:colcon.colcon_core.shell:Creating package script '/home/autopilot/ws/restackcell/install/robo_planner_py/share/robo_planner_py/package.ps1'
[24.004s] INFO:colcon.colcon_core.shell:Creating package descriptor '/home/autopilot/ws/restackcell/install/robo_planner_py/share/robo_planner_py/package.dsv'
[24.006s] INFO:colcon.colcon_core.shell:Creating package script '/home/autopilot/ws/restackcell/install/robo_planner_py/share/robo_planner_py/package.sh'
[24.008s] INFO:colcon.colcon_core.shell:Creating package script '/home/autopilot/ws/restackcell/install/robo_planner_py/share/robo_planner_py/package.bash'
[24.009s] INFO:colcon.colcon_core.shell:Creating package script '/home/autopilot/ws/restackcell/install/robo_planner_py/share/robo_planner_py/package.zsh'
[24.011s] Level 1:colcon.colcon_core.environment:create_file_with_runtime_dependencies(/home/autopilot/ws/restackcell/install/robo_planner_py/share/colcon-core/packages/robo_planner_py)
[86.517s] DEBUG:colcon.colcon_core.event_handler.log_command:Invoked command in '/home/autopilot/ws/restackcell/build/moveit_backend' returned '0': CMAKE_PREFIX_PATH=/opt/ros/humble:/home/autopilot/ws/restackcell/install/wzlscheduler_interfaces LD_LIBRARY_PATH=/home/autopilot/ws/restackcell/install/wzlscheduler_interfaces/lib:${LD_LIBRARY_PATH} PKG_CONFIG_PATH=/home/autopilot/ws/restackcell/install/wzlscheduler_interfaces/lib/aarch64-linux-gnu/pkgconfig:/home/autopilot/ws/restackcell/install/wzlscheduler_interfaces/lib/pkgconfig PYTHONPATH=/home/autopilot/ws/restackcell/install/wzlscheduler_interfaces/local/lib/python3.10/dist-packages:${PYTHONPATH} ROS_PACKAGE_PATH=/home/autopilot/ws/restackcell/install/wzlscheduler_interfaces/share /usr/bin/cmake --build /home/autopilot/ws/restackcell/build/moveit_backend -- -j4 -l4
[86.577s] DEBUG:colcon.colcon_core.event_handler.log_command:Invoking command in '/home/autopilot/ws/restackcell/build/moveit_backend': CMAKE_PREFIX_PATH=/opt/ros/humble:/home/autopilot/ws/restackcell/install/wzlscheduler_interfaces LD_LIBRARY_PATH=/home/autopilot/ws/restackcell/install/wzlscheduler_interfaces/lib:${LD_LIBRARY_PATH} PKG_CONFIG_PATH=/home/autopilot/ws/restackcell/install/wzlscheduler_interfaces/lib/aarch64-linux-gnu/pkgconfig:/home/autopilot/ws/restackcell/install/wzlscheduler_interfaces/lib/pkgconfig PYTHONPATH=/home/autopilot/ws/restackcell/install/wzlscheduler_interfaces/local/lib/python3.10/dist-packages:${PYTHONPATH} ROS_PACKAGE_PATH=/home/autopilot/ws/restackcell/install/wzlscheduler_interfaces/share /usr/bin/cmake --install /home/autopilot/ws/restackcell/build/moveit_backend
[86.668s] Level 1:colcon.colcon_core.environment:create_environment_scripts_only(moveit_backend)
[86.668s] Level 1:colcon.colcon_core.environment:checking '/home/autopilot/ws/restackcell/install/moveit_backend' for CMake module files
[86.669s] Level 1:colcon.colcon_core.environment:checking '/home/autopilot/ws/restackcell/install/moveit_backend' for CMake config files
[86.672s] Level 1:colcon.colcon_core.shell:create_environment_hook('moveit_backend', 'cmake_prefix_path')
[86.672s] INFO:colcon.colcon_core.shell:Creating environment hook '/home/autopilot/ws/restackcell/install/moveit_backend/share/moveit_backend/hook/cmake_prefix_path.ps1'
[86.673s] INFO:colcon.colcon_core.shell:Creating environment descriptor '/home/autopilot/ws/restackcell/install/moveit_backend/share/moveit_backend/hook/cmake_prefix_path.dsv'
[86.674s] INFO:colcon.colcon_core.shell:Creating environment hook '/home/autopilot/ws/restackcell/install/moveit_backend/share/moveit_backend/hook/cmake_prefix_path.sh'
[86.675s] Level 1:colcon.colcon_core.environment:checking '/home/autopilot/ws/restackcell/install/moveit_backend/lib'
[86.676s] Level 1:colcon.colcon_core.environment:checking '/home/autopilot/ws/restackcell/install/moveit_backend/bin'
[86.676s] Level 1:colcon.colcon_core.environment:checking '/home/autopilot/ws/restackcell/install/moveit_backend/lib/pkgconfig/moveit_backend.pc'
[86.676s] Level 1:colcon.colcon_core.environment:checking '/home/autopilot/ws/restackcell/install/moveit_backend/lib/python3.10/site-packages'
[86.677s] Level 1:colcon.colcon_core.environment:checking '/home/autopilot/ws/restackcell/install/moveit_backend/bin'
[86.677s] INFO:colcon.colcon_core.shell:Creating package script '/home/autopilot/ws/restackcell/install/moveit_backend/share/moveit_backend/package.ps1'
[86.679s] INFO:colcon.colcon_core.shell:Creating package descriptor '/home/autopilot/ws/restackcell/install/moveit_backend/share/moveit_backend/package.dsv'
[86.679s] INFO:colcon.colcon_core.shell:Creating package script '/home/autopilot/ws/restackcell/install/moveit_backend/share/moveit_backend/package.sh'
[86.680s] INFO:colcon.colcon_core.shell:Creating package script '/home/autopilot/ws/restackcell/install/moveit_backend/share/moveit_backend/package.bash'
[86.681s] INFO:colcon.colcon_core.shell:Creating package script '/home/autopilot/ws/restackcell/install/moveit_backend/share/moveit_backend/package.zsh'
[86.682s] Level 1:colcon.colcon_core.environment:create_file_with_runtime_dependencies(/home/autopilot/ws/restackcell/install/moveit_backend/share/colcon-core/packages/moveit_backend)
[86.750s] DEBUG:colcon.colcon_core.event_handler.log_command:Invoked command in '/home/autopilot/ws/restackcell/build/moveit_backend' returned '0': CMAKE_PREFIX_PATH=/opt/ros/humble:/home/autopilot/ws/restackcell/install/wzlscheduler_interfaces LD_LIBRARY_PATH=/home/autopilot/ws/restackcell/install/wzlscheduler_interfaces/lib:${LD_LIBRARY_PATH} PKG_CONFIG_PATH=/home/autopilot/ws/restackcell/install/wzlscheduler_interfaces/lib/aarch64-linux-gnu/pkgconfig:/home/autopilot/ws/restackcell/install/wzlscheduler_interfaces/lib/pkgconfig PYTHONPATH=/home/autopilot/ws/restackcell/install/wzlscheduler_interfaces/local/lib/python3.10/dist-packages:${PYTHONPATH} ROS_PACKAGE_PATH=/home/autopilot/ws/restackcell/install/wzlscheduler_interfaces/share /usr/bin/cmake --install /home/autopilot/ws/restackcell/build/moveit_backend
[86.789s] Level 1:colcon.colcon_core.environment:create_environment_scripts_only(moveit_backend)
[86.790s] Level 1:colcon.colcon_core.environment:checking '/home/autopilot/ws/restackcell/install/moveit_backend' for CMake module files
[86.791s] Level 1:colcon.colcon_core.environment:checking '/home/autopilot/ws/restackcell/install/moveit_backend' for CMake config files
[86.793s] Level 1:colcon.colcon_core.shell:create_environment_hook('moveit_backend', 'cmake_prefix_path')
[86.793s] INFO:colcon.colcon_core.shell:Creating environment hook '/home/autopilot/ws/restackcell/install/moveit_backend/share/moveit_backend/hook/cmake_prefix_path.ps1'
[86.795s] INFO:colcon.colcon_core.shell:Creating environment descriptor '/home/autopilot/ws/restackcell/install/moveit_backend/share/moveit_backend/hook/cmake_prefix_path.dsv'
[86.796s] INFO:colcon.colcon_core.shell:Creating environment hook '/home/autopilot/ws/restackcell/install/moveit_backend/share/moveit_backend/hook/cmake_prefix_path.sh'
[86.797s] Level 1:colcon.colcon_core.environment:checking '/home/autopilot/ws/restackcell/install/moveit_backend/lib'
[86.798s] Level 1:colcon.colcon_core.environment:checking '/home/autopilot/ws/restackcell/install/moveit_backend/bin'
[86.798s] Level 1:colcon.colcon_core.environment:checking '/home/autopilot/ws/restackcell/install/moveit_backend/lib/pkgconfig/moveit_backend.pc'
[86.803s] Level 1:colcon.colcon_core.environment:checking '/home/autopilot/ws/restackcell/install/moveit_backend/lib/python3.10/site-packages'
[86.803s] Level 1:colcon.colcon_core.environment:checking '/home/autopilot/ws/restackcell/install/moveit_backend/bin'
[86.804s] INFO:colcon.colcon_core.shell:Creating package script '/home/autopilot/ws/restackcell/install/moveit_backend/share/moveit_backend/package.ps1'
[86.805s] INFO:colcon.colcon_core.shell:Creating package descriptor '/home/autopilot/ws/restackcell/install/moveit_backend/share/moveit_backend/package.dsv'
[86.807s] INFO:colcon.colcon_core.shell:Creating package script '/home/autopilot/ws/restackcell/install/moveit_backend/share/moveit_backend/package.sh'
[86.807s] INFO:colcon.colcon_core.shell:Creating package script '/home/autopilot/ws/restackcell/install/moveit_backend/share/moveit_backend/package.bash'
[86.808s] INFO:colcon.colcon_core.shell:Creating package script '/home/autopilot/ws/restackcell/install/moveit_backend/share/moveit_backend/package.zsh'
[86.809s] Level 1:colcon.colcon_core.environment:create_file_with_runtime_dependencies(/home/autopilot/ws/restackcell/install/moveit_backend/share/colcon-core/packages/moveit_backend)
[86.818s] DEBUG:colcon.colcon_parallel_executor.executor.parallel:closing loop
[86.819s] DEBUG:colcon.colcon_parallel_executor.executor.parallel:loop closed
[86.819s] DEBUG:colcon.colcon_parallel_executor.executor.parallel:run_until_complete finished with '0'
[86.822s] DEBUG:colcon.colcon_core.event_reactor:joining thread
[86.875s] INFO:colcon.colcon_core.plugin_system:Skipping extension 'colcon_notification.desktop_notification.terminal_notifier': Not used on non-Darwin systems
[86.876s] INFO:colcon.colcon_core.plugin_system:Skipping extension 'colcon_notification.desktop_notification.win32': Not used on non-Windows systems
[86.876s] INFO:colcon.colcon_notification.desktop_notification:Sending desktop notification using 'notify2'
[86.936s] DEBUG:colcon.colcon_core.event_reactor:joined thread
[86.937s] INFO:colcon.colcon_core.shell:Creating prefix script '/home/autopilot/ws/restackcell/install/local_setup.ps1'
[86.939s] INFO:colcon.colcon_core.shell:Creating prefix util module '/home/autopilot/ws/restackcell/install/_local_setup_util_ps1.py'
[86.942s] INFO:colcon.colcon_core.shell:Creating prefix chain script '/home/autopilot/ws/restackcell/install/setup.ps1'
[86.944s] INFO:colcon.colcon_core.shell:Creating prefix script '/home/autopilot/ws/restackcell/install/local_setup.sh'
[86.946s] INFO:colcon.colcon_core.shell:Creating prefix util module '/home/autopilot/ws/restackcell/install/_local_setup_util_sh.py'
[86.955s] INFO:colcon.colcon_core.shell:Creating prefix chain script '/home/autopilot/ws/restackcell/install/setup.sh'
[86.958s] INFO:colcon.colcon_core.shell:Creating prefix script '/home/autopilot/ws/restackcell/install/local_setup.bash'
[86.959s] INFO:colcon.colcon_core.shell:Creating prefix chain script '/home/autopilot/ws/restackcell/install/setup.bash'
[86.967s] INFO:colcon.colcon_core.shell:Creating prefix script '/home/autopilot/ws/restackcell/install/local_setup.zsh'
[86.969s] INFO:colcon.colcon_core.shell:Creating prefix chain script '/home/autopilot/ws/restackcell/install/setup.zsh'
